# Wavefront .OBJ file for tesselated shape: Part2_dyno-1 path: C:\Users\Jamiul\OneDrive - UW-Madison\Design\chronoMotor\Part2_dyno.SLDPRT

g body_1
v 0.000000 0.000000 2.000000
v 18.425524 1.658327 2.000000
v 17.833313 4.921682 2.000000
v 16.667924 8.026849 2.000000
v 14.966814 10.874027 2.000000
v 12.784659 13.371705 2.000000
v 10.191594 15.439605 2.000000
v 7.270963 17.011264 2.000000
v 4.116637 18.036166 2.000000
v 0.829999 18.481372 2.000000
v -2.483315 18.332571 2.000000
v -5.716814 17.594546 2.000000
v -8.766570 16.291017 2.000000
v -11.534561 14.463882 2.000000
v -13.931822 12.171866 2.000000
v -15.881303 9.488637 2.000000
v -17.320345 6.500434 2.000000
v -18.202697 3.303303 2.000000
v -18.500000 0.000000 2.000000
v -18.202697 -3.303303 2.000000
v -17.320345 -6.500434 2.000000
v -15.881303 -9.488637 2.000000
v -13.931822 -12.171866 2.000000
v -11.534561 -14.463882 2.000000
v -8.766570 -16.291017 2.000000
v -5.716814 -17.594546 2.000000
v -2.483315 -18.332571 2.000000
v 0.829999 -18.481372 2.000000
v 4.116637 -18.036166 2.000000
v 7.270963 -17.011264 2.000000
v 10.191594 -15.439605 2.000000
v 12.784659 -13.371705 2.000000
v 14.966814 -10.874027 2.000000
v 16.667924 -8.026849 2.000000
v 17.833313 -4.921682 2.000000
v 18.425524 -1.658327 2.000000
v 18.500000 0.000000 2.000000
v -18.202697 -3.303303 2.000000
v -18.500000 0.000000 2.000000
v -18.500000 0.000000 48.000000
v -17.320345 -6.500434 2.000000
v -18.202697 -3.303303 48.000000
v -15.881303 -9.488637 2.000000
v -17.320345 -6.500434 48.000000
v -13.931822 -12.171866 2.000000
v -15.881303 -9.488637 48.000000
v -11.534561 -14.463882 2.000000
v -13.931822 -12.171866 48.000000
v -8.766570 -16.291017 2.000000
v -11.534561 -14.463882 48.000000
v -5.716814 -17.594546 2.000000
v -8.766570 -16.291017 48.000000
v -2.483315 -18.332571 2.000000
v -5.716814 -17.594546 48.000000
v 0.829999 -18.481372 2.000000
v -2.483315 -18.332571 48.000000
v 4.116637 -18.036166 2.000000
v 0.829999 -18.481372 48.000000
v 7.270963 -17.011264 2.000000
v 4.116637 -18.036166 48.000000
v 10.191594 -15.439605 2.000000
v 7.270963 -17.011264 48.000000
v 12.784659 -13.371705 2.000000
v 10.191594 -15.439605 48.000000
v 14.966814 -10.874027 2.000000
v 12.784659 -13.371705 48.000000
v 16.667924 -8.026849 2.000000
v 14.966814 -10.874027 48.000000
v 17.833313 -4.921682 2.000000
v 16.667924 -8.026849 48.000000
v 18.425524 -1.658327 2.000000
v 17.833313 -4.921682 48.000000
v 18.425524 1.658327 48.000000
v 18.425524 1.658327 2.000000
v 18.500000 0.000000 2.000000
v 18.425524 -1.658327 48.000000
v 18.500000 0.000000 48.000000
v 17.833313 4.921682 2.000000
v 16.667924 8.026849 2.000000
v 17.833313 4.921682 48.000000
v 14.966814 10.874027 2.000000
v 16.667924 8.026849 48.000000
v 12.784659 13.371705 2.000000
v 14.966814 10.874027 48.000000
v 10.191594 15.439605 2.000000
v 12.784659 13.371705 48.000000
v 7.270963 17.011264 2.000000
v 10.191594 15.439605 48.000000
v 4.116637 18.036166 2.000000
v 7.270963 17.011264 48.000000
v 0.829999 18.481372 2.000000
v 4.116637 18.036166 48.000000
v -2.483315 18.332571 2.000000
v 0.829999 18.481372 48.000000
v -5.716814 17.594546 2.000000
v -2.483315 18.332571 48.000000
v -8.766570 16.291017 2.000000
v -5.716814 17.594546 48.000000
v -8.766570 16.291017 48.000000
v -9.967351 15.585311 18.924511
v -9.957848 15.591385 18.639735
v -11.534561 14.463882 48.000000
v -10.179965 15.447275 18.817411
v -10.073895 15.516657 18.870982
v -9.966722 15.585713 18.616051
v -11.534561 14.463882 2.000000
v -9.975152 15.580319 18.604908
v -9.984136 15.574564 18.599146
v -9.994196 15.568110 18.597372
v -10.024776 15.548436 18.609506
v -13.931822 12.171866 2.000000
v -15.881303 9.488637 2.000000
v -13.931822 12.171866 48.000000
v -17.320345 6.500434 2.000000
v -15.881303 9.488637 48.000000
v -18.202697 3.303303 2.000000
v -17.320345 6.500434 48.000000
v -18.202697 3.303303 48.000000
v -10.066552 15.505744 18.870450
v -10.179965 15.447275 18.817411
v -10.024776 15.548436 18.609506
v -9.994196 15.568110 18.597372
v -9.984136 15.574564 18.599146
v -9.966722 15.585713 18.616051
v -9.957848 15.591385 18.639735
v -9.975152 15.580319 18.604908
v -9.967351 15.585311 18.924511
v -10.066552 15.505744 18.870450
v -9.967351 15.585311 18.924511
v -10.073895 15.516657 18.870982
v -10.179965 15.447275 18.817411
v 7.270963 17.011264 48.000000
v 2.250000 3.897114 48.000000
v 0.781417 4.431635 48.000000
v 12.784659 13.371705 48.000000
v 3.447200 2.892544 48.000000
v 18.425524 -1.658327 48.000000
v 17.833313 -4.921682 48.000000
v 4.228617 -1.539091 48.000000
v 16.667924 -8.026849 48.000000
v 14.966814 -10.874027 48.000000
v 3.447200 -2.892544 48.000000
v -15.881303 9.488637 48.000000
v -3.447200 2.892544 48.000000
v -4.228617 1.539091 48.000000
v -11.534561 14.463882 48.000000
v -2.250000 3.897114 48.000000
v 4.116637 18.036166 48.000000
v 10.191594 15.439605 48.000000
v 16.667924 8.026849 48.000000
v 4.228617 1.539091 48.000000
v 18.425524 1.658327 48.000000
v 4.500000 0.000000 48.000000
v 18.500000 0.000000 48.000000
v -5.716814 -17.594546 48.000000
v -8.766570 -16.291017 48.000000
v -2.250000 -3.897114 48.000000
v -11.534561 -14.463882 48.000000
v -13.931822 -12.171866 48.000000
v -3.447200 -2.892544 48.000000
v -18.202697 3.303303 48.000000
v -4.500000 0.000000 48.000000
v -17.320345 6.500434 48.000000
v -13.931822 12.171866 48.000000
v -5.716814 17.594546 48.000000
v -0.781417 4.431635 48.000000
v 0.829999 18.481372 48.000000
v 14.966814 10.874027 48.000000
v 17.833313 4.921682 48.000000
v 12.784659 -13.371705 48.000000
v 10.191594 -15.439605 48.000000
v 2.250000 -3.897114 48.000000
v 7.270963 -17.011264 48.000000
v 4.116637 -18.036166 48.000000
v 0.781417 -4.431635 48.000000
v -0.781417 -4.431635 48.000000
v -2.483315 -18.332571 48.000000
v -15.881303 -9.488637 48.000000
v -17.320345 -6.500434 48.000000
v -4.228617 -1.539091 48.000000
v -18.500000 0.000000 48.000000
v -8.766570 16.291017 48.000000
v -2.483315 18.332571 48.000000
v 0.829999 -18.481372 48.000000
v -18.202697 -3.303303 48.000000
v -4.228617 -1.539091 48.000000
v -4.500000 0.000000 48.000000
v -4.500000 0.000000 53.000000
v -3.447200 -2.892544 48.000000
v -4.228617 -1.539091 53.000000
v -2.250000 -3.897114 48.000000
v -3.447200 -2.892544 53.000000
v -0.781417 -4.431635 48.000000
v -2.250000 -3.897114 53.000000
v 0.781417 -4.431635 48.000000
v -0.781417 -4.431635 53.000000
v 2.250000 -3.897114 48.000000
v 0.781417 -4.431635 53.000000
v 3.447200 -2.892544 48.000000
v 2.250000 -3.897114 53.000000
v 4.228617 -1.539091 48.000000
v 3.447200 -2.892544 53.000000
v 4.500000 0.000000 48.000000
v 4.228617 -1.539091 53.000000
v 4.228617 1.539091 48.000000
v 4.500000 0.000000 53.000000
v 3.447200 2.892544 48.000000
v 4.228617 1.539091 53.000000
v 2.250000 3.897114 48.000000
v 3.447200 2.892544 53.000000
v 0.781417 4.431635 48.000000
v 2.250000 3.897114 53.000000
v -0.781417 4.431635 48.000000
v 0.781417 4.431635 53.000000
v -2.250000 3.897114 48.000000
v -0.781417 4.431635 53.000000
v -3.447200 2.892544 48.000000
v -2.250000 3.897114 53.000000
v -4.228617 1.539091 48.000000
v -3.447200 2.892544 53.000000
v -4.228617 1.539091 53.000000
v 2.250000 3.897114 53.000000
v 3.447200 2.892544 53.000000
v 3.140788 2.863206 53.000000
v 4.228617 1.539091 53.000000
v 3.963007 1.535277 53.000000
v 4.500000 0.000000 53.000000
v 4.250000 0.000000 53.000000
v 4.228617 -1.539091 53.000000
v 3.963007 -1.535277 53.000000
v 3.447200 -2.892544 53.000000
v 3.140788 -2.863206 53.000000
v 2.250000 -3.897114 53.000000
v 1.894388 -3.804444 53.000000
v 0.781417 -4.431635 53.000000
v 0.392141 -4.231870 53.000000
v -0.781417 -4.431635 53.000000
v -1.163068 -4.087759 53.000000
v -2.250000 -3.897114 53.000000
v -2.561197 -3.391573 53.000000
v -4.228617 1.539091 53.000000
v -3.447200 2.892544 53.000000
v -3.613423 2.237337 53.000000
v -2.250000 3.897114 53.000000
v -2.561197 3.391573 53.000000
v -3.447200 -2.892544 53.000000
v -3.613423 -2.237337 53.000000
v -4.228617 -1.539091 53.000000
v -4.177636 -0.780935 53.000000
v -0.781417 4.431635 53.000000
v -1.163068 4.087759 53.000000
v 0.781417 4.431635 53.000000
v 0.392141 4.231870 53.000000
v 1.894388 3.804444 53.000000
v -4.500000 0.000000 53.000000
v -4.177636 0.780935 53.000000
v 3.963007 -1.535277 55.000000
v 4.250000 0.000000 55.000000
v 4.250000 0.000000 53.000000
v 3.140788 -2.863206 55.000000
v 3.963007 -1.535277 53.000000
v 1.894388 -3.804444 55.000000
v 3.140788 -2.863206 53.000000
v 0.392141 -4.231870 55.000000
v 1.894388 -3.804444 53.000000
v -1.163068 -4.087759 55.000000
v 0.392141 -4.231870 53.000000
v -2.561197 -3.391573 55.000000
v -1.163068 -4.087759 53.000000
v -3.613423 -2.237337 55.000000
v -2.561197 -3.391573 53.000000
v -4.177636 -0.780935 55.000000
v -3.613423 -2.237337 53.000000
v -4.177636 0.780935 55.000000
v -4.177636 -0.780935 53.000000
v -3.613423 2.237337 55.000000
v -4.177636 0.780935 53.000000
v -2.561197 3.391573 55.000000
v -3.613423 2.237337 53.000000
v -1.163068 4.087759 55.000000
v -2.561197 3.391573 53.000000
v 0.392141 4.231870 55.000000
v -1.163068 4.087759 53.000000
v 1.894388 3.804444 55.000000
v 0.392141 4.231870 53.000000
v 3.140788 2.863206 55.000000
v 1.894388 3.804444 53.000000
v 3.963007 1.535277 55.000000
v 3.140788 2.863206 53.000000
v 3.963007 1.535277 53.000000
v -0.485746 6.481825 55.000000
v -2.374717 6.050679 55.000000
v -1.163068 4.087759 55.000000
v -6.500000 0.000000 55.000000
v -4.177636 -0.780935 55.000000
v -4.177636 0.780935 55.000000
v 1.446386 6.337031 55.000000
v 0.392141 4.231870 55.000000
v 1.894388 3.804444 55.000000
v -6.211223 1.915909 55.000000
v -3.613423 2.237337 55.000000
v -4.052684 5.081905 55.000000
v -2.561197 3.391573 55.000000
v -5.370552 3.661580 55.000000
v -6.211223 -1.915909 55.000000
v -5.370552 -3.661580 55.000000
v -3.613423 -2.237337 55.000000
v -4.052684 -5.081905 55.000000
v -2.561197 -3.391573 55.000000
v -0.485746 -6.481825 55.000000
v 0.392141 -4.231870 55.000000
v -1.163068 -4.087759 55.000000
v -2.374717 -6.050679 55.000000
v 1.446386 -6.337031 55.000000
v 3.250000 -5.629165 55.000000
v 1.894388 -3.804444 55.000000
v 4.764837 -4.421123 55.000000
v 3.140788 -2.863206 55.000000
v 6.427400 0.968775 55.000000
v 5.856298 2.820244 55.000000
v 3.963007 1.535277 55.000000
v 4.764837 4.421123 55.000000
v 3.140788 2.863206 55.000000
v 3.250000 5.629165 55.000000
v 5.856298 -2.820244 55.000000
v 3.963007 -1.535277 55.000000
v 6.427400 -0.968775 55.000000
v 4.250000 0.000000 55.000000
v 6.500000 0.000000 55.000000
v -6.500000 0.000000 50.000000
v -6.500000 0.000000 55.000000
v -6.211223 1.915909 55.000000
v -6.211223 1.915909 50.000000
v -5.370552 3.661580 55.000000
v -5.370552 3.661580 50.000000
v -4.052684 5.081905 55.000000
v -4.052684 5.081905 50.000000
v -2.374717 6.050679 55.000000
v -2.374717 6.050679 50.000000
v -0.485746 6.481825 55.000000
v -0.485746 6.481825 50.000000
v 1.446386 6.337031 55.000000
v 1.446386 6.337031 50.000000
v 3.250000 5.629165 55.000000
v 3.250000 5.629165 50.000000
v 4.764837 4.421123 55.000000
v 4.764837 4.421123 50.000000
v 5.856298 2.820244 55.000000
v 5.856298 2.820244 50.000000
v 6.427400 0.968775 55.000000
v 6.427400 -0.968775 55.000000
v 6.427400 -0.968775 50.000000
v 6.500000 0.000000 50.000000
v 6.427400 0.968775 50.000000
v 6.500000 0.000000 55.000000
v 5.856298 -2.820244 55.000000
v 5.856298 -2.820244 50.000000
v 4.764837 -4.421123 55.000000
v 4.764837 -4.421123 50.000000
v 3.250000 -5.629165 55.000000
v 3.250000 -5.629165 50.000000
v 1.446386 -6.337031 55.000000
v 1.446386 -6.337031 50.000000
v -0.485746 -6.481825 55.000000
v -0.485746 -6.481825 50.000000
v -2.374717 -6.050679 55.000000
v -2.374717 -6.050679 50.000000
v -4.052684 -5.081905 55.000000
v -4.052684 -5.081905 50.000000
v -5.370552 -3.661580 55.000000
v -5.370552 -3.661580 50.000000
v -6.211223 -1.915909 55.000000
v -6.211223 -1.915909 50.000000
v 16.984448 11.479483 50.000000
v 14.800100 14.184747 50.000000
v 4.764837 4.421123 50.000000
v 12.189980 16.481941 50.000000
v 3.250000 5.629165 50.000000
v 5.856298 2.820244 50.000000
v 18.680184 8.443976 50.000000
v 9.229177 18.304980 50.000000
v 6.002867 19.601418 50.000000
v 1.446386 6.337031 50.000000
v 2.603865 20.333959 50.000000
v -0.870045 20.481529 50.000000
v -0.485746 6.481825 50.000000
v 20.426149 1.738521 50.000000
v 19.838525 5.165550 50.000000
v 6.427400 0.968775 50.000000
v -4.318925 20.039882 50.000000
v -7.643558 19.021725 50.000000
v -2.374717 6.050679 50.000000
v -4.318925 -20.039882 50.000000
v -0.485746 -6.481825 50.000000
v -2.374717 -6.050679 50.000000
v 2.603865 -20.333959 50.000000
v 1.446386 -6.337031 50.000000
v 6.500000 0.000000 50.000000
v 20.500000 0.000000 50.000000
v -10.748299 17.456347 50.000000
v -4.052684 5.081905 50.000000
v -17.896789 9.997746 50.000000
v -19.328988 6.829366 50.000000
v -6.211223 1.915909 50.000000
v -20.205126 3.464517 50.000000
v -20.500000 0.000000 50.000000
v -6.500000 0.000000 50.000000
v -20.205126 -3.464517 50.000000
v -6.211223 -1.915909 50.000000
v -17.896789 -9.997746 50.000000
v -5.370552 -3.661580 50.000000
v -7.643558 -19.021725 50.000000
v -0.870045 -20.481529 50.000000
v -15.949733 12.878510 50.000000
v -5.370552 3.661580 50.000000
v -19.328988 -6.829366 50.000000
v 6.002867 -19.601418 50.000000
v 9.229177 -18.304980 50.000000
v 3.250000 -5.629165 50.000000
v 12.189980 -16.481941 50.000000
v 14.800100 -14.184747 50.000000
v 4.764837 -4.421123 50.000000
v -13.543832 15.388782 50.000000
v -15.949733 -12.878510 50.000000
v -10.748299 -17.456347 50.000000
v 16.984448 -11.479483 50.000000
v 5.856298 -2.820244 50.000000
v 20.426149 -1.738521 50.000000
v 6.427400 -0.968775 50.000000
v -13.543832 -15.388782 50.000000
v -4.052684 -5.081905 50.000000
v 19.838525 -5.165550 50.000000
v 18.680184 -8.443976 50.000000
v -20.500000 0.000000 -0.500000
v -20.500000 0.000000 50.000000
v -20.205126 3.464517 50.000000
v -20.205126 3.464517 -0.500000
v -19.328988 6.829366 50.000000
v -19.328988 6.829366 -0.500000
v -17.896789 9.997746 50.000000
v -17.896789 9.997746 -0.500000
v -15.949733 12.878510 50.000000
v -15.949733 12.878510 -0.500000
v -13.543832 15.388782 50.000000
v -13.543832 15.388782 -0.500000
v -10.748299 17.456347 50.000000
v 12.189980 16.481941 -0.500000
v 12.189980 16.481941 50.000000
v 14.800100 14.184747 50.000000
v 14.800100 14.184747 -0.500000
v 16.984448 11.479483 50.000000
v 16.984448 11.479483 -0.500000
v 18.680184 8.443976 50.000000
v 18.680184 8.443976 -0.500000
v 19.838525 5.165550 50.000000
v 19.838525 5.165550 -0.500000
v 20.426149 1.738521 50.000000
v 20.500000 0.000000 50.000000
v 20.426149 -1.738521 50.000000
v 20.426149 -1.738521 -0.500000
v 20.500000 0.000000 -0.500000
v 20.426149 1.738521 -0.500000
v 19.838525 -5.165550 50.000000
v 19.838525 -5.165550 -0.500000
v 18.680184 -8.443976 50.000000
v 18.680184 -8.443976 -0.500000
v 16.984448 -11.479483 50.000000
v 16.984448 -11.479483 -0.500000
v 14.800100 -14.184747 50.000000
v 14.800100 -14.184747 -0.500000
v 12.189980 -16.481941 50.000000
v 12.189980 -16.481941 -0.500000
v 9.229177 -18.304980 50.000000
v 9.229177 -18.304980 -0.500000
v 6.002867 -19.601418 50.000000
v 6.002867 -19.601418 -0.500000
v 2.603865 -20.333959 50.000000
v 2.603865 -20.333959 -0.500000
v -0.870045 -20.481529 50.000000
v -0.870045 -20.481529 -0.500000
v -4.318925 -20.039882 50.000000
v -4.318925 -20.039882 -0.500000
v -7.643558 -19.021725 50.000000
v -7.643558 -19.021725 -0.500000
v -10.748299 -17.456347 50.000000
v -10.748299 -17.456347 -0.500000
v -13.543832 -15.388782 50.000000
v -13.543832 -15.388782 -0.500000
v -15.949733 -12.878510 50.000000
v -15.949733 -12.878510 -0.500000
v -17.896789 -9.997746 50.000000
v -17.896789 -9.997746 -0.500000
v -19.328988 -6.829366 50.000000
v -19.328988 -6.829366 -0.500000
v -20.205126 -3.464517 50.000000
v -20.205126 -3.464517 -0.500000
v 2.603865 20.333959 2.000000
v 2.603865 20.333959 50.000000
v 6.002867 19.601418 50.000000
v -0.870045 20.481529 2.000000
v -0.870045 20.481529 50.000000
v -4.318925 20.039882 2.000000
v -4.318925 20.039882 50.000000
v -7.526125 19.068493 9.238175
v -7.636678 19.024488 9.591011
v -7.311301 19.151890 8.497506
v -6.748884 19.357235 6.047569
v -6.893656 19.306152 6.776936
v -6.474992 19.450565 4.263267
v -6.395913 19.476712 3.516391
v -6.312168 19.504013 2.000000
v -7.643558 19.021725 -0.500000
v -10.748299 17.456347 -0.500000
v -10.000000 17.895530 0.000000
v -10.000000 17.895530 2.000000
v -8.273121 18.756478 6.604266
v -7.720868 18.990476 3.720375
v -8.537827 18.637476 8.062572
v -8.874131 18.479713 10.045776
v -8.964614 18.435989 10.650129
v -9.078669 18.380092 12.258462
v -9.090026 18.374478 11.809432
v -7.643558 19.021725 2.000000
v -9.047659 18.395376 12.366670
v -9.005510 18.416047 12.417563
v -9.024462 18.406768 12.402115
v -8.983057 18.427010 12.425528
v -7.643558 19.021725 50.000000
v -8.951110 18.442550 12.423307
v -8.701075 18.561824 12.157808
v -8.780908 18.524191 12.272711
v -7.932831 18.902915 10.454642
v -8.406556 18.697054 11.607841
v -8.854565 18.489096 12.358189
v -8.921408 18.456936 12.410936
v -7.643558 19.021725 0.000000
v -4.318925 20.039882 0.000000
v -4.318925 20.039882 -0.500000
v -0.870045 20.481529 0.000000
v -0.870045 20.481529 -0.500000
v 2.603865 20.333959 0.000000
v 2.603865 20.333959 -0.500000
v 6.002867 19.601418 0.000000
v 6.002867 19.601418 -0.500000
v 9.229177 18.304980 0.000000
v 9.229177 18.304980 50.000000
v 10.000000 17.895530 2.000000
v 10.000000 17.895530 0.000000
v 9.229177 18.304980 -0.500000
v 6.002867 19.601418 2.000000
v 6.507019 19.439874 4.527999
v 6.489999 19.445563 2.257436
v 6.761026 19.352998 9.534678
v 6.608936 19.405462 7.120690
v 7.036538 19.254535 12.732033
v 6.836560 19.326444 10.511978
v 7.461044 19.094052 16.468653
v 7.906349 18.914007 19.591110
v 8.397318 18.701205 22.380158
v 8.726280 18.549987 23.835447
v 8.864479 18.484345 23.808606
v 9.002184 18.417673 23.781796
v 9.229177 18.304980 2.000000
v 7.521876 19.070170 9.279165
v 7.770880 18.970067 11.857499
v 7.288306 19.160652 6.699041
v 8.036682 18.858996 14.433707
v 8.192154 18.791983 15.876189
v 7.062277 19.245110 4.118050
v 8.444768 18.679826 18.158319
v 6.936886 19.290661 2.749299
v 8.697768 18.563373 20.440188
v 6.860732 19.317877 2.000000
v 8.893627 18.470338 22.339565
v 6.495031 19.443883 2.000000
v -7.351640 19.136442 2.000000
v 8.458213 18.970253 23.902421
v 7.886834 19.147796 20.313599
v 7.976262 18.928240 20.289780
v 7.483086 19.095420 16.703985
v 7.067983 19.252254 13.121263
v 7.393321 19.315093 16.725291
v 6.730578 19.398863 9.539114
v 6.977937 19.472036 13.140035
v 6.305846 19.647400 2.788768
v 6.640305 19.618747 9.555332
v 8.445263 19.238616 23.918282
v 7.873722 19.416209 20.328442
v 7.380072 19.583553 16.739105
v 6.964573 19.740541 13.152812
v 6.215295 19.867459 2.800138
v 6.626848 19.887293 9.567066
v 8.521065 19.484217 23.917892
v 7.949670 19.661765 20.328971
v 7.456143 19.829066 16.740562
v 7.040748 19.986014 13.155206
v 6.201725 20.136077 2.809888
v 6.703107 20.132729 9.570402
v 8.687507 19.702683 23.900707
v 8.116571 19.880087 20.314695
v 7.623439 20.047253 16.729224
v 7.208372 20.204073 13.146829
v 6.278086 20.381448 2.815015
v 6.870995 20.350668 9.565008
v 8.908266 19.841641 23.870240
v 8.338005 20.018834 20.288503
v 7.845451 20.185800 16.707352
v 7.430867 20.342433 13.129310
v 6.446299 20.599183 2.815287
v 7.093879 20.488851 9.551874
v 9.184585 19.895728 23.826005
v 8.615220 20.072642 20.249953
v 8.123436 20.239343 16.674544
v 7.709494 20.395726 13.102290
v 6.669661 20.737066 2.810484
v 7.373023 20.541910 9.530684
v 9.453405 19.844296 23.777675
v 8.884960 20.020923 20.207442
v 8.393963 20.187353 16.637911
v 7.980678 20.343480 13.071582
v 6.949440 20.789725 2.800369
v 7.644736 20.489424 9.505944
v 9.670897 19.709515 23.733832
v 9.103235 19.885897 20.168565
v 8.612911 20.052095 16.604051
v 8.200187 20.208004 13.042778
v 7.221803 20.736830 2.786965
v 7.864696 20.353744 9.482233
v 9.831150 19.503948 23.696119
v 9.264112 19.680135 20.134806
v 8.774323 19.846149 16.574286
v 8.362046 20.001884 13.017040
v 7.442318 20.600800 2.772930
v 8.026914 20.147461 9.460550
v 9.911703 19.248184 23.669404
v 9.345045 19.424252 20.110502
v 8.855582 19.590154 16.552417
v 8.443577 19.745783 12.997625
v 7.604978 20.394240 2.758950
v 8.108664 19.891261 9.443607
v 9.894406 18.966338 23.658000
v 9.327815 19.142386 20.099515
v 8.838408 19.308268 16.541851
v 8.426450 19.463879 12.987484
v 7.686997 20.137870 2.746704
v 8.091575 19.609339 9.433893
v 9.788448 18.728855 23.663932
v 9.221607 18.904980 20.103868
v 8.731986 19.070936 16.544610
v 8.319850 19.226617 12.988635
v 7.669955 19.855919 2.737802
v 7.984832 19.372142 9.433426
v 9.685141 18.605687 23.675230
v 9.118010 18.781903 20.113327
v 8.628140 18.947945 16.552210
v 8.215797 19.103706 12.994362
v 7.563035 19.618832 2.734259
v 7.880611 19.249307 9.437267
v 9.468728 18.460353 23.704634
v 8.900939 18.636774 20.138564
v 8.410505 18.803010 16.573239
v 7.997691 18.958954 13.011149
v 7.458609 19.496127 2.734516
v 7.662127 19.104727 9.449780
v 6.355666 19.575863 2.784204
v 6.489999 19.445563 2.257436
v 6.507019 19.439874 4.527999
v 6.608936 19.405462 7.120690
v 6.836560 19.326444 10.511978
v 7.036538 19.254535 12.732033
v 6.761026 19.352998 9.534678
v 7.461044 19.094052 16.468653
v 7.906349 18.914007 19.591110
v 8.397318 18.701205 22.380158
v 8.547249 18.750820 23.876113
v 9.215689 18.398922 23.744536
v 9.041907 18.409313 23.774616
v 8.893627 18.470338 22.339565
v 8.697768 18.563373 20.440188
v 8.444768 18.679826 18.158319
v 8.192154 18.791983 15.876189
v 8.036682 18.858996 14.433707
v 7.770880 18.970067 11.857499
v 7.239659 19.351840 2.738912
v 7.288306 19.160652 6.699041
v 7.062277 19.245110 4.118050
v 7.521876 19.070170 9.279165
v 6.953368 19.317010 2.000000
v 6.983472 19.291709 2.747768
v 6.936886 19.290661 2.749299
v 7.239222 19.390194 2.000000
v 7.444318 19.535878 2.000000
v 7.589570 19.741158 2.000000
v 7.658767 19.983021 2.000000
v 7.644086 20.234408 2.000000
v 7.546992 20.467071 2.000000
v 7.378254 20.654667 2.000000
v 7.156897 20.775831 2.000000
v 6.908057 20.816794 2.000000
v 6.440654 20.649686 2.000000
v 6.274633 20.460794 2.000000
v 6.180443 20.227574 2.000000
v 6.163125 20.071388 2.000000
v 6.204107 19.822500 2.000000
v 6.325146 19.601204 2.000000
v 6.495031 19.443883 2.000000
v 6.659981 20.773030 2.000000
v 6.860732 19.317877 2.000000
v 9.002184 18.417673 23.781796
v 8.726280 18.549987 23.835447
v 8.596318 18.679592 23.864143
v -8.191051 19.327759 7.925013
v -8.366372 19.146946 7.858725
v -8.785307 18.675042 10.116911
v -7.960524 19.436002 7.985989
v -8.611230 18.854343 10.190752
v -7.693294 19.456093 8.035365
v -8.382066 18.960930 10.260011
v -7.847907 19.761141 3.277680
v -7.855964 19.476308 3.226969
v -8.129765 19.066224 5.483874
v -7.744896 20.000380 3.330441
v -8.122116 19.350371 5.538513
v -7.567744 20.183980 3.381296
v -8.019753 19.588525 5.597504
v -7.335207 20.295281 3.425346
v -7.843409 19.770771 5.656126
v -7.065973 20.318420 3.457842
v -7.611758 19.880586 5.708695
v -6.807279 20.245581 3.472423
v -7.343408 19.902244 5.749685
v -6.600953 20.098866 3.468539
v -7.085435 19.828196 5.771199
v -6.460278 19.905486 3.449551
v -6.879565 19.680717 5.771699
v -8.467913 18.909942 7.793585
v -7.436235 19.380766 8.063722
v -7.764784 19.224343 3.192497
v -7.655696 19.079600 3.178685
v -7.720868 18.990476 3.720375
v -8.273121 18.756478 6.604266
v -8.537827 18.637476 8.062572
v -8.874131 18.479713 10.045776
v -8.964614 18.435989 10.650129
v -9.090026 18.374478 11.809432
v -9.005311 18.424237 12.334711
v -8.921408 18.456936 12.410936
v -8.854565 18.489096 12.358189
v -9.078669 18.380092 12.258462
v -9.005510 18.416047 12.417563
v -8.983057 18.427010 12.425528
v -9.024462 18.406768 12.402115
v -9.047659 18.395376 12.366670
v -8.951110 18.442550 12.423307
v -8.701075 18.561824 12.157808
v -8.406556 18.697054 11.607841
v -8.780908 18.524191 12.272711
v -8.116196 18.979367 10.317647
v -7.636678 19.024488 9.591011
v -7.932831 18.902915 10.454642
v -7.526125 19.068493 9.238175
v -7.311301 19.151890 8.497506
v -7.230943 19.232478 8.068549
v -6.893656 19.306152 6.776936
v -6.474992 19.450565 4.263267
v -6.739075 19.487026 5.754493
v -6.748884 19.357235 6.047569
v -6.312168 19.504013 2.000000
v -6.247005 19.768517 2.000000
v -6.381571 19.506183 3.387970
v -6.274372 20.026811 2.000000
v -6.383557 19.650224 3.412974
v -6.385688 20.258858 2.000000
v -6.565687 20.437095 2.000000
v -6.791473 20.543026 2.000000
v -6.927589 20.567029 2.000000
v -7.037555 20.567724 2.000000
v -7.278653 20.510009 2.000000
v -7.490255 20.375166 2.000000
v -7.648989 20.175443 2.000000
v -7.734739 19.931314 2.000000
v -7.744966 19.763428 2.000000
v -7.690317 19.514388 2.000000
v -7.555919 19.297567 2.000000
v -7.359084 19.140474 2.000000
v -7.351640 19.136442 2.000000
v -6.395913 19.476712 3.516391
v 9.453405 19.844296 23.777675
v 9.184585 19.895728 23.826005
v 8.908266 19.841641 23.870240
v 8.687507 19.702683 23.900707
v 9.831150 19.503948 23.696119
v 9.788448 18.728855 23.663932
v 9.894406 18.966338 23.658000
v 9.215689 18.398922 23.744536
v 9.468728 18.460353 23.704634
v 8.521065 19.484217 23.917892
v 9.911703 19.248184 23.669404
v 9.041907 18.409313 23.774616
v 8.445263 19.238616 23.918282
v 9.670897 19.709515 23.733832
v 9.685141 18.605687 23.675230
v 8.458213 18.970253 23.902421
v 8.864479 18.484345 23.808606
v 9.002184 18.417673 23.781796
v 8.596318 18.679592 23.864143
v 8.726280 18.549987 23.835447
v 8.547249 18.750820 23.876113
v -10.000000 17.895530 0.000000
v -10.000000 17.895530 2.000000
v -10.000000 21.895530 2.000000
v -10.000000 21.895530 0.000000
v -10.000000 21.895530 0.000000
v -10.000000 21.895530 2.000000
v -7.805698 23.524214 2.000000
v -7.805698 23.524214 0.000000
v -5.352331 24.727776 2.000000
v -5.352331 24.727776 0.000000
v -2.721325 25.466271 2.000000
v -2.721325 25.466271 0.000000
v 0.000000 25.715190 2.000000
v 0.000000 25.715190 0.000000
v 2.721325 25.466271 2.000000
v 2.721325 25.466271 0.000000
v 5.352331 24.727776 2.000000
v 5.352331 24.727776 0.000000
v 7.805698 23.524214 2.000000
v 7.805698 23.524214 0.000000
v 10.000000 21.895530 2.000000
v 10.000000 21.895530 0.000000
v 10.000000 17.895530 0.000000
v 10.000000 21.895530 0.000000
v 10.000000 21.895530 2.000000
v 10.000000 17.895530 2.000000
v 6.180443 20.227574 2.000000
v 6.274633 20.460794 2.000000
v 0.581517 22.294019 2.000000
v 0.466799 22.071321 2.000000
v 2.603865 20.333959 2.000000
v 10.000000 21.895530 2.000000
v 7.644086 20.234408 2.000000
v 7.658767 19.983021 2.000000
v 6.163125 20.071388 2.000000
v 10.000000 17.895530 2.000000
v 6.204107 19.822500 2.000000
v 2.721325 25.466271 2.000000
v 0.000000 25.715190 2.000000
v 0.103909 23.236435 2.000000
v -6.385688 20.258858 2.000000
v -6.274372 20.026811 2.000000
v -0.805256 22.187815 2.000000
v 7.589570 19.741158 2.000000
v 7.444318 19.535878 2.000000
v 9.229177 18.304980 2.000000
v 7.546992 20.467071 2.000000
v 0.616332 22.542449 2.000000
v 6.002867 19.601418 2.000000
v 0.006952 23.262411 2.000000
v -0.880110 22.428800 2.000000
v -7.805698 23.524214 2.000000
v -7.037555 20.567724 2.000000
v -6.927589 20.567029 2.000000
v 6.495031 19.443883 2.000000
v 6.325146 19.601204 2.000000
v 7.805698 23.524214 2.000000
v 5.352331 24.727776 2.000000
v -0.153267 23.276576 2.000000
v -0.654409 21.983994 2.000000
v -5.352331 24.727776 2.000000
v 7.378254 20.654667 2.000000
v 0.567146 22.789487 2.000000
v 0.244616 23.171747 2.000000
v -0.871449 22.679793 2.000000
v -6.565687 20.437095 2.000000
v -2.721325 25.466271 2.000000
v -7.278653 20.510009 2.000000
v -10.000000 21.895530 2.000000
v -7.490255 20.375166 2.000000
v -10.000000 17.895530 2.000000
v -7.744966 19.763428 2.000000
v 6.440654 20.649686 2.000000
v 0.438662 23.007628 2.000000
v -0.400223 23.229774 2.000000
v -0.780727 22.913282 2.000000
v -0.444073 21.841083 2.000000
v -6.791473 20.543026 2.000000
v -7.648989 20.175443 2.000000
v -7.690317 19.514388 2.000000
v -6.247005 19.768517 2.000000
v -4.318925 20.039882 2.000000
v 7.156897 20.775831 2.000000
v 6.659981 20.773030 2.000000
v 6.908057 20.816794 2.000000
v -7.734739 19.931314 2.000000
v 0.284460 21.898849 2.000000
v 0.054188 21.796274 2.000000
v -0.617750 23.103774 2.000000
v -0.198339 21.776025 2.000000
v -0.870045 20.481529 2.000000
v -7.555919 19.297567 2.000000
v -7.643558 19.021725 2.000000
v 7.239222 19.390194 2.000000
v -7.351640 19.136442 2.000000
v -7.359084 19.140474 2.000000
v 6.953368 19.317010 2.000000
v -6.312168 19.504013 2.000000
v 6.860732 19.317877 2.000000
v 20.500000 0.000000 -0.500000
v 15.000000 0.000000 -6.000000
v 14.945962 1.272089 -6.000000
v 20.426149 1.738521 -0.500000
v 14.515994 3.779671 -6.000000
v 19.838525 5.165550 -0.500000
v 13.668427 6.178519 -6.000000
v 18.680184 8.443976 -0.500000
v 12.427645 8.399622 -6.000000
v 16.984448 11.479483 -0.500000
v 10.829341 10.379083 -6.000000
v 14.800100 14.184747 -0.500000
v 8.919498 12.059957 -6.000000
v 12.189980 16.481941 -0.500000
v 6.753056 13.393888 -6.000000
v 9.229177 18.304980 -0.500000
v 4.392342 14.342501 -6.000000
v 6.002867 19.601418 -0.500000
v 1.905267 14.878507 -6.000000
v 2.603865 20.333959 -0.500000
v -0.636618 14.986484 -6.000000
v -0.870045 20.481529 -0.500000
v -3.160189 14.663329 -6.000000
v -4.318925 20.039882 -0.500000
v -5.592847 13.918335 -6.000000
v -7.643558 19.021725 -0.500000
v -7.864609 12.772937 -6.000000
v -10.748299 17.456347 -0.500000
v -9.910121 11.260085 -6.000000
v -13.543832 15.388782 -0.500000
v -11.670536 9.423300 -6.000000
v -15.949733 12.878510 -0.500000
v -13.095212 7.315424 -6.000000
v -17.896789 9.997746 -0.500000
v -14.143162 4.997097 -6.000000
v -19.328988 6.829366 -0.500000
v -14.784239 2.535012 -6.000000
v -20.205126 3.464517 -0.500000
v -15.000000 0.000000 -6.000000
v -20.500000 0.000000 -0.500000
v -14.784239 -2.535012 -6.000000
v -20.205126 -3.464517 -0.500000
v -14.143162 -4.997097 -6.000000
v -19.328988 -6.829366 -0.500000
v -13.095212 -7.315424 -6.000000
v -17.896789 -9.997746 -0.500000
v -11.670536 -9.423300 -6.000000
v -15.949733 -12.878510 -0.500000
v -9.910121 -11.260085 -6.000000
v -13.543832 -15.388782 -0.500000
v -7.864609 -12.772937 -6.000000
v -10.748299 -17.456347 -0.500000
v -5.592847 -13.918335 -6.000000
v -7.643558 -19.021725 -0.500000
v -3.160189 -14.663329 -6.000000
v -4.318925 -20.039882 -0.500000
v -0.636618 -14.986484 -6.000000
v -0.870045 -20.481529 -0.500000
v 1.905267 -14.878507 -6.000000
v 2.603865 -20.333959 -0.500000
v 4.392342 -14.342501 -6.000000
v 6.002867 -19.601418 -0.500000
v 6.753056 -13.393888 -6.000000
v 9.229177 -18.304980 -0.500000
v 8.919498 -12.059957 -6.000000
v 12.189980 -16.481941 -0.500000
v 10.829341 -10.379083 -6.000000
v 14.800100 -14.184747 -0.500000
v 12.427645 -8.399622 -6.000000
v 16.984448 -11.479483 -0.500000
v 13.668427 -6.178519 -6.000000
v 18.680184 -8.443976 -0.500000
v 14.515994 -3.779671 -6.000000
v 19.838525 -5.165550 -0.500000
v 14.945962 -1.272089 -6.000000
v 20.426149 -1.738521 -0.500000
v 0.000000 0.000000 -6.000000
v -14.784239 2.535012 -6.000000
v -14.143162 4.997097 -6.000000
v -13.095212 7.315424 -6.000000
v -11.670536 9.423300 -6.000000
v -9.910121 11.260085 -6.000000
v -7.864609 12.772937 -6.000000
v -5.592847 13.918335 -6.000000
v -3.160189 14.663329 -6.000000
v -0.636618 14.986484 -6.000000
v 1.905267 14.878507 -6.000000
v 4.392342 14.342501 -6.000000
v 6.753056 13.393888 -6.000000
v 8.919498 12.059957 -6.000000
v 10.829341 10.379083 -6.000000
v 12.427645 8.399622 -6.000000
v 13.668427 6.178519 -6.000000
v 14.515994 3.779671 -6.000000
v 14.945962 1.272089 -6.000000
v 15.000000 0.000000 -6.000000
v 14.945962 -1.272089 -6.000000
v 14.515994 -3.779671 -6.000000
v 13.668427 -6.178519 -6.000000
v 12.427645 -8.399622 -6.000000
v 10.829341 -10.379083 -6.000000
v 8.919498 -12.059957 -6.000000
v 6.753056 -13.393888 -6.000000
v 4.392342 -14.342501 -6.000000
v 1.905267 -14.878507 -6.000000
v -0.636618 -14.986484 -6.000000
v -3.160189 -14.663329 -6.000000
v -5.592847 -13.918335 -6.000000
v -7.864609 -12.772937 -6.000000
v -9.910121 -11.260085 -6.000000
v -11.670536 -9.423300 -6.000000
v -13.095212 -7.315424 -6.000000
v -14.143162 -4.997097 -6.000000
v -14.784239 -2.535012 -6.000000
v -15.000000 0.000000 -6.000000
v -1.889301 26.742614 20.943398
v -1.521158 26.018047 18.205781
v -1.774757 26.052964 18.164174
v -1.433829 25.402429 15.426395
v -1.120046 24.825734 12.688463
v -1.179836 25.366766 15.464752
v -0.832990 24.322072 9.947109
v -0.865688 24.789412 12.723518
v -0.573934 23.893481 7.216467
v -0.578296 24.285177 9.978813
v -0.341328 23.537177 4.482358
v -0.318936 23.856100 7.244794
v -1.649852 26.612975 21.012861
v -1.280983 25.886983 18.269793
v -0.938985 25.234425 15.523203
v -0.624212 24.655944 12.776316
v -0.336246 24.150728 10.025873
v -0.086056 23.499395 4.507273
v -0.076366 23.720821 7.286074
v -1.488510 26.421173 21.088727
v -1.118803 25.693537 18.339370
v -0.776024 25.039507 15.586364
v -0.460531 24.459725 12.832957
v -0.171904 23.953378 10.075895
v 0.156984 23.363427 4.542713
v 0.088577 23.522512 7.329428
v -1.406707 26.183387 21.166294
v -1.036106 25.453996 18.410229
v -0.692496 24.798396 15.650381
v -0.376235 24.217227 12.890018
v -0.086901 23.709673 10.125896
v 0.322469 23.164325 4.579329
v 0.174220 23.277784 7.372315
v -1.417901 25.918989 21.238295
v -1.046430 25.187894 18.475714
v -0.702012 24.530767 15.709216
v -0.385004 23.948251 12.942094
v -0.094984 23.439524 10.171111
v 0.408691 22.918750 4.615030
v 0.166759 23.006641 7.410620
v -1.521493 25.679379 21.290514
v -1.149350 24.946965 18.522886
v -0.804306 24.288657 15.751240
v -0.486720 23.705097 12.978886
v -0.196169 23.195463 10.202592
v 0.401791 22.646785 4.646352
v 0.066056 22.761810 7.436749
v -1.690282 25.496956 21.317730
v -1.317738 24.763753 18.547088
v -0.972320 24.104739 15.772367
v -0.654388 23.520556 12.996888
v -0.363520 23.010380 10.217421
v 0.301524 22.401317 4.667074
v -0.101007 22.576268 7.448382
v -1.715175 25.478298 21.319450
v -1.342599 24.745033 18.548570
v -0.997151 24.085964 15.773606
v -0.679192 23.501731 12.997880
v -0.388299 22.991512 10.218162
v 0.134720 22.215394 4.675478
v -0.125764 22.557364 7.448871
v -1.932702 25.368515 21.319658
v -1.560026 24.635055 18.548032
v -1.214486 23.975810 15.772307
v -0.896442 23.391424 12.995807
v -0.605470 22.881070 10.215304
v 0.109984 22.196460 4.675712
v -0.342863 22.446808 7.445221
v -2.198551 25.331629 21.292845
v -1.826079 24.598568 18.522743
v -1.480728 23.939681 15.748573
v -1.162858 23.355609 12.973653
v -0.872047 22.845530 10.194755
v -0.107051 22.085810 4.671263
v -0.609586 22.411500 7.426288
v -2.446347 25.383781 21.243778
v -2.074352 24.651658 18.477263
v -1.729446 23.993610 15.706753
v -1.411987 23.410281 12.935553
v -1.121554 22.900847 10.160430
v -0.373905 22.050695 4.653963
v -0.859435 22.467364 7.395768
v -2.677041 25.532829 21.170136
v -2.305828 24.802237 18.409477
v -1.961648 24.145561 15.644942
v -1.644860 23.563442 12.879815
v -1.355043 23.055062 10.110857
v -0.624064 22.107011 4.627287
v -1.093483 22.622472 7.352404
v -2.822208 25.737254 21.093014
v -2.451854 25.008350 18.338811
v -2.108475 24.353185 15.580862
v -1.792427 23.772402 12.822429
v -1.503289 23.265183 10.060266
v -0.858616 22.262859 4.590197
v -1.242346 22.833577 7.308659
v -2.884285 25.981375 21.016435
v -2.514822 25.254219 18.268917
v -2.172272 24.600620 15.517787
v -1.856990 24.021219 12.766286
v -1.568556 23.515202 10.011159
v -1.008036 22.474779 4.553368
v -1.308250 23.084616 7.266641
v -2.872303 26.164907 20.967043
v -2.503439 25.438923 18.224010
v -2.161445 24.786374 15.477456
v -1.846676 24.207901 12.730606
v -1.558714 23.702691 9.980201
v -1.074517 22.726661 4.518512
v -1.298837 23.272789 7.240439
v -2.777864 26.406239 20.913068
v -2.409690 25.681609 18.175208
v -2.068337 25.030271 15.433933
v -1.754161 24.452867 12.692448
v -1.466744 23.948589 9.947488
v -1.065491 22.915400 4.497116
v -1.207361 23.519475 7.213213
v -2.614553 26.595270 20.883250
v -2.246809 25.871484 18.148620
v -1.905857 25.220903 15.410640
v -1.592051 24.644167 12.672504
v -1.304974 24.140469 9.930944
v -0.974460 23.162739 4.475432
v -1.045899 23.711848 7.200093
v -2.508904 26.669607 20.877301
v -2.141279 25.946053 18.143560
v -1.800437 25.295680 15.406487
v -1.486733 24.719128 12.669272
v -1.199749 24.215590 9.928648
v -0.813277 23.355520 4.465773
v -0.940759 23.787105 7.198740
v -2.291158 26.756742 20.883425
v -1.923556 26.033235 18.149861
v -1.582737 25.382903 15.412968
v -1.269053 24.806387 12.675937
v -0.982088 24.302882 9.935499
v -0.708214 23.430889 4.465372
v -0.723115 23.874423 7.205779
v -2.142475 26.776699 20.898607
v -0.490584 23.518229 4.472601
v -0.153267 23.276576 2.000000
v -0.400223 23.229774 2.000000
v -0.617750 23.103774 2.000000
v -0.780727 22.913282 2.000000
v -0.871449 22.679793 2.000000
v -0.880110 22.428800 2.000000
v -0.805256 22.187815 2.000000
v -0.654409 21.983994 2.000000
v -0.444073 21.841083 2.000000
v -0.198339 21.776025 2.000000
v 0.284460 21.898849 2.000000
v 0.466799 22.071321 2.000000
v 0.581517 22.294019 2.000000
v 0.616332 22.542449 2.000000
v 0.567146 22.789487 2.000000
v 0.438662 23.007628 2.000000
v 0.244616 23.171747 2.000000
v 0.103909 23.236435 2.000000
v 0.006952 23.262411 2.000000
v 0.054188 21.796274 2.000000
v -2.142475 26.054144 21.099642
v -2.291158 26.756742 20.883425
v -2.508904 26.669607 20.877301
v -2.614553 26.595270 20.883250
v -2.777864 26.406239 20.913068
v -2.872303 26.164907 20.967043
v -2.884285 25.981375 21.016435
v -2.822208 25.737254 21.093014
v -2.677041 25.532829 21.170136
v -2.446347 25.383781 21.243778
v -2.198551 25.331629 21.292845
v -1.932702 25.368515 21.319658
v -1.715175 25.478298 21.319450
v -1.690282 25.496956 21.317730
v -1.521493 25.679379 21.290514
v -1.417901 25.918989 21.238295
v -1.406707 26.183387 21.166294
v -1.488510 26.421173 21.088727
v -1.649852 26.612975 21.012861
v -1.889301 26.742614 20.943398
v -2.142475 26.776699 20.898607
v 2.721325 25.466271 0.000000
v 0.378611 23.006672 0.000000
v 0.239417 23.070258 0.000000
v 10.000000 21.895530 0.000000
v 10.000000 17.895530 0.000000
v 7.594960 20.048254 0.000000
v 0.000000 25.715190 0.000000
v 7.525555 19.806298 0.000000
v 9.229177 18.304980 0.000000
v 0.141566 23.096258 0.000000
v 7.380150 19.601067 0.000000
v -10.000000 21.895530 0.000000
v -7.588245 20.251297 0.000000
v -7.597233 20.086518 0.000000
v -7.505426 20.493808 0.000000
v -7.566095 20.347595 0.000000
v -0.017705 23.110013 0.000000
v -0.265075 23.062768 0.000000
v 0.572353 22.843995 0.000000
v 0.701116 22.627151 0.000000
v 7.580432 20.299805 0.000000
v 5.352331 24.727776 0.000000
v 0.750963 22.380750 0.000000
v 7.175072 19.455530 0.000000
v -7.349942 20.693121 0.000000
v -7.805698 23.524214 0.000000
v -7.140670 20.828937 0.000000
v -0.736381 22.511044 0.000000
v -0.744384 22.260140 0.000000
v 7.483426 20.532576 0.000000
v 6.140913 19.887892 0.000000
v 6.261857 19.666563 0.000000
v 6.002867 19.601418 0.000000
v -0.870045 20.481529 0.000000
v -0.062969 21.611956 0.000000
v 0.189258 21.632717 0.000000
v 6.117482 20.293251 0.000000
v 6.100045 20.136779 0.000000
v 2.603865 20.333959 0.000000
v -0.668940 22.020055 0.000000
v -4.318925 20.039882 0.000000
v -6.489487 19.469190 0.000000
v -6.294526 19.626570 0.000000
v -7.643558 19.021725 0.000000
v -6.722904 19.385078 0.000000
v -6.900147 20.888246 0.000000
v 0.716719 22.132171 0.000000
v 7.805698 23.524214 0.000000
v 7.314794 20.720160 0.000000
v 6.933262 19.386062 0.000000
v 6.449261 19.497761 0.000000
v -6.131536 20.349350 0.000000
v -5.352331 24.727776 0.000000
v 0.602150 21.908854 0.000000
v 6.845090 20.882188 0.000000
v 0.419630 21.735751 0.000000
v 6.211878 20.526521 0.000000
v -0.517999 21.817651 0.000000
v -0.308106 21.676103 0.000000
v -6.102563 20.092579 0.000000
v -6.159832 19.841953 0.000000
v -0.645952 22.745064 0.000000
v -2.721325 25.466271 0.000000
v 7.093643 20.841249 0.000000
v 6.681862 19.400628 0.000000
v 6.378008 20.715324 0.000000
v -6.970634 19.382515 0.000000
v -0.482849 22.936234 0.000000
v 6.597258 20.838517 0.000000
v -7.206992 19.463035 0.000000
v -10.000000 17.895530 0.000000
v -7.541228 19.837025 0.000000
v -7.405490 19.620207 0.000000
v -6.425510 20.759097 0.000000
v -6.653020 20.864723 0.000000
v -6.244029 20.580821 0.000000
v -7.311699 21.196590 -4.178476
v -7.439429 20.949373 -4.211034
v -7.476698 20.640364 -1.958721
v -7.118322 21.369182 -4.155577
v -7.349061 20.886621 -1.919092
v -6.875759 21.465314 -4.142603
v -7.155791 21.058113 -1.888089
v -6.603127 21.470502 -4.141481
v -6.913341 21.153076 -1.866505
v -6.353434 21.382013 -4.152654
v -6.640819 21.157131 -1.857033
v -6.160502 21.224622 -4.172936
v -6.391212 21.067767 -1.861762
v -6.136239 21.195479 -4.176710
v -6.198330 20.909856 -1.878214
v -6.018968 20.983904 -4.204206
v -6.174072 20.880664 -1.881627
v -6.056812 20.668976 -1.908290
v -6.013742 20.404939 -1.944912
v -5.975926 20.719581 -4.238724
v -6.062983 20.154971 -1.982519
v -6.025229 20.468971 -4.271599
v -6.212636 19.917207 -2.021643
v -6.174983 20.230171 -4.303091
v -6.420412 19.762593 -2.050688
v -6.382869 20.074427 -4.323810
v -6.670466 19.688662 -2.069491
v -6.633036 19.999332 -4.334043
v -6.843149 19.689230 -2.075041
v -6.805788 19.999187 -4.334343
v -7.095569 19.765653 -2.072268
v -7.602948 21.224106 -8.758110
v -7.468242 20.693810 -4.244524
v -7.471981 21.229462 -6.469041
v -7.446987 21.729563 -8.714532
v -7.574352 21.480663 -8.732961
v -7.254030 21.904085 -8.707822
v -7.344342 21.477561 -6.443557
v -7.011912 22.002267 -8.712051
v -7.151070 21.651164 -6.428762
v -6.739711 22.009443 -8.727613
v -6.908618 21.748370 -6.424400
v -6.490352 21.922489 -8.751662
v -6.636093 21.754599 -6.431630
v -6.297618 21.766010 -8.779598
v -6.386484 21.666914 -6.449249
v -6.273374 21.736953 -8.784093
v -6.193601 21.510001 -6.473363
v -6.156146 21.525576 -8.813252
v -6.169343 21.480903 -6.477498
v -6.052083 21.269432 -6.505826
v -6.009013 21.004846 -6.538241
v -6.112995 21.260752 -8.843567
v -6.058255 20.753646 -6.566381
v -6.162053 21.009016 -8.866986
v -6.207911 20.513894 -6.590240
v -6.311413 20.768398 -8.883229
v -6.415689 20.357111 -6.602630
v -6.518867 20.610671 -8.887312
v -6.665746 20.280948 -6.604292
v -6.768591 20.533536 -8.880422
v -6.838430 20.280149 -6.599340
v -6.941072 20.532141 -8.870231
v -7.090852 20.354826 -6.583170
v -7.395273 20.754002 -8.819780
v -7.193234 20.606060 -8.847379
v -7.260554 20.223648 -4.305710
v -7.365952 20.361917 -4.287788
v -7.593504 21.143946 -8.767070
v -7.500597 20.891933 -8.799026
v -7.458836 20.613827 -4.254975
v -7.989068 21.896743 -13.282898
v -8.017019 21.639385 -13.299789
v -7.619825 21.952789 -10.993511
v -7.671095 22.323075 -13.287786
v -7.862798 22.147000 -13.278462
v -7.430310 22.422909 -13.309054
v -7.427392 22.128136 -10.994850
v -7.159403 22.431687 -13.341139
v -7.185830 22.227196 -11.007634
v -6.911041 22.345969 -13.377940
v -6.914169 22.235222 -11.031491
v -6.718900 22.190224 -13.413454
v -6.665226 22.148924 -11.061942
v -6.694711 22.161237 -13.418664
v -6.472740 21.992835 -11.093682
v -6.577612 21.950019 -13.449470
v -6.448519 21.963816 -11.098536
v -6.331345 21.752523 -11.128522
v -6.288058 21.487485 -11.156747
v -6.534136 21.684792 -13.475622
v -6.336810 21.235266 -11.175465
v -6.582461 21.432148 -13.489677
v -6.485677 20.993872 -11.184126
v -6.730639 21.190066 -13.490818
v -6.692594 20.835296 -11.179937
v -6.936805 21.030742 -13.478425
v -6.941764 20.757288 -11.164534
v -7.185202 20.951963 -13.454578
v -7.113905 20.755359 -11.149128
v -7.607995 21.022195 -13.397893
v -7.356870 20.949562 -13.433997
v -7.809381 21.169328 -13.361938
v -8.007459 21.559082 -13.307271
v -7.914486 21.306987 -13.338378
v -8.686097 22.197842 -17.870829
v -8.712973 21.939887 -17.879618
v -8.176944 22.312647 -15.576252
v -8.372029 22.626349 -17.905169
v -8.561647 22.449113 -17.880118
v -8.133460 22.727418 -17.943149
v -7.986181 22.489354 -15.593495
v -7.864702 22.737392 -17.991441
v -7.746395 22.589859 -15.623178
v -7.617998 22.652597 -18.040749
v -7.476456 22.599288 -15.663424
v -7.426844 22.497402 -18.083699
v -7.228842 22.514072 -15.706524
v -7.402748 22.468466 -18.089609
v -7.037145 22.358626 -15.745782
v -7.285863 22.257368 -18.122030
v -7.012998 22.329667 -15.751345
v -6.895996 22.118514 -15.782964
v -6.852275 21.853123 -15.807060
v -7.241845 21.991839 -18.144100
v -6.900052 21.600109 -15.816489
v -7.288952 21.738516 -18.148969
v -7.047344 21.357433 -15.810172
v -7.435166 21.495341 -18.135297
v -7.252545 21.197460 -15.789641
v -7.639189 21.334824 -18.106743
v -7.499948 21.118013 -15.757417
v -8.055698 21.251663 -18.035491
v -7.885381 21.254817 -18.066262
v -8.305099 21.323337 -17.986387
v -8.505397 21.469864 -17.942237
v -8.703221 21.859476 -17.885651
v -8.610138 21.607320 -17.915925
v -9.670229 22.383223 -22.506717
v -9.695603 22.124883 -22.507644
v -9.548326 22.635145 -22.529326
v -8.831093 22.734526 -20.234381
v -9.126159 22.914991 -22.623839
v -9.361627 22.813129 -22.569640
v -8.860409 22.925735 -22.687860
v -8.593966 22.836048 -20.280555
v -8.616026 22.841534 -22.749307
v -8.326605 22.846463 -20.336794
v -8.426251 22.686692 -22.799472
v -8.080981 22.762008 -20.392235
v -8.402285 22.657790 -22.806062
v -7.890468 22.607015 -20.438830
v -8.285700 22.446768 -22.840051
v -7.866433 22.578098 -20.445084
v -7.749687 22.367044 -20.478297
v -7.705317 22.101404 -20.498364
v -8.240924 22.181045 -22.858158
v -7.751632 21.847832 -20.498730
v -8.286328 21.927286 -22.854112
v -7.896568 21.604254 -20.477795
v -8.429793 21.683408 -22.826065
v -8.099197 21.443298 -20.441317
v -8.630817 21.522123 -22.781827
v -8.343953 21.362839 -20.392681
v -9.042347 21.437687 -22.684542
v -8.873922 21.441326 -22.725203
v -9.289336 21.508744 -22.622823
v -9.488114 21.654882 -22.570718
v -9.685582 22.044403 -22.512271
v -9.592343 21.792207 -22.541736
v -10.948475 22.451198 -27.200481
v -10.971911 22.192700 -27.193873
v -10.829853 22.703389 -27.235859
v -10.646913 22.881680 -27.290803
v -9.734460 22.964481 -24.989229
v -10.153564 22.994929 -27.439648
v -10.415441 22.983868 -27.360549
v -9.912172 22.910973 -27.512731
v -9.470541 22.975442 -25.060896
v -9.724174 22.756276 -27.569811
v -9.227573 22.891409 -25.128244
v -9.700376 22.727387 -27.577054
v -9.038638 22.736666 -25.181916
v -9.584177 22.516397 -27.612545
v -9.014751 22.707773 -25.188837
v -8.898349 22.496773 -25.223588
v -8.853111 22.230996 -25.239768
v -9.538425 22.250595 -27.626853
v -8.897476 21.977114 -25.231390
v -9.581632 21.996656 -27.614263
v -9.039267 21.733037 -25.196354
v -9.721556 21.752488 -27.572435
v -9.238465 21.571536 -25.144492
v -10.157846 21.509765 -27.441066
v -9.918717 21.590888 -27.513164
v -10.323835 21.505928 -27.390924
v -10.567717 21.576731 -27.317113
v -10.764535 21.722709 -27.257384
v -10.961544 22.112192 -27.197152
v -10.868107 21.859980 -27.225842
v -11.613349 22.185217 -29.229711
v -11.473898 22.695892 -29.280098
v -11.547661 22.567029 -29.254735
v -11.309269 22.862581 -29.335601
v -10.803422 22.987400 -29.502609
v -10.962051 22.992682 -29.450643
v -10.599042 22.922469 -29.569033
v -10.563524 22.903436 -29.580506
v -10.376414 22.748734 -29.640448
v -10.352699 22.719845 -29.647961
v -10.236694 22.508854 -29.684074
v -10.317511 22.670758 -29.659051
v -10.192894 22.304993 -29.696575
v -10.370718 21.744963 -29.633156
v -10.258582 21.923181 -29.671552
v -10.496974 21.627628 -29.590685
v -11.207201 21.567740 -29.357253
v -10.844193 21.497528 -29.475644
v -11.602809 22.104710 -29.232433
v -11.488732 21.819452 -29.267235
v -7.058296 20.074700 -4.324872
v -7.588245 20.251297 0.000000
v -7.566095 20.347595 0.000000
v -7.597233 20.086518 0.000000
v -7.505426 20.493808 0.000000
v -7.349942 20.693121 0.000000
v -7.140670 20.828937 0.000000
v -6.900147 20.888246 0.000000
v -6.653020 20.864723 0.000000
v -6.244029 20.580821 0.000000
v -6.131536 20.349350 0.000000
v -6.102563 20.092579 0.000000
v -6.159832 19.841953 0.000000
v -6.294526 19.626570 0.000000
v -6.489487 19.469190 0.000000
v -6.722904 19.385078 0.000000
v -6.970634 19.382515 0.000000
v -7.206992 19.463035 0.000000
v -7.405490 19.620207 0.000000
v -7.541228 19.837025 0.000000
v -6.425510 20.759097 0.000000
v -10.903122 22.245105 -29.463143
v -11.547661 22.567029 -29.254735
v -11.473898 22.695892 -29.280098
v -11.309269 22.862581 -29.335601
v -10.962051 22.992682 -29.450643
v -10.803422 22.987400 -29.502609
v -10.599042 22.922469 -29.569033
v -10.563524 22.903436 -29.580506
v -10.376414 22.748734 -29.640448
v -10.352699 22.719845 -29.647961
v -10.317511 22.670758 -29.659051
v -10.236694 22.508854 -29.684074
v -10.192894 22.304993 -29.696575
v -10.258582 21.923181 -29.671552
v -10.370718 21.744963 -29.633156
v -10.496974 21.627628 -29.590685
v -10.844193 21.497528 -29.475644
v -11.207201 21.567740 -29.357253
v -11.488732 21.819452 -29.267235
v -11.602809 22.104710 -29.232433
v -11.613349 22.185217 -29.229711
v 0.524915 22.818611 -5.195179
v 0.268771 22.857198 -5.207870
v 0.130657 22.957105 -2.479629
v 0.769169 22.681308 -5.180675
v 0.386633 22.918628 -2.463481
v 0.935941 22.480902 -5.168224
v 0.630598 22.781514 -2.443064
v 1.023699 22.234055 -5.158293
v 0.797037 22.581324 -2.423797
v 1.018508 21.960747 -5.152000
v 0.884440 22.334709 -2.406598
v 0.919720 21.714148 -5.150646
v 0.878904 22.061626 -2.393238
v 0.753807 21.527307 -5.153804
v 0.779848 21.815201 -2.386408
v 0.726512 21.506351 -5.154557
v 0.613775 21.628464 -2.386289
v 0.509380 21.396257 -5.161902
v 0.586466 21.607518 -2.386758
v 0.369296 21.497448 -2.393316
v 0.101902 21.463486 -2.406473
v 0.241905 21.362348 -5.173381
v -0.148691 21.521371 -2.423293
v -0.008880 21.420358 -5.186290
v -0.383819 21.679266 -2.444260
v -0.244319 21.578456 -5.200886
v -0.533528 21.892786 -2.463264
v -0.394370 21.792199 -5.212888
v -0.600378 22.145939 -2.479648
v -0.461574 22.045582 -5.222031
v -0.592981 22.327628 -2.488331
v -0.454404 22.227420 -5.226047
v -0.504931 22.576629 -2.495901
v -0.366631 22.476600 -5.227969
v -0.345679 22.771576 -2.496809
v -0.207553 22.671660 -5.225321
v -0.222612 22.858964 -2.494345
v -0.084539 22.759083 -5.221758
v -0.004900 22.941373 -2.486373
v 0.133170 22.841494 -5.213725
v 0.723090 22.832801 -10.668788
v 0.466696 22.871369 -10.674565
v 0.380777 22.828624 -7.939397
v 0.967771 22.695532 -10.666111
v 0.637062 22.790006 -7.930165
v 1.135036 22.495164 -10.667289
v 0.881554 22.652653 -7.921579
v 1.223319 22.248359 -10.671893
v 1.048602 22.452187 -7.915946
v 1.218638 21.975090 -10.679734
v 1.136653 22.205277 -7.913288
v 1.120246 21.728522 -10.689330
v 1.131747 21.931908 -7.914066
v 0.954570 21.541699 -10.699040
v 1.033180 21.685261 -7.918190
v 0.927296 21.520745 -10.700362
v 0.867400 21.498392 -7.924627
v 0.710221 21.410655 -10.709283
v 0.840116 21.477434 -7.925665
v 0.623016 21.367332 -7.933799
v 0.355473 21.333438 -7.943599
v 0.442624 21.376737 -10.717407
v 0.104530 21.391482 -7.952593
v 0.191556 21.434725 -10.722493
v -0.131166 21.549635 -7.960814
v -0.044343 21.592787 -10.724347
v -0.281500 21.763438 -7.965810
v -0.194900 21.806490 -10.722345
v -0.348996 22.016885 -7.967707
v -0.262627 22.059833 -10.717006
v -0.342015 22.198763 -7.967054
v -0.255795 22.241644 -10.711691
v -0.254469 22.447993 -7.963324
v -0.168429 22.490793 -10.702317
v -0.095535 22.643083 -7.957119
v -0.009608 22.685833 -10.692558
v 0.027434 22.730516 -7.952457
v 0.113326 22.773250 -10.686798
v 0.245141 22.812928 -7.944362
v 0.331031 22.855661 -10.678641
v 0.816809 23.132744 -16.158845
v 0.560282 23.170977 -16.157752
v 0.526541 22.985487 -13.414296
v 1.061716 22.996048 -16.167920
v 0.783017 22.947047 -13.411964
v 1.229241 22.796341 -16.182640
v 1.027836 22.809998 -13.415179
v 1.317801 22.550240 -16.201687
v 1.195260 22.609883 -13.423146
v 1.313391 22.277657 -16.223570
v 1.283712 22.363347 -13.434991
v 1.215207 22.031619 -16.244047
v 1.279197 22.090341 -13.449872
v 1.049656 21.845115 -16.260269
v 1.180933 21.843976 -13.464923
v 1.022393 21.824188 -16.262156
v 1.015333 21.657275 -13.477898
v 0.805348 21.714174 -16.272642
v 0.988065 21.636332 -13.479504
v 0.771009 21.526271 -13.489209
v 0.503373 21.492290 -13.495661
v 0.537687 21.680093 -16.277431
v 0.252214 21.550133 -13.496850
v 0.286470 21.737702 -16.274744
v 0.016166 21.707958 -13.492357
v 0.050328 21.895146 -16.263939
v -0.134555 21.921402 -13.483380
v -0.100497 22.108171 -16.248023
v -0.202451 22.174476 -13.470826
v -0.168500 22.360811 -16.228294
v -0.195728 22.356114 -13.460862
v -0.161846 22.542170 -16.213706
v -0.108494 22.605053 -13.445861
v -0.074696 22.790771 -16.193109
v 0.050244 22.799960 -13.432559
v 0.083989 22.985466 -16.176283
v 0.173153 22.887337 -13.425704
v 0.206881 23.072777 -16.168339
v 0.390856 22.969745 -13.417487
v 0.424584 23.155182 -16.160061
v 0.805879 23.719812 -21.673777
v 0.549339 23.757397 -21.665904
v 0.567909 23.428369 -18.909919
v 1.050809 23.584225 -21.694449
v 0.824458 23.390421 -18.914419
v 1.218361 23.385795 -21.722534
v 1.069402 23.254214 -18.929320
v 1.306950 23.141057 -21.755832
v 1.236969 23.055068 -18.950755
v 1.302567 22.869798 -21.791574
v 1.325575 22.809567 -18.976962
v 1.204406 22.624787 -21.822788
v 1.321209 22.537567 -19.005808
v 1.038868 22.438896 -21.845435
v 1.223060 22.291981 -19.031679
v 1.011605 22.418023 -21.847880
v 1.057530 22.105747 -19.051130
v 0.794563 22.308157 -21.859912
v 1.030268 22.084844 -19.053297
v 0.813228 21.974895 -19.064559
v 0.545557 21.940676 -19.067695
v 0.526896 22.273761 -21.861410
v 0.294315 21.997961 -19.061154
v 0.275664 22.330637 -21.851052
v 0.058133 22.154880 -19.044072
v 0.039496 22.486887 -21.827754
v -0.092736 22.367327 -19.021257
v -0.111357 22.698599 -21.798106
v -0.160784 22.619370 -18.994394
v -0.179388 22.949882 -21.764177
v -0.154160 22.800344 -18.975208
v -0.172753 23.130367 -21.740438
v -0.067045 23.048479 -18.949046
v -0.085625 23.377909 -21.708765
v 0.091618 23.242881 -18.928717
v 0.195934 23.659043 -21.674868
v 0.073046 23.571938 -21.684966
v 0.413636 23.741436 -21.666469
v 0.433058 24.633676 -27.207449
v 0.760884 24.122339 -24.445932
v 0.934240 24.463105 -27.253996
v 0.689492 24.597051 -27.221963
v 1.101583 24.266567 -27.295173
v 1.005749 23.987507 -24.472325
v 1.189949 24.023846 -27.342433
v 1.173226 23.789947 -24.507002
v 1.185350 23.754549 -27.391751
v 1.261735 23.546136 -24.547331
v 1.087020 23.511057 -27.433483
v 1.257275 23.275780 -24.589909
v 0.921382 23.326077 -27.462426
v 1.159053 23.031467 -24.626420
v 0.894111 23.305282 -27.465416
v 0.993479 22.845995 -24.652237
v 0.677045 23.195635 -27.478962
v 0.966214 22.825158 -24.654957
v 0.749163 22.715393 -24.667751
v 0.481514 22.680783 -24.667626
v 0.409428 23.160774 -27.477237
v 0.230325 22.737159 -24.653484
v 0.158316 23.216563 -27.459365
v -0.005773 22.892596 -24.624023
v -0.077656 23.371045 -27.423827
v -0.156548 23.103414 -24.587601
v -0.228293 23.580813 -27.380728
v -0.224500 23.353773 -24.546668
v -0.296103 23.830086 -27.332888
v -0.217813 23.533662 -24.518415
v -0.289324 24.009276 -27.300185
v -0.130623 23.780483 -24.481278
v -0.043243 24.448291 -27.227031
v -0.202023 24.255250 -27.257662
v 0.079679 24.535091 -27.214823
v 0.297382 24.617467 -27.206305
v 0.466235 25.769140 -32.811707
v 0.210029 25.804494 -32.790740
v 0.835765 25.013740 -30.052451
v 0.877488 25.443339 -32.908677
v 0.710594 25.637370 -32.854779
v 0.965375 25.203291 -32.969504
v 1.002913 24.818380 -30.100050
v 0.960310 24.936594 -33.032014
v 1.091072 24.576915 -30.154159
v 0.861620 24.695117 -33.083967
v 1.086271 24.308840 -30.210136
v 0.695765 24.511341 -33.119025
v 0.987785 24.066295 -30.257027
v 0.668475 24.490652 -33.122547
v 0.822053 23.881881 -30.289057
v 0.451357 24.381294 -33.137563
v 0.794774 23.861135 -30.292316
v 0.577685 23.751624 -30.306604
v 0.310117 23.716473 -30.303298
v 0.183852 24.345816 -33.132706
v 0.059116 23.771586 -30.281740
v -0.067003 24.400166 -33.107532
v -0.176674 23.924967 -30.240199
v -0.302555 24.552304 -33.060102
v -0.327112 24.133525 -30.190501
v -0.452731 24.759497 -33.003932
v -0.394714 24.381546 -30.135838
v -0.520063 25.006106 -32.942576
v -0.387803 24.559929 -30.098738
v -0.425304 25.427476 -32.848096
v -0.512977 25.183579 -32.901162
v -0.266290 25.619209 -32.810827
v -0.143295 25.705605 -32.796568
v 0.074413 25.787958 -32.787936
v 0.260001 27.169421 -38.390051
v -0.116068 27.252260 -38.340739
v 0.383559 27.089366 -38.421374
v 0.539179 26.915679 -38.481680
v 0.646663 26.559026 -38.591075
v 0.631157 26.398136 -38.636067
v 0.553651 26.195026 -38.688923
v 0.531918 26.159130 -38.697717
v 0.365736 25.976833 -38.738579
v 0.338417 25.956272 -38.742604
v 0.121220 25.847270 -38.759016
v 0.285067 25.921213 -38.749007
v -0.087124 25.810954 -38.755226
v -0.631494 26.012882 -38.660373
v -0.742371 26.147536 -38.614285
v -0.756843 26.868189 -38.407042
v -0.251595 27.235323 -38.336360
v -0.488258 27.142002 -38.346958
v 0.141566 23.096258 0.000000
v 0.239417 23.070258 0.000000
v -0.017705 23.110013 0.000000
v 0.378611 23.006672 0.000000
v 0.572353 22.843995 0.000000
v 0.701116 22.627151 0.000000
v 0.750963 22.380750 0.000000
v 0.716719 22.132171 0.000000
v 0.602150 21.908854 0.000000
v 0.419630 21.735751 0.000000
v 0.189258 21.632717 0.000000
v -0.062969 21.611956 0.000000
v -0.308106 21.676103 0.000000
v -0.517999 21.817651 0.000000
v -0.668940 22.020055 0.000000
v -0.744384 22.260140 0.000000
v -0.736381 22.511044 0.000000
v -0.645952 22.745064 0.000000
v -0.482849 22.936234 0.000000
v -0.265075 23.062768 0.000000
v -0.849855 26.504189 -38.504890
v -0.463192 25.893794 -38.705914
v -0.101596 26.531607 -38.547982
v 0.260001 27.169421 -38.390051
v 0.383559 27.089366 -38.421374
v 0.539179 26.915679 -38.481680
v 0.646663 26.559026 -38.591075
v 0.631157 26.398136 -38.636067
v 0.553651 26.195026 -38.688923
v 0.531918 26.159130 -38.697717
v 0.365736 25.976833 -38.738579
v 0.338417 25.956272 -38.742604
v 0.285067 25.921213 -38.749007
v 0.121220 25.847270 -38.759016
v -0.087124 25.810954 -38.755226
v -0.463192 25.893794 -38.705914
v -0.631494 26.012882 -38.660373
v -0.742371 26.147536 -38.614285
v -0.849855 26.504189 -38.504890
v -0.756843 26.868189 -38.407042
v -0.488258 27.142002 -38.346958
v -0.251595 27.235323 -38.336360
v -0.116068 27.252260 -38.340739
v 6.066550 20.334992 -6.788325
v 6.049347 20.235452 -3.222717
v 6.095900 20.490563 -3.215513
v 6.160750 20.424385 -10.352891
v 6.113101 20.590096 -6.780839
v 6.331942 20.503642 -13.916776
v 6.207293 20.679482 -10.345125
v 6.580138 20.572766 -17.480138
v 6.378472 20.758733 -13.908729
v 6.905330 20.631752 -21.042775
v 6.626649 20.827851 -17.471811
v 7.307963 20.680645 -24.608306
v 6.951816 20.886832 -21.034170
v 7.787744 20.719379 -28.173069
v 7.354419 20.935721 -24.599423
v 8.345850 20.748000 -31.744109
v 7.834164 20.974452 -28.163910
v 8.981405 20.766421 -35.314336
v 8.392230 21.003070 -31.734677
v 9.696604 20.774651 -38.894166
v 9.027738 21.021490 -35.304633
v 10.489700 20.772620 -42.473135
v 9.742885 21.029719 -38.884195
v 12.058612 20.744545 -48.710407
v 10.535923 21.027689 -42.462898
v 6.241068 20.731250 -3.209334
v 6.258250 20.830715 -6.772210
v 6.352374 20.920040 -10.334046
v 6.523435 20.999237 -13.895205
v 6.771446 21.068307 -17.455849
v 7.096398 21.127248 -21.015780
v 7.498739 21.176102 -24.578617
v 7.978173 21.214805 -28.140705
v 8.535879 21.243402 -31.709087
v 9.170981 21.261808 -35.276682
v 9.885674 21.270030 -38.853902
v 12.104723 20.999615 -48.699717
v 10.678212 21.267999 -42.430294
v 6.447313 20.892666 -3.205853
v 6.464465 20.992021 -6.764736
v 6.558478 21.081247 -10.322582
v 6.729347 21.160355 -13.879757
v 6.977087 21.229348 -17.436427
v 7.301689 21.288221 -20.992402
v 7.703601 21.337019 -24.551300
v 8.182529 21.375677 -28.109477
v 8.739651 21.404241 -31.673974
v 9.374091 21.422623 -35.237721
v 10.088044 21.430833 -38.811126
v 12.246028 21.239942 -48.663166
v 10.879766 21.428802 -42.383752
v 6.697686 20.973455 -3.205008
v 6.714798 21.072668 -6.758718
v 6.808666 21.161765 -10.311392
v 6.979288 21.240758 -13.863404
v 7.226677 21.309650 -17.414926
v 7.550826 21.368437 -20.965774
v 7.952183 21.417162 -24.519570
v 8.430454 21.455761 -28.072680
v 8.986818 21.484281 -31.632142
v 9.620402 21.502634 -35.190903
v 10.333396 21.510829 -38.759364
v 12.445980 21.400772 -48.610191
v 11.124060 21.508797 -42.327110
v 6.971369 20.960258 -3.207064
v 6.988436 21.059307 -6.754831
v 7.082139 21.148257 -10.301564
v 7.252476 21.227118 -13.847645
v 7.499461 21.295894 -17.393253
v 7.823089 21.354581 -20.938213
v 8.223808 21.403223 -24.486147
v 8.701326 21.441755 -28.033435
v 9.256820 21.470223 -31.587114
v 9.889418 21.488542 -35.140148
v 10.601311 21.496720 -38.702930
v 12.688198 21.480802 -48.545213
v 11.390761 21.494688 -42.265069
v 7.215216 20.854112 -3.211666
v 7.232241 20.953008 -6.753870
v 7.325789 21.041819 -10.295043
v 7.495859 21.120556 -13.835572
v 7.742467 21.189224 -17.375645
v 8.065608 21.247817 -20.915093
v 8.465730 21.296381 -24.457540
v 8.942542 21.334850 -27.999380
v 9.497221 21.363271 -31.547645
v 10.128898 21.381558 -35.095318
v 10.839760 21.389720 -38.652785
v 12.952513 21.466732 -48.473597
v 11.628072 21.387687 -42.209676
v 7.396810 20.682730 -3.217803
v 7.413801 20.781504 -6.755603
v 7.507226 20.870205 -10.292374
v 7.677085 20.948845 -13.828508
v 7.923395 21.017427 -17.364197
v 8.246149 21.075947 -20.899281
v 8.645798 21.124448 -24.437384
v 9.122052 21.162868 -27.974910
v 9.676086 21.191251 -31.518888
v 10.307033 21.209513 -35.062317
v 11.017078 21.217661 -38.615575
v 13.187592 21.359769 -48.409242
v 11.804491 21.215629 -42.168312
v 7.414489 20.658318 -3.218627
v 7.431476 20.757080 -6.755977
v 7.524889 20.845770 -10.292297
v 7.694726 20.924400 -13.827981
v 7.941005 20.992973 -17.363222
v 8.263720 21.051485 -20.897859
v 8.663321 21.099981 -24.435518
v 9.139518 21.138395 -27.972602
v 9.693486 21.166774 -31.516142
v 10.324358 21.185033 -35.059137
v 11.034320 21.193180 -38.611964
v 13.362243 21.187740 -48.360781
v 11.821640 21.191148 -42.164276
v 7.518961 20.438401 -3.225719
v 7.535926 20.537084 -6.760191
v 7.629259 20.625703 -10.293634
v 7.798958 20.704269 -13.826446
v 8.045042 20.772785 -17.358824
v 8.367505 20.831249 -20.890609
v 8.766797 20.879704 -24.425429
v 9.242629 20.918086 -27.959695
v 9.796175 20.946441 -31.500433
v 10.426570 20.964683 -35.040655
v 11.135999 20.972822 -38.590732
v 13.379212 21.163263 -48.356018
v 11.922731 20.970789 -42.140329
v 7.545759 20.170128 -3.233757
v 7.562715 20.268774 -6.766890
v 7.656010 20.357359 -10.298995
v 7.825645 20.435896 -13.830470
v 8.071638 20.504387 -17.361516
v 8.393984 20.562828 -20.891974
v 8.793132 20.611264 -24.425473
v 9.268794 20.649631 -27.958428
v 9.822144 20.677974 -31.497863
v 10.452318 20.696209 -35.036795
v 11.161498 20.704344 -38.585593
v 13.479148 20.942923 -48.327435
v 11.947957 20.702311 -42.133927
v 7.480931 19.920441 -3.240690
v 7.497892 20.019106 -6.774514
v 7.591206 20.107709 -10.307310
v 7.760875 20.186260 -13.839475
v 8.006914 20.254765 -17.371208
v 8.329321 20.313217 -20.902351
v 8.728543 20.361663 -24.436532
v 9.204293 20.400038 -27.970163
v 9.757744 20.428387 -31.510271
v 10.388032 20.446626 -35.049868
v 11.097340 20.454763 -38.599326
v 13.440097 20.424868 -48.334373
v 13.503836 20.674454 -48.318875
v 7.316254 19.688587 -3.246492
v 7.333237 19.787331 -6.783212
v 7.426632 19.876006 -10.318902
v 7.596439 19.954622 -13.853957
v 7.842675 20.023183 -17.388572
v 8.165335 20.081684 -20.922585
v 8.564868 20.130171 -24.459622
v 9.040985 20.168578 -27.996090
v 9.594861 20.196952 -31.539016
v 10.225629 20.215207 -35.081404
v 11.883940 20.452730 -42.148312
v 10.935474 20.223353 -38.633630
v 13.279984 20.193439 -48.376075
v 7.097788 19.543367 -3.249423
v 7.114803 19.642230 -6.790445
v 7.208318 19.731012 -10.330436
v 7.378332 19.809724 -13.869785
v 7.624860 19.878368 -17.408681
v 7.947897 19.936942 -20.946957
v 8.347892 19.985489 -24.488237
v 8.824554 20.023945 -28.028919
v 9.379060 20.052356 -31.576033
v 10.010541 20.070635 -35.122567
v 11.722666 20.221320 -42.185347
v 10.721183 20.078793 -38.678903
v 13.068300 20.048851 -48.432339
v 6.841809 19.482261 -3.249656
v 6.858866 19.581271 -6.796028
v 6.952530 19.670186 -10.341367
v 7.122800 19.749016 -13.886055
v 7.369691 19.817765 -17.430276
v 7.693197 19.876428 -20.973853
v 8.093766 19.925051 -24.520411
v 8.571107 19.963567 -28.066333
v 9.126396 19.992024 -31.618654
v 9.758764 20.010334 -35.170344
v 11.509255 20.076761 -42.234679
v 10.470398 20.018508 -38.731793
v 12.820755 19.988530 -48.498896
v 6.650798 19.495713 -3.248097
v 6.667886 19.594838 -6.798628
v 6.761666 19.683857 -10.348126
v 6.932136 19.762779 -13.896965
v 7.179309 19.831609 -17.445325
v 7.503179 19.890342 -20.993024
v 7.904195 19.939023 -24.543685
v 8.382064 19.977586 -28.093682
v 8.937962 20.006079 -31.650051
v 9.571019 20.024413 -35.205750
v 11.259562 20.016476 -42.292616
v 10.283424 20.032599 -38.771174
v 12.636301 20.002593 -48.548904
v 6.404810 19.592802 -3.243747
v 6.421940 19.692081 -6.799862
v 6.515876 19.781238 -10.354940
v 6.686613 19.860284 -13.909352
v 6.934165 19.929223 -17.463268
v 7.258525 19.988050 -21.016499
v 7.660139 20.036809 -24.572667
v 8.138716 20.075436 -28.128133
v 8.695432 20.103976 -31.689935
v 9.329414 20.122342 -35.251015
v 11.073439 20.030567 -42.335921
v 10.042854 20.130544 -38.821774
v 12.399113 20.100501 -48.613766
v 6.216241 19.758813 -3.237725
v 6.233406 19.858217 -6.798380
v 6.327468 19.947487 -10.357996
v 6.498423 20.026634 -13.916938
v 6.746283 20.095662 -17.475371
v 7.071041 20.154565 -21.033101
v 7.473143 20.203388 -24.593746
v 7.952295 20.242065 -28.153658
v 8.509676 20.270644 -31.719879
v 9.144410 20.289037 -35.285333
v 10.834010 20.128513 -42.391788
v 9.858691 20.297252 -38.860430
v 12.217700 20.267179 -48.664019
v 6.145190 19.863594 -3.234216
v 6.162369 19.963048 -6.796701
v 6.256482 20.052364 -10.358147
v 6.427525 20.131552 -13.918915
v 6.675509 20.200615 -17.479170
v 7.000426 20.259548 -21.038713
v 7.402725 20.308397 -24.601164
v 7.882110 20.347096 -28.162869
v 8.439759 20.375690 -31.730870
v 9.074796 20.394093 -35.298088
v 10.650775 20.295221 -42.434726
v 9.789416 20.402314 -38.874935
v 12.149533 20.372229 -48.683199
v 6.063836 20.083622 -3.227262
v 6.081034 20.183142 -6.792126
v 6.175213 20.272517 -10.355950
v 6.346370 20.351758 -13.919093
v 6.594515 20.420867 -17.481715
v 6.919641 20.479841 -21.043616
v 7.322195 20.528723 -24.608414
v 7.801882 20.567448 -28.172449
v 8.359879 20.596063 -31.742767
v 8.995311 20.614480 -35.312277
v 10.581874 20.400283 -42.450957
v 9.710372 20.622707 -38.891397
v 12.071930 20.592606 -48.705740
v 10.503316 20.620677 -42.469664
v 6.117482 20.293251 0.000000
v 6.211878 20.526521 0.000000
v 6.100045 20.136779 0.000000
v 6.378008 20.715324 0.000000
v 6.597258 20.838517 0.000000
v 6.845090 20.882188 0.000000
v 7.093643 20.841249 0.000000
v 7.483426 20.532576 0.000000
v 7.580432 20.299805 0.000000
v 7.594960 20.048254 0.000000
v 7.525555 19.806298 0.000000
v 7.175072 19.455530 0.000000
v 6.933262 19.386062 0.000000
v 6.681862 19.400628 0.000000
v 6.449261 19.497761 0.000000
v 6.261857 19.666563 0.000000
v 6.140913 19.887892 0.000000
v 7.380150 19.601067 0.000000
v 7.314794 20.720160 0.000000
v 12.782534 20.737393 -48.514482
v 12.104723 20.999615 -48.699717
v 12.246028 21.239942 -48.663166
v 12.445980 21.400772 -48.610191
v 12.688198 21.480802 -48.545213
v 12.952513 21.466732 -48.473597
v 13.187592 21.359769 -48.409242
v 13.362243 21.187740 -48.360781
v 13.379212 21.163263 -48.356018
v 13.479148 20.942923 -48.327435
v 13.503836 20.674454 -48.318875
v 13.440097 20.424868 -48.334373
v 13.279984 20.193439 -48.376075
v 13.068300 20.048851 -48.432339
v 12.820755 19.988530 -48.498896
v 12.636301 20.002593 -48.548904
v 12.399113 20.100501 -48.613766
v 12.217700 20.267179 -48.664019
v 12.149533 20.372229 -48.683199
v 12.071930 20.592606 -48.705740
v 12.058612 20.744545 -48.710407
vn 0.000 0.000 1.000
vn 0.000 0.000 1.000
vn 0.000 0.000 1.000
vn 0.000 0.000 1.000
vn 0.000 0.000 1.000
vn 0.000 0.000 1.000
vn 0.000 0.000 1.000
vn 0.000 0.000 1.000
vn 0.000 0.000 1.000
vn 0.000 0.000 1.000
vn 0.000 0.000 1.000
vn 0.000 0.000 1.000
vn 0.000 0.000 1.000
vn 0.000 0.000 1.000
vn 0.000 0.000 1.000
vn 0.000 0.000 1.000
vn 0.000 0.000 1.000
vn 0.000 0.000 1.000
vn 0.000 0.000 1.000
vn 0.000 0.000 1.000
vn 0.000 0.000 1.000
vn 0.000 0.000 1.000
vn 0.000 0.000 1.000
vn 0.000 0.000 1.000
vn 0.000 0.000 1.000
vn 0.000 0.000 1.000
vn 0.000 0.000 1.000
vn 0.000 0.000 1.000
vn 0.000 0.000 1.000
vn 0.000 0.000 1.000
vn 0.000 0.000 1.000
vn 0.000 0.000 1.000
vn 0.000 0.000 1.000
vn 0.000 0.000 1.000
vn 0.000 0.000 1.000
vn 0.000 0.000 1.000
vn 0.000 0.000 1.000
vn 0.984 0.179 0.000
vn 1.000 0.000 0.000
vn 1.000 0.000 0.000
vn 0.936 0.351 0.000
vn 0.984 0.179 0.000
vn 0.858 0.513 0.000
vn 0.936 0.351 0.000
vn 0.753 0.658 0.000
vn 0.858 0.513 0.000
vn 0.623 0.782 0.000
vn 0.753 0.658 0.000
vn 0.474 0.881 0.000
vn 0.623 0.782 0.000
vn 0.309 0.951 0.000
vn 0.474 0.881 0.000
vn 0.134 0.991 0.000
vn 0.309 0.951 0.000
vn -0.045 0.999 0.000
vn 0.134 0.991 0.000
vn -0.223 0.975 0.000
vn -0.045 0.999 0.000
vn -0.393 0.920 0.000
vn -0.223 0.975 0.000
vn -0.551 0.835 0.000
vn -0.393 0.920 0.000
vn -0.691 0.723 0.000
vn -0.551 0.835 0.000
vn -0.809 0.588 0.000
vn -0.691 0.723 0.000
vn -0.901 0.434 0.000
vn -0.809 0.588 0.000
vn -0.964 0.266 0.000
vn -0.901 0.434 0.000
vn -0.996 0.090 0.000
vn -0.964 0.266 0.000
vn -0.996 -0.090 0.000
vn -0.996 -0.090 0.000
vn -1.000 0.000 0.000
vn -0.996 0.090 0.000
vn -1.000 0.000 0.000
vn -0.964 -0.266 0.000
vn -0.901 -0.434 0.000
vn -0.964 -0.266 0.000
vn -0.809 -0.588 0.000
vn -0.901 -0.434 0.000
vn -0.691 -0.723 0.000
vn -0.809 -0.588 0.000
vn -0.551 -0.835 0.000
vn -0.691 -0.723 0.000
vn -0.393 -0.920 0.000
vn -0.551 -0.835 0.000
vn -0.223 -0.975 0.000
vn -0.393 -0.920 0.000
vn -0.045 -0.999 0.000
vn -0.223 -0.975 0.000
vn 0.134 -0.991 0.000
vn -0.045 -0.999 0.000
vn 0.309 -0.951 0.000
vn 0.134 -0.991 0.000
vn 0.474 -0.881 0.000
vn 0.309 -0.951 0.000
vn 0.474 -0.881 0.000
vn 0.539 -0.842 0.000
vn 0.538 -0.843 0.000
vn 0.623 -0.782 0.000
vn 0.550 -0.835 0.000
vn 0.545 -0.839 0.000
vn 0.539 -0.842 0.000
vn 0.623 -0.782 0.000
vn 0.539 -0.842 0.000
vn 0.540 -0.842 0.000
vn 0.540 -0.842 0.000
vn 0.542 -0.840 0.000
vn 0.753 -0.658 0.000
vn 0.858 -0.513 0.000
vn 0.753 -0.658 0.000
vn 0.936 -0.351 0.000
vn 0.858 -0.513 0.000
vn 0.984 -0.179 0.000
vn 0.936 -0.351 0.000
vn 0.984 -0.179 0.000
vn 0.558 -0.829 -0.040
vn 0.407 -0.907 -0.111
vn 0.508 -0.859 -0.065
vn 0.539 -0.841 -0.050
vn 0.551 -0.833 -0.044
vn 0.578 -0.816 -0.031
vn 0.597 -0.802 -0.021
vn 0.564 -0.825 -0.038
vn 0.691 -0.723 0.032
vn -0.302 -0.248 0.920
vn -0.302 -0.248 0.920
vn -0.302 -0.248 0.920
vn -0.302 -0.248 0.920
vn 0.000 0.000 -1.000
vn 0.000 0.000 -1.000
vn 0.000 0.000 -1.000
vn 0.000 0.000 -1.000
vn 0.000 0.000 -1.000
vn 0.000 0.000 -1.000
vn 0.000 0.000 -1.000
vn 0.000 0.000 -1.000
vn 0.000 0.000 -1.000
vn 0.000 0.000 -1.000
vn 0.000 0.000 -1.000
vn 0.000 0.000 -1.000
vn 0.000 0.000 -1.000
vn 0.000 0.000 -1.000
vn 0.000 0.000 -1.000
vn 0.000 0.000 -1.000
vn 0.000 0.000 -1.000
vn 0.000 0.000 -1.000
vn 0.000 0.000 -1.000
vn 0.000 0.000 -1.000
vn 0.000 0.000 -1.000
vn 0.000 0.000 -1.000
vn 0.000 0.000 -1.000
vn 0.000 0.000 -1.000
vn 0.000 0.000 -1.000
vn 0.000 0.000 -1.000
vn 0.000 0.000 -1.000
vn 0.000 0.000 -1.000
vn 0.000 0.000 -1.000
vn 0.000 0.000 -1.000
vn 0.000 0.000 -1.000
vn 0.000 0.000 -1.000
vn 0.000 0.000 -1.000
vn 0.000 0.000 -1.000
vn 0.000 0.000 -1.000
vn 0.000 0.000 -1.000
vn 0.000 0.000 -1.000
vn 0.000 0.000 -1.000
vn 0.000 0.000 -1.000
vn 0.000 0.000 -1.000
vn 0.000 0.000 -1.000
vn 0.000 0.000 -1.000
vn 0.000 0.000 -1.000
vn 0.000 0.000 -1.000
vn 0.000 0.000 -1.000
vn 0.000 0.000 -1.000
vn 0.000 0.000 -1.000
vn 0.000 0.000 -1.000
vn 0.000 0.000 -1.000
vn 0.000 0.000 -1.000
vn 0.000 0.000 -1.000
vn 0.000 0.000 -1.000
vn 0.000 0.000 -1.000
vn 0.000 0.000 -1.000
vn 0.940 0.342 0.000
vn 1.000 0.000 0.000
vn 1.000 0.000 0.000
vn 0.766 0.643 0.000
vn 0.940 0.342 0.000
vn 0.500 0.866 0.000
vn 0.766 0.643 0.000
vn 0.174 0.985 0.000
vn 0.500 0.866 0.000
vn -0.174 0.985 0.000
vn 0.174 0.985 0.000
vn -0.500 0.866 0.000
vn -0.174 0.985 0.000
vn -0.766 0.643 0.000
vn -0.500 0.866 0.000
vn -0.940 0.342 0.000
vn -0.766 0.643 0.000
vn -1.000 0.000 0.000
vn -0.940 0.342 0.000
vn -0.940 -0.342 0.000
vn -1.000 0.000 0.000
vn -0.766 -0.643 0.000
vn -0.940 -0.342 0.000
vn -0.500 -0.866 0.000
vn -0.766 -0.643 0.000
vn -0.174 -0.985 0.000
vn -0.500 -0.866 0.000
vn 0.174 -0.985 0.000
vn -0.174 -0.985 0.000
vn 0.500 -0.866 0.000
vn 0.174 -0.985 0.000
vn 0.766 -0.643 0.000
vn 0.500 -0.866 0.000
vn 0.940 -0.342 0.000
vn 0.766 -0.643 0.000
vn 0.940 -0.342 0.000
vn 0.000 0.000 -1.000
vn 0.000 0.000 -1.000
vn 0.000 0.000 -1.000
vn 0.000 0.000 -1.000
vn 0.000 0.000 -1.000
vn 0.000 0.000 -1.000
vn 0.000 0.000 -1.000
vn 0.000 0.000 -1.000
vn 0.000 0.000 -1.000
vn 0.000 0.000 -1.000
vn 0.000 0.000 -1.000
vn 0.000 0.000 -1.000
vn 0.000 0.000 -1.000
vn 0.000 0.000 -1.000
vn 0.000 0.000 -1.000
vn 0.000 0.000 -1.000
vn 0.000 0.000 -1.000
vn 0.000 0.000 -1.000
vn 0.000 0.000 -1.000
vn 0.000 0.000 -1.000
vn 0.000 0.000 -1.000
vn 0.000 0.000 -1.000
vn 0.000 0.000 -1.000
vn 0.000 0.000 -1.000
vn 0.000 0.000 -1.000
vn 0.000 0.000 -1.000
vn 0.000 0.000 -1.000
vn 0.000 0.000 -1.000
vn 0.000 0.000 -1.000
vn 0.000 0.000 -1.000
vn 0.000 0.000 -1.000
vn 0.000 0.000 -1.000
vn 0.000 0.000 -1.000
vn 0.000 0.000 -1.000
vn 0.000 0.000 -1.000
vn -0.932 0.361 0.000
vn -1.000 0.000 0.000
vn -1.000 0.000 0.000
vn -0.739 0.674 0.000
vn -0.932 0.361 0.000
vn -0.446 0.895 0.000
vn -0.739 0.674 0.000
vn -0.092 0.996 0.000
vn -0.446 0.895 0.000
vn 0.274 0.962 0.000
vn -0.092 0.996 0.000
vn 0.603 0.798 0.000
vn 0.274 0.962 0.000
vn 0.850 0.526 0.000
vn 0.603 0.798 0.000
vn 0.983 0.184 0.000
vn 0.850 0.526 0.000
vn 0.983 -0.184 0.000
vn 0.983 0.184 0.000
vn 0.850 -0.526 0.000
vn 0.983 -0.184 0.000
vn 0.603 -0.798 0.000
vn 0.850 -0.526 0.000
vn 0.274 -0.962 0.000
vn 0.603 -0.798 0.000
vn -0.092 -0.996 0.000
vn 0.274 -0.962 0.000
vn -0.446 -0.895 0.000
vn -0.092 -0.996 0.000
vn -0.739 -0.674 0.000
vn -0.446 -0.895 0.000
vn -0.932 -0.361 0.000
vn -0.739 -0.674 0.000
vn -0.932 -0.361 0.000
vn 0.000 0.000 1.000
vn 0.000 0.000 1.000
vn 0.000 0.000 1.000
vn 0.000 0.000 1.000
vn 0.000 0.000 1.000
vn 0.000 0.000 1.000
vn 0.000 0.000 1.000
vn 0.000 0.000 1.000
vn 0.000 0.000 1.000
vn 0.000 0.000 1.000
vn 0.000 0.000 1.000
vn 0.000 0.000 1.000
vn 0.000 0.000 1.000
vn 0.000 0.000 1.000
vn 0.000 0.000 1.000
vn 0.000 0.000 1.000
vn 0.000 0.000 1.000
vn 0.000 0.000 1.000
vn 0.000 0.000 1.000
vn 0.000 0.000 1.000
vn 0.000 0.000 1.000
vn 0.000 0.000 1.000
vn 0.000 0.000 1.000
vn 0.000 0.000 1.000
vn 0.000 0.000 1.000
vn 0.000 0.000 1.000
vn 0.000 0.000 1.000
vn 0.000 0.000 1.000
vn 0.000 0.000 1.000
vn 0.000 0.000 1.000
vn 0.000 0.000 1.000
vn 0.000 0.000 1.000
vn 0.000 0.000 1.000
vn 0.000 0.000 1.000
vn 0.000 0.000 1.000
vn 0.000 0.000 1.000
vn 0.000 0.000 1.000
vn 0.000 0.000 1.000
vn 0.000 0.000 1.000
vn -1.000 0.000 0.000
vn -1.000 0.000 0.000
vn -0.956 0.295 0.000
vn -0.956 0.295 0.000
vn -0.826 0.563 0.000
vn -0.826 0.563 0.000
vn -0.623 0.782 0.000
vn -0.623 0.782 0.000
vn -0.365 0.931 0.000
vn -0.365 0.931 0.000
vn -0.075 0.997 0.000
vn -0.075 0.997 0.000
vn 0.223 0.975 0.000
vn 0.223 0.975 0.000
vn 0.500 0.866 0.000
vn 0.500 0.866 0.000
vn 0.733 0.680 0.000
vn 0.733 0.680 0.000
vn 0.901 0.434 0.000
vn 0.901 0.434 0.000
vn 0.989 0.149 0.000
vn 0.989 -0.149 0.000
vn 0.989 -0.149 0.000
vn 1.000 0.000 0.000
vn 0.989 0.149 0.000
vn 1.000 0.000 0.000
vn 0.901 -0.434 0.000
vn 0.901 -0.434 0.000
vn 0.733 -0.680 0.000
vn 0.733 -0.680 0.000
vn 0.500 -0.866 0.000
vn 0.500 -0.866 0.000
vn 0.223 -0.975 0.000
vn 0.223 -0.975 0.000
vn -0.075 -0.997 0.000
vn -0.075 -0.997 0.000
vn -0.365 -0.931 0.000
vn -0.365 -0.931 0.000
vn -0.623 -0.782 0.000
vn -0.623 -0.782 0.000
vn -0.826 -0.563 0.000
vn -0.826 -0.563 0.000
vn -0.956 -0.295 0.000
vn -0.956 -0.295 0.000
vn 0.000 0.000 1.000
vn 0.000 0.000 1.000
vn 0.000 0.000 1.000
vn 0.000 0.000 1.000
vn 0.000 0.000 1.000
vn 0.000 0.000 1.000
vn 0.000 0.000 1.000
vn 0.000 0.000 1.000
vn 0.000 0.000 1.000
vn 0.000 0.000 1.000
vn 0.000 0.000 1.000
vn 0.000 0.000 1.000
vn 0.000 0.000 1.000
vn 0.000 0.000 1.000
vn 0.000 0.000 1.000
vn 0.000 0.000 1.000
vn 0.000 0.000 1.000
vn 0.000 0.000 1.000
vn 0.000 0.000 1.000
vn 0.000 0.000 1.000
vn 0.000 0.000 1.000
vn 0.000 0.000 1.000
vn 0.000 0.000 1.000
vn 0.000 0.000 1.000
vn 0.000 0.000 1.000
vn 0.000 0.000 1.000
vn 0.000 0.000 1.000
vn 0.000 0.000 1.000
vn 0.000 0.000 1.000
vn 0.000 0.000 1.000
vn 0.000 0.000 1.000
vn 0.000 0.000 1.000
vn 0.000 0.000 1.000
vn 0.000 0.000 1.000
vn 0.000 0.000 1.000
vn 0.000 0.000 1.000
vn 0.000 0.000 1.000
vn 0.000 0.000 1.000
vn 0.000 0.000 1.000
vn 0.000 0.000 1.000
vn 0.000 0.000 1.000
vn 0.000 0.000 1.000
vn 0.000 0.000 1.000
vn 0.000 0.000 1.000
vn 0.000 0.000 1.000
vn 0.000 0.000 1.000
vn 0.000 0.000 1.000
vn 0.000 0.000 1.000
vn 0.000 0.000 1.000
vn 0.000 0.000 1.000
vn 0.000 0.000 1.000
vn 0.000 0.000 1.000
vn 0.000 0.000 1.000
vn 0.000 0.000 1.000
vn 0.000 0.000 1.000
vn 0.000 0.000 1.000
vn 0.000 0.000 1.000
vn 0.000 0.000 1.000
vn 0.000 0.000 1.000
vn 0.000 0.000 1.000
vn -1.000 0.000 0.000
vn -1.000 0.000 0.000
vn -0.986 0.169 0.000
vn -0.986 0.169 0.000
vn -0.943 0.333 0.000
vn -0.943 0.333 0.000
vn -0.873 0.488 0.000
vn -0.873 0.488 0.000
vn -0.778 0.628 0.000
vn -0.778 0.628 0.000
vn -0.661 0.751 0.000
vn -0.661 0.751 0.000
vn -0.524 0.852 0.000
vn 0.595 0.804 0.000
vn 0.595 0.804 0.000
vn 0.722 0.692 0.000
vn 0.722 0.692 0.000
vn 0.829 0.560 0.000
vn 0.829 0.560 0.000
vn 0.911 0.412 0.000
vn 0.911 0.412 0.000
vn 0.968 0.252 0.000
vn 0.968 0.252 0.000
vn 0.996 0.085 0.000
vn 1.000 0.000 0.000
vn 0.996 -0.085 0.000
vn 0.996 -0.085 0.000
vn 1.000 0.000 0.000
vn 0.996 0.085 0.000
vn 0.968 -0.252 0.000
vn 0.968 -0.252 0.000
vn 0.911 -0.412 0.000
vn 0.911 -0.412 0.000
vn 0.829 -0.560 0.000
vn 0.829 -0.560 0.000
vn 0.722 -0.692 0.000
vn 0.722 -0.692 0.000
vn 0.595 -0.804 0.000
vn 0.595 -0.804 0.000
vn 0.450 -0.893 0.000
vn 0.450 -0.893 0.000
vn 0.293 -0.956 0.000
vn 0.293 -0.956 0.000
vn 0.127 -0.992 0.000
vn 0.127 -0.992 0.000
vn -0.042 -0.999 0.000
vn -0.042 -0.999 0.000
vn -0.211 -0.978 0.000
vn -0.211 -0.978 0.000
vn -0.373 -0.928 0.000
vn -0.373 -0.928 0.000
vn -0.524 -0.852 0.000
vn -0.524 -0.852 0.000
vn -0.661 -0.751 0.000
vn -0.661 -0.751 0.000
vn -0.778 -0.628 0.000
vn -0.778 -0.628 0.000
vn -0.873 -0.488 0.000
vn -0.873 -0.488 0.000
vn -0.943 -0.333 0.000
vn -0.943 -0.333 0.000
vn -0.986 -0.169 0.000
vn -0.986 -0.169 0.000
vn 0.127 0.992 0.000
vn 0.127 0.992 0.000
vn 0.293 0.956 0.000
vn -0.042 0.999 0.000
vn -0.042 0.999 0.000
vn -0.211 0.978 0.000
vn -0.211 0.978 0.000
vn -0.367 0.930 0.000
vn -0.373 0.928 0.000
vn -0.357 0.934 0.000
vn -0.329 0.944 0.000
vn -0.336 0.942 0.000
vn -0.316 0.949 0.000
vn -0.312 0.950 0.000
vn -0.308 0.951 0.000
vn -0.373 0.928 0.000
vn -0.524 0.852 0.000
vn -0.488 0.873 0.000
vn -0.488 0.873 0.000
vn -0.404 0.915 0.000
vn -0.377 0.926 0.000
vn -0.416 0.909 0.000
vn -0.433 0.901 0.000
vn -0.437 0.899 0.000
vn -0.443 0.897 0.000
vn -0.443 0.896 0.000
vn -0.373 0.928 0.000
vn -0.441 0.897 0.000
vn -0.439 0.898 0.000
vn -0.440 0.898 0.000
vn -0.438 0.899 0.000
vn -0.373 0.928 0.000
vn -0.437 0.900 0.000
vn -0.424 0.905 0.000
vn -0.428 0.904 0.000
vn -0.387 0.922 0.000
vn -0.410 0.912 0.000
vn -0.432 0.902 0.000
vn -0.435 0.900 0.000
vn -0.373 0.928 0.000
vn -0.211 0.978 0.000
vn -0.211 0.978 0.000
vn -0.042 0.999 0.000
vn -0.042 0.999 0.000
vn 0.127 0.992 0.000
vn 0.127 0.992 0.000
vn 0.293 0.956 0.000
vn 0.293 0.956 0.000
vn 0.450 0.893 0.000
vn 0.450 0.893 0.000
vn 0.488 0.873 0.000
vn 0.488 0.873 0.000
vn 0.450 0.893 0.000
vn 0.293 0.956 0.000
vn 0.317 0.948 0.000
vn 0.317 0.949 0.000
vn 0.330 0.944 0.000
vn 0.322 0.947 0.000
vn 0.343 0.939 0.000
vn 0.333 0.943 0.000
vn 0.364 0.931 0.000
vn 0.386 0.923 0.000
vn 0.410 0.912 0.000
vn 0.426 0.905 0.000
vn 0.432 0.902 0.000
vn 0.439 0.898 0.000
vn 0.450 0.893 0.000
vn 0.367 0.930 0.000
vn 0.379 0.925 0.000
vn 0.356 0.935 0.000
vn 0.392 0.920 0.000
vn 0.400 0.917 0.000
vn 0.345 0.939 0.000
vn 0.412 0.911 0.000
vn 0.338 0.941 0.000
vn 0.424 0.906 0.000
vn 0.335 0.942 0.000
vn 0.434 0.901 0.000
vn 0.317 0.948 0.000
vn -0.359 0.933 0.000
vn -0.960 -0.235 0.151
vn -0.963 -0.234 0.132
vn -0.844 -0.527 0.100
vn -0.846 -0.526 0.083
vn -0.848 -0.525 0.067
vn -0.966 -0.233 0.112
vn -0.850 -0.525 0.050
vn -0.968 -0.232 0.092
vn -0.852 -0.523 0.018
vn -0.970 -0.232 0.072
vn -0.977 0.123 0.172
vn -0.981 0.124 0.151
vn -0.984 0.125 0.130
vn -0.986 0.126 0.109
vn -0.973 -0.230 0.033
vn -0.988 0.126 0.087
vn -0.876 0.450 0.172
vn -0.879 0.451 0.152
vn -0.882 0.452 0.132
vn -0.885 0.453 0.112
vn -0.991 0.128 0.046
vn -0.886 0.454 0.092
vn -0.654 0.741 0.149
vn -0.657 0.742 0.133
vn -0.659 0.743 0.117
vn -0.661 0.744 0.101
vn -0.889 0.455 0.053
vn -0.663 0.744 0.085
vn -0.360 0.927 0.108
vn -0.362 0.927 0.098
vn -0.363 0.928 0.088
vn -0.364 0.928 0.078
vn -0.665 0.745 0.054
vn -0.365 0.928 0.067
vn 0.008 0.999 0.049
vn 0.008 0.999 0.047
vn 0.008 0.999 0.044
vn 0.007 0.999 0.042
vn -0.367 0.929 0.047
vn 0.007 0.999 0.039
vn 0.367 0.930 -0.015
vn 0.368 0.930 -0.010
vn 0.368 0.930 -0.005
vn 0.369 0.929 0.001
vn 0.007 0.999 0.034
vn 0.370 0.929 0.006
vn 0.657 0.750 -0.073
vn 0.659 0.750 -0.062
vn 0.660 0.749 -0.050
vn 0.662 0.749 -0.038
vn 0.370 0.929 0.016
vn 0.663 0.748 -0.026
vn 0.870 0.476 -0.124
vn 0.873 0.476 -0.107
vn 0.876 0.475 -0.090
vn 0.878 0.474 -0.072
vn 0.665 0.747 -0.003
vn 0.879 0.473 -0.055
vn 0.978 0.135 -0.159
vn 0.981 0.134 -0.139
vn 0.984 0.133 -0.119
vn 0.986 0.132 -0.098
vn 0.881 0.472 -0.021
vn 0.988 0.132 -0.077
vn 0.955 -0.240 -0.175
vn 0.958 -0.241 -0.154
vn 0.961 -0.242 -0.133
vn 0.964 -0.243 -0.112
vn 0.991 0.130 -0.038
vn 0.966 -0.244 -0.090
vn 0.814 -0.557 -0.167
vn 0.817 -0.558 -0.148
vn 0.819 -0.559 -0.129
vn 0.821 -0.560 -0.110
vn 0.968 -0.246 -0.050
vn 0.823 -0.560 -0.091
vn 0.676 -0.721 -0.152
vn 0.678 -0.722 -0.135
vn 0.681 -0.723 -0.119
vn 0.683 -0.724 -0.102
vn 0.826 -0.562 -0.054
vn 0.684 -0.724 -0.086
vn 0.387 -0.915 -0.112
vn 0.389 -0.916 -0.102
vn 0.390 -0.916 -0.091
vn 0.392 -0.917 -0.080
vn 0.686 -0.725 -0.054
vn 0.393 -0.917 -0.069
vn -0.785 -0.619 0.012
vn -0.578 -0.816 -0.005
vn -0.695 -0.719 0.011
vn -0.768 -0.639 0.029
vn -0.820 -0.570 0.050
vn -0.837 -0.544 0.063
vn -0.809 -0.586 0.044
vn -0.837 -0.542 0.080
vn -0.803 -0.590 0.088
vn -0.717 -0.693 0.081
vn -0.841 -0.528 0.116
vn 0.050 -0.997 -0.059
vn -0.182 -0.983 -0.019
vn -0.066 -0.997 -0.039
vn 0.065 -0.996 -0.058
vn 0.161 -0.985 -0.068
vn 0.218 -0.973 -0.070
vn 0.238 -0.969 -0.069
vn 0.247 -0.967 -0.064
vn 0.394 -0.918 -0.048
vn 0.171 -0.984 -0.048
vn 0.072 -0.997 -0.039
vn 0.226 -0.973 -0.057
vn 0.052 -0.998 -0.035
vn 0.052 -0.998 -0.036
vn -0.010 -0.999 -0.034
vn 0.433 -0.900 -0.047
vn 0.707 -0.706 -0.051
vn 0.901 -0.432 -0.049
vn 0.993 -0.110 -0.041
vn 0.974 0.225 -0.029
vn 0.845 0.534 -0.014
vn 0.621 0.784 0.003
vn 0.326 0.945 0.019
vn -0.006 0.999 0.034
vn -0.629 0.776 0.050
vn -0.850 0.524 0.049
vn -0.976 0.213 0.044
vn -0.999 0.006 0.038
vn -0.945 -0.326 0.025
vn -0.784 -0.620 0.009
vn -0.558 -0.830 -0.007
vn -0.336 0.941 0.044
vn -0.071 -0.997 -0.031
vn -0.235 -0.972 -0.010
vn -0.603 -0.796 0.062
vn -0.776 -0.623 0.100
vn -0.593 0.803 0.062
vn -0.827 0.561 -0.027
vn -0.824 0.565 -0.044
vn -0.284 0.948 0.144
vn -0.591 0.805 0.054
vn 0.074 0.975 0.209
vn -0.285 0.947 0.147
vn -0.970 0.234 -0.061
vn -0.981 -0.145 -0.129
vn -0.977 -0.139 -0.160
vn -0.833 0.554 0.009
vn -0.967 0.239 -0.088
vn -0.595 0.800 0.077
vn -0.830 0.557 -0.009
vn -0.283 0.949 0.136
vn -0.594 0.801 0.070
vn 0.079 0.981 0.180
vn -0.283 0.949 0.140
vn 0.425 0.883 0.199
vn 0.077 0.978 0.195
vn 0.700 0.688 0.194
vn 0.421 0.879 0.223
vn 0.887 0.431 0.168
vn 0.696 0.682 0.224
vn -0.963 0.245 -0.114
vn 0.417 0.874 0.247
vn -0.860 -0.480 -0.175
vn -0.715 -0.672 -0.193
vn -0.722 -0.662 -0.200
vn -0.946 -0.258 -0.196
vn -0.984 -0.032 -0.178
vn -0.945 0.301 -0.126
vn -0.905 0.413 -0.100
vn -0.753 0.658 -0.021
vn -0.502 0.861 0.080
vn -0.376 0.918 0.123
vn -0.308 0.940 0.144
vn -0.614 0.789 0.038
vn -0.478 0.874 0.089
vn -0.448 0.888 0.099
vn -0.506 0.859 0.079
vn -0.545 0.836 0.065
vn -0.409 0.905 0.112
vn -0.173 0.968 0.180
vn 0.045 0.973 0.227
vn -0.240 0.957 0.163
vn 0.071 0.972 0.224
vn 0.512 0.815 0.270
vn 0.345 0.901 0.265
vn 0.571 0.776 0.268
vn 0.681 0.684 0.259
vn 0.691 0.677 0.254
vn 0.871 0.441 0.217
vn 0.992 0.026 0.121
vn 0.883 0.425 0.201
vn 0.925 0.328 0.193
vn 0.914 -0.406 0.011
vn 0.995 -0.064 0.075
vn 0.991 -0.100 0.087
vn 0.954 0.271 0.126
vn 0.989 0.092 0.120
vn 0.803 0.573 0.163
vn 0.562 0.807 0.182
vn 0.261 0.948 0.180
vn 0.079 0.982 0.170
vn -0.067 0.985 0.158
vn -0.388 0.914 0.119
vn -0.667 0.742 0.066
vn -0.875 0.484 0.005
vn -0.984 0.169 -0.058
vn -0.994 -0.048 -0.095
vn -0.917 -0.371 -0.143
vn -0.736 -0.654 -0.175
vn -0.473 -0.861 -0.187
vn -0.463 -0.867 -0.187
vn 0.990 -0.109 0.087
vn 0.167 -0.050 0.985
vn 0.167 -0.050 0.985
vn 0.167 -0.050 0.985
vn 0.167 -0.050 0.985
vn 0.167 -0.050 0.985
vn 0.167 -0.050 0.985
vn 0.167 -0.050 0.985
vn 0.167 -0.050 0.985
vn 0.167 -0.050 0.985
vn 0.167 -0.050 0.985
vn 0.167 -0.050 0.985
vn 0.167 -0.050 0.985
vn 0.167 -0.050 0.985
vn 0.167 -0.050 0.985
vn 0.167 -0.050 0.985
vn 0.167 -0.050 0.985
vn 0.167 -0.050 0.985
vn 0.167 -0.050 0.985
vn 0.167 -0.050 0.985
vn 0.167 -0.050 0.985
vn 0.167 -0.050 0.985
vn -1.000 0.000 0.000
vn -1.000 0.000 0.000
vn -1.000 0.000 0.000
vn -1.000 0.000 0.000
vn -0.667 0.745 0.000
vn -0.667 0.745 0.000
vn -0.520 0.854 0.000
vn -0.520 0.854 0.000
vn -0.357 0.934 0.000
vn -0.357 0.934 0.000
vn -0.181 0.983 0.000
vn -0.181 0.983 0.000
vn 0.000 1.000 0.000
vn 0.000 1.000 0.000
vn 0.181 0.983 0.000
vn 0.181 0.983 0.000
vn 0.357 0.934 0.000
vn 0.357 0.934 0.000
vn 0.520 0.854 0.000
vn 0.520 0.854 0.000
vn 0.667 0.745 0.000
vn 0.667 0.745 0.000
vn 1.000 0.000 0.000
vn 1.000 0.000 0.000
vn 1.000 0.000 0.000
vn 1.000 0.000 0.000
vn 0.000 0.000 1.000
vn 0.000 0.000 1.000
vn 0.000 0.000 1.000
vn 0.000 0.000 1.000
vn 0.000 0.000 1.000
vn 0.000 0.000 1.000
vn 0.000 0.000 1.000
vn 0.000 0.000 1.000
vn 0.000 0.000 1.000
vn 0.000 0.000 1.000
vn 0.000 0.000 1.000
vn 0.000 0.000 1.000
vn 0.000 0.000 1.000
vn 0.000 0.000 1.000
vn 0.000 0.000 1.000
vn 0.000 0.000 1.000
vn 0.000 0.000 1.000
vn 0.000 0.000 1.000
vn 0.000 0.000 1.000
vn 0.000 0.000 1.000
vn 0.000 0.000 1.000
vn 0.000 0.000 1.000
vn 0.000 0.000 1.000
vn 0.000 0.000 1.000
vn 0.000 0.000 1.000
vn 0.000 0.000 1.000
vn 0.000 0.000 1.000
vn 0.000 0.000 1.000
vn 0.000 0.000 1.000
vn 0.000 0.000 1.000
vn 0.000 0.000 1.000
vn 0.000 0.000 1.000
vn 0.000 0.000 1.000
vn 0.000 0.000 1.000
vn 0.000 0.000 1.000
vn 0.000 0.000 1.000
vn 0.000 0.000 1.000
vn 0.000 0.000 1.000
vn 0.000 0.000 1.000
vn 0.000 0.000 1.000
vn 0.000 0.000 1.000
vn 0.000 0.000 1.000
vn 0.000 0.000 1.000
vn 0.000 0.000 1.000
vn 0.000 0.000 1.000
vn 0.000 0.000 1.000
vn 0.000 0.000 1.000
vn 0.000 0.000 1.000
vn 0.000 0.000 1.000
vn 0.000 0.000 1.000
vn 0.000 0.000 1.000
vn 0.000 0.000 1.000
vn 0.000 0.000 1.000
vn 0.000 0.000 1.000
vn 0.000 0.000 1.000
vn 0.000 0.000 1.000
vn 0.000 0.000 1.000
vn 0.000 0.000 1.000
vn 0.000 0.000 1.000
vn 0.000 0.000 1.000
vn 0.000 0.000 1.000
vn 0.000 0.000 1.000
vn 0.000 0.000 1.000
vn 0.000 0.000 1.000
vn 0.000 0.000 1.000
vn 0.000 0.000 1.000
vn 0.000 0.000 1.000
vn 0.000 0.000 1.000
vn 0.000 0.000 1.000
vn 0.000 0.000 1.000
vn 0.000 0.000 1.000
vn 0.000 0.000 1.000
vn 0.000 0.000 1.000
vn 0.707 0.000 -0.707
vn 0.707 0.000 -0.707
vn 0.705 0.060 -0.707
vn 0.705 0.060 -0.707
vn 0.684 0.178 -0.707
vn 0.684 0.178 -0.707
vn 0.644 0.291 -0.707
vn 0.644 0.291 -0.707
vn 0.586 0.396 -0.707
vn 0.586 0.396 -0.707
vn 0.511 0.489 -0.707
vn 0.511 0.489 -0.707
vn 0.420 0.569 -0.707
vn 0.420 0.569 -0.707
vn 0.318 0.631 -0.707
vn 0.318 0.631 -0.707
vn 0.207 0.676 -0.707
vn 0.207 0.676 -0.707
vn 0.090 0.701 -0.707
vn 0.090 0.701 -0.707
vn -0.030 0.706 -0.707
vn -0.030 0.706 -0.707
vn -0.149 0.691 -0.707
vn -0.149 0.691 -0.707
vn -0.264 0.656 -0.707
vn -0.264 0.656 -0.707
vn -0.371 0.602 -0.707
vn -0.371 0.602 -0.707
vn -0.467 0.531 -0.707
vn -0.467 0.531 -0.707
vn -0.550 0.444 -0.707
vn -0.550 0.444 -0.707
vn -0.617 0.345 -0.707
vn -0.617 0.345 -0.707
vn -0.667 0.236 -0.707
vn -0.667 0.236 -0.707
vn -0.697 0.120 -0.707
vn -0.697 0.120 -0.707
vn -0.707 0.000 -0.707
vn -0.707 0.000 -0.707
vn -0.697 -0.120 -0.707
vn -0.697 -0.120 -0.707
vn -0.667 -0.236 -0.707
vn -0.667 -0.236 -0.707
vn -0.617 -0.345 -0.707
vn -0.617 -0.345 -0.707
vn -0.550 -0.444 -0.707
vn -0.550 -0.444 -0.707
vn -0.467 -0.531 -0.707
vn -0.467 -0.531 -0.707
vn -0.371 -0.602 -0.707
vn -0.371 -0.602 -0.707
vn -0.264 -0.656 -0.707
vn -0.264 -0.656 -0.707
vn -0.149 -0.691 -0.707
vn -0.149 -0.691 -0.707
vn -0.030 -0.706 -0.707
vn -0.030 -0.706 -0.707
vn 0.090 -0.701 -0.707
vn 0.090 -0.701 -0.707
vn 0.207 -0.676 -0.707
vn 0.207 -0.676 -0.707
vn 0.318 -0.631 -0.707
vn 0.318 -0.631 -0.707
vn 0.420 -0.569 -0.707
vn 0.420 -0.569 -0.707
vn 0.511 -0.489 -0.707
vn 0.511 -0.489 -0.707
vn 0.586 -0.396 -0.707
vn 0.586 -0.396 -0.707
vn 0.644 -0.291 -0.707
vn 0.644 -0.291 -0.707
vn 0.684 -0.178 -0.707
vn 0.684 -0.178 -0.707
vn 0.705 -0.060 -0.707
vn 0.705 -0.060 -0.707
vn 0.000 0.000 -1.000
vn 0.000 0.000 -1.000
vn 0.000 0.000 -1.000
vn 0.000 0.000 -1.000
vn 0.000 0.000 -1.000
vn 0.000 0.000 -1.000
vn 0.000 0.000 -1.000
vn 0.000 0.000 -1.000
vn 0.000 0.000 -1.000
vn 0.000 0.000 -1.000
vn 0.000 0.000 -1.000
vn 0.000 0.000 -1.000
vn 0.000 0.000 -1.000
vn 0.000 0.000 -1.000
vn 0.000 0.000 -1.000
vn 0.000 0.000 -1.000
vn 0.000 0.000 -1.000
vn 0.000 0.000 -1.000
vn 0.000 0.000 -1.000
vn 0.000 0.000 -1.000
vn 0.000 0.000 -1.000
vn 0.000 0.000 -1.000
vn 0.000 0.000 -1.000
vn 0.000 0.000 -1.000
vn 0.000 0.000 -1.000
vn 0.000 0.000 -1.000
vn 0.000 0.000 -1.000
vn 0.000 0.000 -1.000
vn 0.000 0.000 -1.000
vn 0.000 0.000 -1.000
vn 0.000 0.000 -1.000
vn 0.000 0.000 -1.000
vn 0.000 0.000 -1.000
vn 0.000 0.000 -1.000
vn 0.000 0.000 -1.000
vn 0.000 0.000 -1.000
vn 0.000 0.000 -1.000
vn 0.000 0.000 -1.000
vn 0.000 0.000 -1.000
vn 0.338 0.918 -0.208
vn 0.335 0.923 -0.188
vn -0.003 0.970 -0.244
vn -0.006 0.976 -0.219
vn -0.009 0.981 -0.194
vn 0.332 0.928 -0.168
vn -0.012 0.986 -0.169
vn 0.330 0.932 -0.148
vn -0.015 0.990 -0.143
vn 0.327 0.936 -0.127
vn -0.017 0.993 -0.118
vn 0.325 0.940 -0.106
vn 0.657 0.745 -0.116
vn 0.655 0.748 -0.103
vn 0.653 0.752 -0.090
vn 0.652 0.754 -0.077
vn 0.650 0.757 -0.064
vn 0.323 0.943 -0.084
vn 0.649 0.759 -0.051
vn 0.872 0.489 -0.015
vn 0.871 0.491 -0.010
vn 0.871 0.492 -0.006
vn 0.870 0.493 -0.002
vn 0.870 0.493 0.003
vn 0.648 0.761 -0.037
vn 0.869 0.494 0.007
vn 0.981 0.172 0.089
vn 0.982 0.171 0.084
vn 0.982 0.170 0.079
vn 0.983 0.169 0.074
vn 0.983 0.168 0.070
vn 0.869 0.495 0.012
vn 0.984 0.167 0.065
vn 0.966 -0.180 0.185
vn 0.968 -0.184 0.171
vn 0.970 -0.187 0.158
vn 0.971 -0.190 0.144
vn 0.973 -0.193 0.130
vn 0.984 0.166 0.059
vn 0.974 -0.195 0.116
vn 0.828 -0.500 0.254
vn 0.831 -0.505 0.234
vn 0.833 -0.510 0.214
vn 0.835 -0.515 0.193
vn 0.838 -0.519 0.172
vn 0.975 -0.197 0.101
vn 0.840 -0.522 0.150
vn 0.603 -0.743 0.291
vn 0.606 -0.749 0.267
vn 0.609 -0.755 0.242
vn 0.612 -0.761 0.217
vn 0.615 -0.765 0.191
vn 0.841 -0.525 0.129
vn 0.617 -0.769 0.166
vn 0.570 -0.768 0.293
vn 0.573 -0.774 0.269
vn 0.576 -0.780 0.244
vn 0.579 -0.786 0.218
vn 0.582 -0.790 0.192
vn 0.619 -0.773 0.140
vn 0.584 -0.795 0.166
vn 0.280 -0.914 0.293
vn 0.283 -0.921 0.268
vn 0.286 -0.927 0.242
vn 0.289 -0.933 0.215
vn 0.292 -0.938 0.189
vn 0.586 -0.798 0.140
vn 0.295 -0.942 0.162
vn -0.075 -0.963 0.258
vn -0.072 -0.970 0.234
vn -0.069 -0.975 0.210
vn -0.066 -0.980 0.186
vn -0.063 -0.985 0.161
vn 0.297 -0.945 0.134
vn -0.060 -0.989 0.136
vn -0.405 -0.894 0.192
vn -0.403 -0.899 0.174
vn -0.400 -0.903 0.155
vn -0.398 -0.907 0.135
vn -0.396 -0.911 0.116
vn -0.058 -0.992 0.111
vn -0.394 -0.914 0.096
vn -0.713 -0.695 0.094
vn -0.711 -0.698 0.083
vn -0.710 -0.701 0.072
vn -0.708 -0.703 0.061
vn -0.707 -0.705 0.049
vn -0.392 -0.917 0.076
vn -0.706 -0.707 0.038
vn -0.906 -0.423 -0.009
vn -0.906 -0.423 -0.011
vn -0.906 -0.424 -0.013
vn -0.905 -0.424 -0.016
vn -0.905 -0.425 -0.018
vn -0.705 -0.709 0.026
vn -0.905 -0.425 -0.020
vn -0.989 -0.097 -0.111
vn -0.990 -0.095 -0.104
vn -0.991 -0.094 -0.097
vn -0.992 -0.092 -0.091
vn -0.992 -0.091 -0.084
vn -0.905 -0.425 -0.023
vn -0.993 -0.089 -0.076
vn -0.973 0.148 -0.177
vn -0.975 0.151 -0.164
vn -0.976 0.154 -0.151
vn -0.978 0.157 -0.138
vn -0.979 0.160 -0.125
vn -0.994 -0.088 -0.069
vn -0.980 0.162 -0.111
vn -0.847 0.469 -0.249
vn -0.850 0.475 -0.229
vn -0.852 0.479 -0.209
vn -0.854 0.484 -0.189
vn -0.857 0.488 -0.169
vn -0.982 0.164 -0.098
vn -0.858 0.491 -0.148
vn -0.629 0.722 -0.289
vn -0.633 0.728 -0.265
vn -0.636 0.734 -0.240
vn -0.638 0.739 -0.216
vn -0.641 0.744 -0.191
vn -0.860 0.494 -0.127
vn -0.643 0.748 -0.165
vn -0.489 0.821 -0.296
vn -0.492 0.827 -0.271
vn -0.495 0.833 -0.246
vn -0.498 0.839 -0.220
vn -0.501 0.844 -0.194
vn -0.645 0.751 -0.140
vn -0.503 0.848 -0.167
vn -0.198 0.937 -0.288
vn -0.202 0.943 -0.263
vn -0.205 0.950 -0.237
vn -0.208 0.955 -0.211
vn -0.211 0.960 -0.185
vn -0.505 0.851 -0.140
vn -0.213 0.964 -0.158
vn 0.000 0.963 -0.268
vn -0.216 0.968 -0.131
vn -0.019 0.995 -0.094
vn -0.346 0.931 -0.111
vn -0.635 0.763 -0.116
vn -0.853 0.510 -0.108
vn -0.976 0.200 -0.088
vn -0.989 -0.133 -0.058
vn -0.892 -0.452 -0.022
vn -0.693 -0.721 0.017
vn -0.414 -0.908 0.054
vn -0.089 -0.992 0.085
vn 0.552 -0.826 0.114
vn 0.795 -0.597 0.111
vn 0.949 -0.301 0.095
vn 0.997 0.029 0.068
vn 0.934 0.356 0.034
vn 0.765 0.644 -0.005
vn 0.508 0.860 -0.043
vn 0.322 0.945 -0.065
vn 0.193 0.978 -0.077
vn 0.246 -0.964 0.105
vn -0.133 0.266 0.955
vn -0.133 0.266 0.955
vn -0.133 0.266 0.955
vn -0.133 0.266 0.955
vn -0.133 0.266 0.955
vn -0.133 0.266 0.955
vn -0.133 0.266 0.955
vn -0.133 0.266 0.955
vn -0.133 0.266 0.955
vn -0.133 0.266 0.955
vn -0.133 0.266 0.955
vn -0.133 0.266 0.955
vn -0.133 0.266 0.955
vn -0.133 0.266 0.955
vn -0.133 0.266 0.955
vn -0.133 0.266 0.955
vn -0.133 0.266 0.955
vn -0.133 0.266 0.955
vn -0.133 0.266 0.955
vn -0.133 0.266 0.955
vn -0.133 0.266 0.955
vn 0.000 0.000 -1.000
vn 0.000 0.000 -1.000
vn 0.000 0.000 -1.000
vn 0.000 0.000 -1.000
vn 0.000 0.000 -1.000
vn 0.000 0.000 -1.000
vn 0.000 0.000 -1.000
vn 0.000 0.000 -1.000
vn 0.000 0.000 -1.000
vn 0.000 0.000 -1.000
vn 0.000 0.000 -1.000
vn 0.000 0.000 -1.000
vn 0.000 0.000 -1.000
vn 0.000 0.000 -1.000
vn 0.000 0.000 -1.000
vn 0.000 0.000 -1.000
vn 0.000 0.000 -1.000
vn 0.000 0.000 -1.000
vn 0.000 0.000 -1.000
vn 0.000 0.000 -1.000
vn 0.000 0.000 -1.000
vn 0.000 0.000 -1.000
vn 0.000 0.000 -1.000
vn 0.000 0.000 -1.000
vn 0.000 0.000 -1.000
vn 0.000 0.000 -1.000
vn 0.000 0.000 -1.000
vn 0.000 0.000 -1.000
vn 0.000 0.000 -1.000
vn 0.000 0.000 -1.000
vn 0.000 0.000 -1.000
vn 0.000 0.000 -1.000
vn 0.000 0.000 -1.000
vn 0.000 0.000 -1.000
vn 0.000 0.000 -1.000
vn 0.000 0.000 -1.000
vn 0.000 0.000 -1.000
vn 0.000 0.000 -1.000
vn 0.000 0.000 -1.000
vn 0.000 0.000 -1.000
vn 0.000 0.000 -1.000
vn 0.000 0.000 -1.000
vn 0.000 0.000 -1.000
vn 0.000 0.000 -1.000
vn 0.000 0.000 -1.000
vn 0.000 0.000 -1.000
vn 0.000 0.000 -1.000
vn 0.000 0.000 -1.000
vn 0.000 0.000 -1.000
vn 0.000 0.000 -1.000
vn 0.000 0.000 -1.000
vn 0.000 0.000 -1.000
vn 0.000 0.000 -1.000
vn 0.000 0.000 -1.000
vn 0.000 0.000 -1.000
vn 0.000 0.000 -1.000
vn 0.000 0.000 -1.000
vn 0.000 0.000 -1.000
vn 0.000 0.000 -1.000
vn 0.000 0.000 -1.000
vn 0.000 0.000 -1.000
vn 0.000 0.000 -1.000
vn 0.000 0.000 -1.000
vn 0.000 0.000 -1.000
vn 0.000 0.000 -1.000
vn 0.000 0.000 -1.000
vn 0.000 0.000 -1.000
vn 0.000 0.000 -1.000
vn 0.000 0.000 -1.000
vn 0.000 0.000 -1.000
vn 0.000 0.000 -1.000
vn 0.000 0.000 -1.000
vn 0.000 0.000 -1.000
vn 0.000 0.000 -1.000
vn 0.000 0.000 -1.000
vn 0.000 0.000 -1.000
vn -0.789 0.610 0.079
vn -0.960 0.279 0.035
vn -0.959 0.282 0.010
vn -0.529 0.842 0.109
vn -0.788 0.612 0.063
vn -0.202 0.971 0.127
vn -0.529 0.842 0.104
vn 0.164 0.978 0.128
vn -0.202 0.970 0.133
vn 0.498 0.860 0.113
vn 0.164 0.976 0.146
vn 0.755 0.650 0.086
vn 0.497 0.856 0.139
vn 0.787 0.612 0.081
vn 0.754 0.646 0.117
vn 0.943 0.331 0.044
vn 0.786 0.607 0.112
vn 0.942 0.326 0.077
vn 0.999 -0.024 0.028
vn 1.000 -0.020 -0.002
vn 0.934 -0.358 -0.022
vn 0.934 -0.354 -0.045
vn 0.733 -0.676 -0.074
vn 0.733 -0.674 -0.087
vn 0.454 -0.884 -0.113
vn 0.454 -0.884 -0.115
vn 0.117 -0.984 -0.138
vn 0.117 -0.985 -0.128
vn -0.115 -0.983 -0.145
vn -0.115 -0.985 -0.129
vn -0.452 -0.881 -0.141
vn -0.996 -0.069 0.053
vn -0.998 -0.061 -0.009
vn -0.959 0.276 0.061
vn -0.788 0.606 0.111
vn -0.958 0.273 0.087
vn -0.528 0.840 0.120
vn -0.788 0.608 0.095
vn -0.203 0.973 0.114
vn -0.529 0.841 0.115
vn 0.163 0.982 0.093
vn -0.202 0.972 0.120
vn 0.496 0.866 0.061
vn 0.164 0.980 0.110
vn 0.753 0.658 0.023
vn 0.498 0.863 0.087
vn 0.785 0.619 0.017
vn 0.754 0.654 0.054
vn 0.941 0.339 -0.021
vn 0.787 0.616 0.049
vn 0.942 0.335 0.011
vn 0.999 -0.017 -0.032
vn 0.998 -0.013 -0.062
vn 0.934 -0.351 -0.069
vn 0.933 -0.349 -0.093
vn 0.733 -0.673 -0.101
vn 0.732 -0.671 -0.114
vn 0.454 -0.883 -0.117
vn 0.454 -0.883 -0.120
vn 0.117 -0.986 -0.119
vn 0.118 -0.987 -0.110
vn -0.115 -0.987 -0.113
vn -0.114 -0.989 -0.096
vn -0.452 -0.887 -0.091
vn -0.720 -0.693 -0.029
vn -0.451 -0.890 -0.066
vn -0.722 -0.686 -0.090
vn -0.862 -0.502 -0.066
vn -0.984 -0.175 0.041
vn -0.860 -0.510 -0.001
vn -0.986 -0.168 -0.023
vn -0.953 0.269 0.137
vn -0.991 -0.074 0.115
vn -0.786 0.605 0.127
vn -0.527 0.840 0.130
vn -0.785 0.603 0.143
vn -0.204 0.974 0.101
vn -0.528 0.840 0.125
vn 0.159 0.986 0.058
vn -0.203 0.973 0.108
vn 0.491 0.871 0.009
vn 0.161 0.984 0.075
vn 0.747 0.664 -0.038
vn 0.494 0.869 0.035
vn 0.779 0.625 -0.045
vn 0.750 0.661 -0.008
vn 0.935 0.344 -0.086
vn 0.783 0.622 -0.014
vn 0.938 0.342 -0.054
vn 0.996 -0.010 -0.091
vn 0.993 -0.008 -0.121
vn 0.931 -0.347 -0.116
vn 0.928 -0.345 -0.140
vn 0.731 -0.670 -0.128
vn 0.730 -0.669 -0.141
vn 0.453 -0.883 -0.122
vn 0.453 -0.883 -0.124
vn 0.119 -0.988 -0.101
vn 0.120 -0.989 -0.092
vn -0.112 -0.990 -0.080
vn -0.446 -0.895 -0.016
vn -0.111 -0.992 -0.064
vn -0.715 -0.699 0.032
vn -0.978 -0.181 0.105
vn -0.854 -0.516 0.063
vn -0.946 0.266 0.186
vn -0.982 -0.078 0.175
vn -0.782 0.602 0.158
vn -0.526 0.839 0.140
vn -0.780 0.602 0.174
vn -0.206 0.974 0.089
vn -0.527 0.839 0.135
vn 0.154 0.988 0.024
vn -0.205 0.974 0.095
vn 0.483 0.875 -0.041
vn 0.157 0.987 0.041
vn 0.738 0.668 -0.099
vn 0.487 0.873 -0.016
vn 0.770 0.629 -0.107
vn 0.743 0.666 -0.069
vn 0.925 0.349 -0.150
vn 0.775 0.627 -0.076
vn 0.930 0.347 -0.118
vn 0.989 -0.006 -0.150
vn 0.984 -0.005 -0.179
vn 0.925 -0.344 -0.163
vn 0.921 -0.343 -0.186
vn 0.728 -0.668 -0.154
vn 0.726 -0.668 -0.167
vn 0.453 -0.883 -0.127
vn 0.452 -0.882 -0.129
vn 0.121 -0.989 -0.083
vn -0.105 -0.994 -0.033
vn 0.123 -0.990 -0.075
vn -0.438 -0.898 0.032
vn -0.705 -0.703 0.091
vn -0.969 -0.185 0.167
vn -0.845 -0.520 0.126
vn -0.935 0.265 0.234
vn -0.969 -0.079 0.233
vn -0.773 0.601 0.204
vn -0.525 0.839 0.145
vn -0.209 0.975 0.077
vn -0.523 0.839 0.150
vn 0.146 0.989 -0.008
vn -0.207 0.975 0.083
vn 0.472 0.877 -0.090
vn 0.150 0.989 0.008
vn 0.725 0.671 -0.157
vn 0.478 0.876 -0.066
vn 0.757 0.632 -0.166
vn 0.732 0.669 -0.128
vn 0.912 0.351 -0.211
vn 0.764 0.631 -0.137
vn 0.919 0.350 -0.181
vn 0.978 -0.004 -0.207
vn 0.972 -0.003 -0.235
vn 0.916 -0.342 -0.208
vn 0.911 -0.341 -0.230
vn 0.723 -0.667 -0.180
vn 0.720 -0.667 -0.192
vn 0.452 -0.882 -0.131
vn 0.451 -0.882 -0.133
vn 0.124 -0.990 -0.066
vn -0.098 -0.995 -0.003
vn 0.127 -0.990 -0.058
vn -0.428 -0.900 0.079
vn -0.693 -0.706 0.149
vn -0.956 -0.187 0.227
vn -0.832 -0.523 0.187
vn -0.923 0.265 0.279
vn -0.954 -0.080 0.288
vn -0.765 0.601 0.232
vn -0.521 0.839 0.159
vn -0.210 0.975 0.071
vn 0.137 0.990 -0.040
vn -0.212 0.975 0.066
vn 0.459 0.878 -0.137
vn 0.142 0.990 -0.024
vn 0.710 0.672 -0.213
vn 0.466 0.878 -0.114
vn 0.741 0.633 -0.223
vn 0.718 0.671 -0.185
vn 0.896 0.352 -0.270
vn 0.749 0.633 -0.195
vn 0.905 0.352 -0.241
vn 0.965 -0.003 -0.263
vn 0.957 -0.003 -0.289
vn 0.906 -0.341 -0.251
vn 0.900 -0.341 -0.272
vn 0.717 -0.667 -0.205
vn 0.713 -0.667 -0.217
vn 0.451 -0.882 -0.136
vn 0.131 -0.990 -0.041
vn 0.450 -0.882 -0.138
vn -0.090 -0.996 0.025
vn -0.415 -0.901 0.124
vn -0.678 -0.707 0.204
vn -0.940 -0.187 0.284
vn -0.816 -0.524 0.246
vn -0.947 -0.080 0.311
vn -0.761 0.601 0.244
vn -0.859 0.429 0.278
vn -0.542 0.823 0.170
vn 0.133 0.990 -0.053
vn -0.079 0.997 0.017
vn 0.405 0.903 -0.141
vn 0.453 0.878 -0.156
vn 0.702 0.672 -0.236
vn 0.734 0.633 -0.246
vn 0.889 0.352 -0.295
vn 0.781 0.568 -0.261
vn 0.947 0.080 -0.311
vn 0.710 -0.667 -0.227
vn 0.859 -0.429 -0.278
vn 0.542 -0.823 -0.170
vn -0.405 -0.903 0.141
vn 0.079 -0.997 -0.017
vn -0.933 -0.187 0.308
vn -0.781 -0.568 0.261
vn -0.453 -0.884 -0.116
vn -0.986 0.161 -0.034
vn -0.958 0.286 -0.012
vn -0.996 -0.053 -0.068
vn -0.879 0.476 0.022
vn -0.674 0.735 0.075
vn -0.395 0.911 0.118
vn -0.073 0.986 0.148
vn 0.257 0.953 0.162
vn 0.804 0.578 0.136
vn 0.956 0.277 0.098
vn 0.997 -0.057 0.050
vn 0.924 -0.382 -0.005
vn 0.747 -0.663 -0.058
vn 0.488 -0.867 -0.106
vn 0.176 -0.974 -0.141
vn -0.155 -0.975 -0.161
vn -0.471 -0.867 -0.164
vn -0.737 -0.660 -0.148
vn -0.919 -0.377 -0.114
vn 0.562 0.812 0.158
vn -0.312 -0.009 -0.950
vn -0.312 -0.009 -0.950
vn -0.312 -0.009 -0.950
vn -0.312 -0.009 -0.950
vn -0.312 -0.009 -0.950
vn -0.312 -0.009 -0.950
vn -0.312 -0.009 -0.950
vn -0.312 -0.009 -0.950
vn -0.312 -0.009 -0.950
vn -0.312 -0.009 -0.950
vn -0.312 -0.009 -0.950
vn -0.312 -0.009 -0.950
vn -0.312 -0.009 -0.950
vn -0.312 -0.009 -0.950
vn -0.312 -0.009 -0.950
vn -0.312 -0.009 -0.950
vn -0.312 -0.009 -0.950
vn -0.312 -0.009 -0.950
vn -0.312 -0.009 -0.950
vn -0.312 -0.009 -0.950
vn -0.312 -0.009 -0.950
vn 0.318 0.948 -0.008
vn -0.023 0.999 -0.025
vn -0.022 0.998 -0.051
vn 0.644 0.765 0.012
vn 0.319 0.947 -0.029
vn 0.868 0.496 0.028
vn 0.645 0.764 -0.002
vn 0.985 0.165 0.041
vn 0.868 0.496 0.023
vn 0.978 -0.200 0.050
vn 0.985 0.166 0.046
vn 0.847 -0.530 0.051
vn 0.978 -0.200 0.064
vn 0.626 -0.779 0.047
vn 0.845 -0.529 0.073
vn 0.589 -0.807 0.046
vn 0.624 -0.778 0.073
vn 0.300 -0.953 0.036
vn 0.588 -0.806 0.073
vn 0.299 -0.952 0.064
vn -0.057 -0.997 0.046
vn -0.056 -0.998 0.021
vn -0.391 -0.920 0.024
vn -0.390 -0.921 0.004
vn -0.705 -0.709 -0.004
vn -0.704 -0.710 -0.016
vn -0.906 -0.423 -0.029
vn -0.905 -0.423 -0.032
vn -0.995 -0.084 -0.051
vn -0.996 -0.084 -0.044
vn -0.985 0.159 -0.063
vn -0.986 0.160 -0.049
vn -0.868 0.492 -0.073
vn -0.869 0.493 -0.051
vn -0.655 0.752 -0.074
vn -0.657 0.753 -0.048
vn -0.492 0.868 -0.070
vn -0.493 0.869 -0.043
vn -0.202 0.978 -0.060
vn -0.204 0.979 -0.032
vn 0.317 0.948 0.036
vn -0.025 0.999 0.028
vn -0.024 1.000 0.002
vn 0.643 0.764 0.039
vn 0.317 0.948 0.014
vn 0.867 0.496 0.037
vn 0.644 0.765 0.025
vn 0.986 0.165 0.031
vn 0.868 0.496 0.033
vn 0.979 -0.200 0.020
vn 0.986 0.165 0.036
vn 0.848 -0.530 0.007
vn 0.979 -0.201 0.035
vn 0.627 -0.779 -0.006
vn 0.847 -0.530 0.029
vn 0.591 -0.807 -0.007
vn 0.627 -0.779 0.021
vn 0.302 -0.953 -0.019
vn 0.590 -0.807 0.019
vn 0.302 -0.953 0.008
vn -0.054 -0.999 -0.005
vn -0.054 -0.998 -0.030
vn -0.389 -0.921 -0.016
vn -0.388 -0.921 -0.037
vn -0.704 -0.710 -0.027
vn -0.704 -0.709 -0.039
vn -0.905 -0.423 -0.034
vn -0.905 -0.423 -0.036
vn -0.996 -0.084 -0.036
vn -0.996 -0.084 -0.029
vn -0.987 0.160 -0.035
vn -0.987 0.160 -0.022
vn -0.870 0.493 -0.030
vn -0.870 0.493 -0.009
vn -0.658 0.753 -0.022
vn -0.659 0.752 0.004
vn -0.494 0.869 -0.016
vn -0.495 0.869 0.012
vn -0.205 0.979 -0.005
vn -0.205 0.978 0.023
vn 0.316 0.945 0.079
vn -0.026 0.996 0.080
vn -0.026 0.998 0.054
vn 0.643 0.763 0.066
vn 0.316 0.947 0.057
vn 0.867 0.496 0.046
vn 0.643 0.764 0.053
vn 0.986 0.166 0.021
vn 0.867 0.496 0.042
vn 0.980 -0.199 -0.009
vn 0.986 0.166 0.026
vn 0.849 -0.527 -0.036
vn 0.980 -0.200 0.006
vn 0.628 -0.776 -0.058
vn 0.849 -0.529 -0.014
vn 0.592 -0.804 -0.060
vn 0.628 -0.778 -0.032
vn 0.303 -0.950 -0.074
vn 0.592 -0.805 -0.034
vn 0.303 -0.952 -0.047
vn -0.053 -0.997 -0.055
vn -0.053 -0.995 -0.080
vn -0.388 -0.920 -0.057
vn -0.388 -0.919 -0.077
vn -0.703 -0.709 -0.051
vn -0.703 -0.708 -0.062
vn -0.905 -0.423 -0.039
vn -0.905 -0.423 -0.041
vn -0.996 -0.084 -0.022
vn -0.996 -0.085 -0.014
vn -0.987 0.159 -0.008
vn -0.987 0.158 0.005
vn -0.871 0.492 0.012
vn -0.871 0.490 0.033
vn -0.659 0.751 0.030
vn -0.660 0.750 0.055
vn -0.496 0.868 0.039
vn -0.496 0.866 0.066
vn -0.206 0.977 0.050
vn -0.206 0.975 0.077
vn 0.316 0.941 0.121
vn -0.026 0.991 0.131
vn -0.026 0.994 0.106
vn 0.643 0.760 0.093
vn 0.316 0.943 0.100
vn 0.867 0.495 0.055
vn 0.643 0.762 0.080
vn 0.986 0.167 0.011
vn 0.867 0.495 0.051
vn 0.980 -0.195 -0.037
vn 0.986 0.167 0.016
vn 0.849 -0.522 -0.079
vn 0.980 -0.197 -0.023
vn 0.628 -0.770 -0.109
vn 0.849 -0.525 -0.057
vn 0.592 -0.798 -0.112
vn 0.629 -0.773 -0.083
vn 0.303 -0.944 -0.128
vn 0.592 -0.801 -0.086
vn 0.303 -0.947 -0.101
vn -0.053 -0.993 -0.105
vn -0.053 -0.990 -0.130
vn -0.388 -0.917 -0.097
vn -0.388 -0.914 -0.116
vn -0.703 -0.707 -0.074
vn -0.704 -0.706 -0.085
vn -0.905 -0.423 -0.043
vn -0.905 -0.422 -0.045
vn -0.996 -0.085 -0.007
vn -0.996 -0.086 0.000
vn -0.987 0.157 0.019
vn -0.987 0.155 0.032
vn -0.871 0.488 0.054
vn -0.871 0.485 0.074
vn -0.660 0.747 0.081
vn -0.496 0.860 0.119
vn -0.660 0.744 0.106
vn -0.206 0.970 0.131
vn -0.024 0.983 0.182
vn 0.317 0.938 0.142
vn 0.644 0.756 0.119
vn 0.318 0.934 0.162
vn 0.868 0.493 0.064
vn 0.644 0.758 0.106
vn 0.986 0.169 0.001
vn 0.867 0.494 0.060
vn 0.980 -0.191 -0.065
vn 0.986 0.168 0.006
vn 0.848 -0.516 -0.121
vn 0.980 -0.193 -0.051
vn 0.628 -0.762 -0.159
vn 0.849 -0.519 -0.100
vn 0.591 -0.790 -0.163
vn 0.628 -0.766 -0.134
vn 0.302 -0.936 -0.181
vn 0.592 -0.794 -0.138
vn 0.303 -0.940 -0.155
vn -0.054 -0.986 -0.155
vn -0.055 -0.982 -0.179
vn -0.389 -0.911 -0.136
vn -0.389 -0.908 -0.155
vn -0.704 -0.704 -0.096
vn -0.704 -0.702 -0.108
vn -0.905 -0.422 -0.048
vn -0.905 -0.422 -0.050
vn -0.996 -0.087 0.007
vn -0.996 -0.089 0.014
vn -0.987 0.153 0.045
vn -0.987 0.151 0.058
vn -0.871 0.482 0.095
vn -0.659 0.736 0.155
vn -0.870 0.479 0.115
vn -0.495 0.852 0.172
vn -0.205 0.961 0.183
vn 0.319 0.926 0.202
vn -0.022 0.973 0.230
vn 0.645 0.753 0.132
vn 0.868 0.491 0.073
vn 0.645 0.750 0.145
vn 0.985 0.171 -0.008
vn 0.868 0.492 0.069
vn 0.978 -0.185 -0.092
vn 0.985 0.170 -0.004
vn 0.847 -0.507 -0.161
vn 0.979 -0.188 -0.078
vn 0.626 -0.752 -0.208
vn 0.848 -0.511 -0.141
vn 0.589 -0.779 -0.212
vn 0.627 -0.757 -0.184
vn 0.300 -0.925 -0.233
vn 0.590 -0.785 -0.188
vn 0.301 -0.931 -0.207
vn -0.055 -0.978 -0.203
vn -0.057 -0.972 -0.226
vn -0.390 -0.904 -0.174
vn -0.391 -0.900 -0.192
vn -0.705 -0.700 -0.118
vn -0.705 -0.697 -0.129
vn -0.905 -0.421 -0.052
vn -0.906 -0.421 -0.054
vn -0.996 -0.090 0.021
vn -0.995 -0.092 0.028
vn -0.986 0.148 0.070
vn -0.869 0.470 0.154
vn -0.986 0.145 0.083
vn -0.657 0.726 0.203
vn -0.493 0.841 0.222
vn -0.203 0.951 0.234
vn 0.482 0.850 0.211
vn -0.019 0.961 0.276
vn 0.647 0.744 0.169
vn 0.854 0.512 0.088
vn 0.998 0.037 -0.057
vn 0.977 -0.178 -0.117
vn 0.874 -0.449 -0.188
vn 0.845 -0.497 -0.200
vn 0.623 -0.740 -0.254
vn 0.587 -0.767 -0.259
vn 0.297 -0.912 -0.281
vn 0.516 -0.814 -0.268
vn 0.019 -0.961 -0.276
vn -0.707 -0.692 -0.150
vn -0.854 -0.512 -0.088
vn -0.874 0.449 0.188
vn -0.200 0.938 0.282
vn -0.516 0.814 0.268
vn 0.191 0.980 -0.060
vn 0.321 0.946 -0.049
vn -0.020 0.997 -0.075
vn 0.505 0.862 -0.031
vn 0.762 0.647 0.002
vn 0.933 0.359 0.033
vn 0.998 0.031 0.061
vn 0.951 -0.300 0.082
vn 0.797 -0.597 0.094
vn 0.554 -0.827 0.095
vn 0.248 -0.965 0.086
vn -0.087 -0.994 0.067
vn -0.412 -0.910 0.040
vn -0.690 -0.724 0.009
vn -0.890 -0.455 -0.024
vn -0.989 -0.136 -0.054
vn -0.977 0.198 -0.077
vn -0.855 0.510 -0.093
vn -0.638 0.764 -0.097
vn -0.348 0.933 -0.091
vn -0.998 -0.037 0.057
vn -0.482 -0.850 -0.211
vn -0.065 0.275 -0.959
vn -0.065 0.275 -0.959
vn -0.065 0.275 -0.959
vn -0.065 0.275 -0.959
vn -0.065 0.275 -0.959
vn -0.065 0.275 -0.959
vn -0.065 0.275 -0.959
vn -0.065 0.275 -0.959
vn -0.065 0.275 -0.959
vn -0.065 0.275 -0.959
vn -0.065 0.275 -0.959
vn -0.065 0.275 -0.959
vn -0.065 0.275 -0.959
vn -0.065 0.275 -0.959
vn -0.065 0.275 -0.959
vn -0.065 0.275 -0.959
vn -0.065 0.275 -0.959
vn -0.065 0.275 -0.959
vn -0.065 0.275 -0.959
vn -0.065 0.275 -0.959
vn -0.065 0.275 -0.959
vn -1.000 0.007 -0.015
vn -1.000 0.007 0.006
vn -0.938 0.346 0.016
vn -0.999 0.008 -0.037
vn -0.938 0.347 -0.005
vn -0.998 0.008 -0.059
vn -0.937 0.348 -0.027
vn -0.997 0.009 -0.080
vn -0.936 0.348 -0.048
vn -0.995 0.009 -0.101
vn -0.935 0.348 -0.069
vn -0.992 0.009 -0.123
vn -0.933 0.349 -0.090
vn -0.990 0.009 -0.144
vn -0.930 0.349 -0.111
vn -0.986 0.010 -0.165
vn -0.928 0.349 -0.132
vn -0.983 0.010 -0.186
vn -0.924 0.350 -0.152
vn -0.978 0.010 -0.206
vn -0.921 0.350 -0.173
vn -0.974 0.010 -0.226
vn -0.917 0.350 -0.193
vn -0.965 0.010 -0.261
vn -0.912 0.350 -0.213
vn -0.744 0.667 0.024
vn -0.744 0.668 0.006
vn -0.744 0.668 -0.012
vn -0.743 0.669 -0.030
vn -0.742 0.669 -0.048
vn -0.740 0.669 -0.065
vn -0.738 0.670 -0.083
vn -0.736 0.670 -0.101
vn -0.733 0.670 -0.118
vn -0.730 0.670 -0.135
vn -0.726 0.670 -0.152
vn -0.904 0.350 -0.247
vn -0.723 0.670 -0.169
vn -0.469 0.883 0.029
vn -0.469 0.883 0.016
vn -0.469 0.883 0.003
vn -0.468 0.883 -0.009
vn -0.467 0.884 -0.022
vn -0.466 0.884 -0.034
vn -0.465 0.884 -0.047
vn -0.463 0.884 -0.059
vn -0.461 0.884 -0.071
vn -0.459 0.885 -0.083
vn -0.457 0.885 -0.095
vn -0.715 0.670 -0.198
vn -0.454 0.885 -0.107
vn -0.135 0.990 0.030
vn -0.135 0.991 0.024
vn -0.135 0.991 0.018
vn -0.135 0.991 0.013
vn -0.134 0.991 0.007
vn -0.134 0.991 0.001
vn -0.133 0.991 -0.004
vn -0.132 0.991 -0.010
vn -0.131 0.991 -0.015
vn -0.130 0.991 -0.021
vn -0.129 0.991 -0.026
vn -0.449 0.885 -0.128
vn -0.128 0.991 -0.032
vn 0.230 0.973 0.027
vn 0.230 0.973 0.029
vn 0.230 0.973 0.032
vn 0.230 0.973 0.034
vn 0.230 0.973 0.036
vn 0.230 0.973 0.038
vn 0.229 0.972 0.040
vn 0.229 0.972 0.043
vn 0.229 0.972 0.045
vn 0.228 0.972 0.047
vn 0.228 0.972 0.049
vn -0.126 0.991 -0.041
vn 0.228 0.972 0.051
vn 0.556 0.831 0.021
vn 0.556 0.831 0.031
vn 0.556 0.831 0.040
vn 0.555 0.830 0.050
vn 0.554 0.830 0.060
vn 0.554 0.830 0.069
vn 0.552 0.830 0.079
vn 0.551 0.830 0.088
vn 0.550 0.830 0.097
vn 0.548 0.830 0.107
vn 0.546 0.830 0.116
vn 0.227 0.972 0.055
vn 0.544 0.830 0.125
vn 0.798 0.602 0.013
vn 0.798 0.602 0.028
vn 0.798 0.602 0.044
vn 0.797 0.601 0.059
vn 0.796 0.601 0.075
vn 0.794 0.601 0.090
vn 0.793 0.600 0.106
vn 0.791 0.600 0.121
vn 0.788 0.600 0.136
vn 0.785 0.600 0.151
vn 0.783 0.600 0.165
vn 0.540 0.830 0.140
vn 0.779 0.600 0.180
vn 0.822 0.570 0.012
vn 0.822 0.569 0.028
vn 0.821 0.569 0.044
vn 0.820 0.569 0.060
vn 0.819 0.568 0.076
vn 0.818 0.568 0.092
vn 0.816 0.568 0.108
vn 0.814 0.568 0.124
vn 0.811 0.568 0.139
vn 0.809 0.568 0.155
vn 0.805 0.568 0.170
vn 0.773 0.600 0.205
vn 0.802 0.568 0.185
vn 0.961 0.277 0.002
vn 0.961 0.276 0.022
vn 0.960 0.276 0.042
vn 0.959 0.275 0.062
vn 0.958 0.275 0.082
vn 0.956 0.274 0.102
vn 0.954 0.274 0.121
vn 0.951 0.274 0.141
vn 0.948 0.274 0.160
vn 0.945 0.274 0.180
vn 0.941 0.274 0.199
vn 0.796 0.568 0.211
vn 0.937 0.274 0.217
vn 0.997 -0.081 -0.008
vn 0.997 -0.081 0.013
vn 0.996 -0.082 0.035
vn 0.995 -0.083 0.057
vn 0.993 -0.083 0.078
vn 0.991 -0.083 0.100
vn 0.989 -0.084 0.121
vn 0.986 -0.084 0.143
vn 0.983 -0.084 0.164
vn 0.979 -0.084 0.185
vn 0.975 -0.084 0.205
vn 0.929 0.274 0.249
vn 0.971 -0.084 0.226
vn 0.910 -0.414 -0.018
vn 0.910 -0.414 0.003
vn 0.910 -0.415 0.024
vn 0.909 -0.415 0.045
vn 0.907 -0.416 0.066
vn 0.905 -0.416 0.086
vn 0.903 -0.416 0.107
vn 0.900 -0.416 0.127
vn 0.897 -0.417 0.147
vn 0.894 -0.417 0.167
vn 0.890 -0.417 0.187
vn 0.877 -0.417 0.240
vn 0.962 -0.084 0.261
vn 0.691 -0.723 -0.025
vn 0.691 -0.723 -0.008
vn 0.690 -0.723 0.009
vn 0.689 -0.724 0.026
vn 0.688 -0.724 0.042
vn 0.687 -0.724 0.059
vn 0.685 -0.725 0.076
vn 0.683 -0.725 0.092
vn 0.680 -0.725 0.109
vn 0.677 -0.725 0.125
vn 0.885 -0.417 0.207
vn 0.674 -0.725 0.141
vn 0.663 -0.725 0.185
vn 0.399 -0.916 -0.029
vn 0.399 -0.917 -0.018
vn 0.399 -0.917 -0.007
vn 0.398 -0.917 0.004
vn 0.398 -0.917 0.016
vn 0.397 -0.918 0.027
vn 0.395 -0.918 0.038
vn 0.394 -0.918 0.049
vn 0.392 -0.918 0.060
vn 0.390 -0.918 0.070
vn 0.670 -0.725 0.157
vn 0.388 -0.918 0.081
vn 0.381 -0.918 0.110
vn 0.058 -0.998 -0.030
vn 0.058 -0.998 -0.026
vn 0.058 -0.998 -0.021
vn 0.057 -0.998 -0.017
vn 0.057 -0.998 -0.013
vn 0.057 -0.998 -0.009
vn 0.056 -0.998 -0.005
vn 0.056 -0.998 -0.001
vn 0.055 -0.998 0.003
vn 0.054 -0.999 0.007
vn 0.386 -0.918 0.092
vn 0.053 -0.999 0.010
vn 0.051 -0.998 0.021
vn -0.197 -0.980 -0.028
vn -0.197 -0.980 -0.029
vn -0.197 -0.980 -0.031
vn -0.197 -0.980 -0.032
vn -0.197 -0.980 -0.033
vn -0.197 -0.980 -0.035
vn -0.197 -0.980 -0.036
vn -0.197 -0.980 -0.038
vn -0.196 -0.980 -0.039
vn -0.196 -0.980 -0.041
vn 0.053 -0.999 0.014
vn -0.196 -0.980 -0.042
vn -0.195 -0.980 -0.046
vn -0.526 -0.850 -0.022
vn -0.526 -0.850 -0.031
vn -0.526 -0.850 -0.040
vn -0.525 -0.850 -0.049
vn -0.525 -0.849 -0.057
vn -0.524 -0.849 -0.066
vn -0.523 -0.849 -0.075
vn -0.521 -0.849 -0.084
vn -0.520 -0.849 -0.093
vn -0.518 -0.849 -0.101
vn -0.196 -0.980 -0.044
vn -0.517 -0.849 -0.110
vn -0.511 -0.849 -0.132
vn -0.777 -0.629 -0.014
vn -0.777 -0.628 -0.029
vn -0.777 -0.628 -0.044
vn -0.776 -0.628 -0.059
vn -0.775 -0.627 -0.074
vn -0.774 -0.627 -0.089
vn -0.772 -0.627 -0.103
vn -0.770 -0.627 -0.118
vn -0.768 -0.627 -0.132
vn -0.765 -0.627 -0.147
vn -0.515 -0.849 -0.118
vn -0.762 -0.627 -0.161
vn -0.753 -0.627 -0.199
vn -0.872 -0.489 -0.009
vn -0.872 -0.489 -0.027
vn -0.872 -0.488 -0.044
vn -0.871 -0.488 -0.061
vn -0.870 -0.487 -0.079
vn -0.868 -0.487 -0.096
vn -0.866 -0.487 -0.113
vn -0.864 -0.487 -0.130
vn -0.861 -0.487 -0.147
vn -0.858 -0.487 -0.164
vn -0.759 -0.627 -0.175
vn -0.855 -0.487 -0.181
vn -0.844 -0.487 -0.225
vn -0.981 -0.196 0.000
vn -0.981 -0.195 -0.020
vn -0.980 -0.195 -0.041
vn -0.979 -0.194 -0.062
vn -0.978 -0.194 -0.082
vn -0.976 -0.193 -0.103
vn -0.973 -0.193 -0.123
vn -0.971 -0.193 -0.143
vn -0.968 -0.193 -0.163
vn -0.964 -0.193 -0.183
vn -0.851 -0.487 -0.197
vn -0.960 -0.193 -0.202
vn -0.947 -0.193 -0.255
vn -0.956 -0.193 -0.222
vn -0.976 0.214 0.032
vn -0.850 0.525 0.038
vn -1.000 0.006 0.026
vn -0.629 0.777 0.041
vn -0.336 0.941 0.039
vn -0.006 0.999 0.032
vn 0.326 0.945 0.022
vn 0.845 0.534 -0.005
vn 0.974 0.224 -0.018
vn 0.993 -0.111 -0.029
vn 0.901 -0.433 -0.037
vn 0.433 -0.900 -0.040
vn 0.111 -0.993 -0.035
vn -0.225 -0.974 -0.025
vn -0.535 -0.845 -0.013
vn -0.785 -0.620 0.000
vn -0.945 -0.325 0.014
vn 0.707 -0.706 -0.041
vn 0.621 0.784 0.009
vn 0.261 -0.007 -0.965
vn 0.261 -0.007 -0.965
vn 0.261 -0.007 -0.965
vn 0.261 -0.007 -0.965
vn 0.261 -0.007 -0.965
vn 0.261 -0.007 -0.965
vn 0.261 -0.007 -0.965
vn 0.261 -0.007 -0.965
vn 0.261 -0.007 -0.965
vn 0.261 -0.007 -0.965
vn 0.261 -0.007 -0.965
vn 0.261 -0.007 -0.965
vn 0.261 -0.007 -0.965
vn 0.261 -0.007 -0.965
vn 0.261 -0.007 -0.965
vn 0.261 -0.007 -0.965
vn 0.261 -0.007 -0.965
vn 0.261 -0.007 -0.965
vn 0.261 -0.007 -0.965
vn 0.261 -0.007 -0.965
vn 0.261 -0.007 -0.965
vt 0.0000 -0.0107 0
vt 0.0184 -0.0091 0
vt 0.0178 -0.0058 0
vt 0.0167 -0.0027 0
vt 0.0150 0.0002 0
vt 0.0128 0.0027 0
vt 0.0102 0.0047 0
vt 0.0073 0.0063 0
vt 0.0041 0.0073 0
vt 0.0008 0.0078 0
vt -0.0025 0.0076 0
vt -0.0057 0.0069 0
vt -0.0088 0.0056 0
vt -0.0115 0.0037 0
vt -0.0139 0.0015 0
vt -0.0159 -0.0012 0
vt -0.0173 -0.0042 0
vt -0.0182 -0.0074 0
vt -0.0185 -0.0107 0
vt -0.0182 -0.0140 0
vt -0.0173 -0.0172 0
vt -0.0159 -0.0202 0
vt -0.0139 -0.0229 0
vt -0.0115 -0.0252 0
vt -0.0088 -0.0270 0
vt -0.0057 -0.0283 0
vt -0.0025 -0.0290 0
vt 0.0008 -0.0292 0
vt 0.0041 -0.0288 0
vt 0.0073 -0.0277 0
vt 0.0102 -0.0262 0
vt 0.0128 -0.0241 0
vt 0.0150 -0.0216 0
vt 0.0167 -0.0187 0
vt 0.0178 -0.0156 0
vt 0.0184 -0.0124 0
vt 0.0185 -0.0107 0
vt -0.1795 0.0480 0
vt 0.0000 0.0480 0
vt 0.0000 0.0020 0
vt 5.9241 0.0480 0
vt -0.1795 0.0020 0
vt 5.7446 0.0480 0
vt 5.9241 0.0020 0
vt 5.5651 0.0480 0
vt 5.7446 0.0020 0
vt 5.3856 0.0480 0
vt 5.5651 0.0020 0
vt 5.2061 0.0480 0
vt 5.3856 0.0020 0
vt 5.0265 0.0480 0
vt 5.2061 0.0020 0
vt 4.8470 0.0480 0
vt 5.0265 0.0020 0
vt 4.6675 0.0480 0
vt 4.8470 0.0020 0
vt 4.4880 0.0480 0
vt 4.6675 0.0020 0
vt 4.3085 0.0480 0
vt 4.4880 0.0020 0
vt 4.1290 0.0480 0
vt 4.3085 0.0020 0
vt 3.9494 0.0480 0
vt 4.1290 0.0020 0
vt 3.7699 0.0480 0
vt 3.9494 0.0020 0
vt 3.5904 0.0480 0
vt 3.7699 0.0020 0
vt 3.4109 0.0480 0
vt 3.5904 0.0020 0
vt 3.2314 0.0480 0
vt 3.4109 0.0020 0
vt 3.0518 0.0020 0
vt 3.0518 0.0480 0
vt 3.1416 0.0480 0
vt 3.2314 0.0020 0
vt 3.1416 0.0020 0
vt 2.8723 0.0480 0
vt 2.6928 0.0480 0
vt 2.8723 0.0020 0
vt 2.5133 0.0480 0
vt 2.6928 0.0020 0
vt 2.3338 0.0480 0
vt 2.5133 0.0020 0
vt 2.1542 0.0480 0
vt 2.3338 0.0020 0
vt 1.9747 0.0480 0
vt 2.1542 0.0020 0
vt 1.7952 0.0480 0
vt 1.9747 0.0020 0
vt 1.6157 0.0480 0
vt 1.7952 0.0020 0
vt 1.4362 0.0480 0
vt 1.6157 0.0020 0
vt 1.2566 0.0480 0
vt 1.4362 0.0020 0
vt 1.0771 0.0480 0
vt 1.2566 0.0020 0
vt 1.0771 0.0020 0
vt 1.0018 0.0311 0
vt 1.0024 0.0314 0
vt 0.8976 0.0020 0
vt 0.9881 0.0312 0
vt 0.9950 0.0311 0
vt 1.0019 0.0314 0
vt 0.8976 0.0480 0
vt 1.0013 0.0314 0
vt 1.0007 0.0314 0
vt 1.0001 0.0314 0
vt 0.9981 0.0314 0
vt 0.7181 0.0480 0
vt 0.5386 0.0480 0
vt 0.7181 0.0020 0
vt 0.3590 0.0480 0
vt 0.5386 0.0020 0
vt 0.1795 0.0480 0
vt 0.3590 0.0020 0
vt 0.1795 0.0020 0
vt 0.6802 0.0000 0
vt 0.7045 0.0000 0
vt 0.6887 0.0051 0
vt 0.6836 0.0056 0
vt 0.6815 0.0057 0
vt 0.6769 0.0056 0
vt 0.6734 0.0052 0
vt 0.6793 0.0057 0
vt 0.6546 0.0000 0
vt -0.0004 -0.0006 0
vt -0.0005 -0.0006 0
vt -0.0004 -0.0006 0
vt -0.0003 -0.0007 0
vt 0.0073 0.0170 0
vt 0.0023 0.0039 0
vt 0.0008 0.0044 0
vt 0.0128 0.0134 0
vt 0.0034 0.0029 0
vt 0.0184 -0.0017 0
vt 0.0178 -0.0049 0
vt 0.0042 -0.0015 0
vt 0.0167 -0.0080 0
vt 0.0150 -0.0109 0
vt 0.0034 -0.0029 0
vt -0.0159 0.0095 0
vt -0.0034 0.0029 0
vt -0.0042 0.0015 0
vt -0.0115 0.0145 0
vt -0.0023 0.0039 0
vt 0.0041 0.0180 0
vt 0.0102 0.0154 0
vt 0.0167 0.0080 0
vt 0.0042 0.0015 0
vt 0.0184 0.0017 0
vt 0.0045 0.0000 0
vt 0.0185 0.0000 0
vt -0.0057 -0.0176 0
vt -0.0088 -0.0163 0
vt -0.0023 -0.0039 0
vt -0.0115 -0.0145 0
vt -0.0139 -0.0122 0
vt -0.0034 -0.0029 0
vt -0.0182 0.0033 0
vt -0.0045 0.0000 0
vt -0.0173 0.0065 0
vt -0.0139 0.0122 0
vt -0.0057 0.0176 0
vt -0.0008 0.0044 0
vt 0.0008 0.0185 0
vt 0.0150 0.0109 0
vt 0.0178 0.0049 0
vt 0.0128 -0.0134 0
vt 0.0102 -0.0154 0
vt 0.0023 -0.0039 0
vt 0.0073 -0.0170 0
vt 0.0041 -0.0180 0
vt 0.0008 -0.0044 0
vt -0.0008 -0.0044 0
vt -0.0025 -0.0183 0
vt -0.0159 -0.0095 0
vt -0.0173 -0.0065 0
vt -0.0042 -0.0015 0
vt -0.0185 0.0000 0
vt -0.0088 0.0163 0
vt -0.0025 0.0183 0
vt 0.0008 -0.0185 0
vt -0.0182 -0.0033 0
vt -0.3491 0.0070 0
vt 0.0000 0.0070 0
vt 0.0000 0.0020 0
vt 5.5851 0.0070 0
vt -0.3491 0.0020 0
vt 5.2360 0.0070 0
vt 5.5851 0.0020 0
vt 4.8869 0.0070 0
vt 5.2360 0.0020 0
vt 4.5379 0.0070 0
vt 4.8869 0.0020 0
vt 4.1888 0.0070 0
vt 4.5379 0.0020 0
vt 3.8397 0.0070 0
vt 4.1888 0.0020 0
vt 3.4907 0.0070 0
vt 3.8397 0.0020 0
vt 3.1416 0.0070 0
vt 3.4907 0.0020 0
vt 2.7925 0.0070 0
vt 3.1416 0.0020 0
vt 2.4435 0.0070 0
vt 2.7925 0.0020 0
vt 2.0944 0.0070 0
vt 2.4435 0.0020 0
vt 1.7453 0.0070 0
vt 2.0944 0.0020 0
vt 1.3963 0.0070 0
vt 1.7453 0.0020 0
vt 1.0472 0.0070 0
vt 1.3963 0.0020 0
vt 0.6981 0.0070 0
vt 1.0472 0.0020 0
vt 0.3491 0.0070 0
vt 0.6981 0.0020 0
vt 0.3491 0.0020 0
vt 0.0023 0.0039 0
vt 0.0034 0.0029 0
vt 0.0031 0.0029 0
vt 0.0042 0.0015 0
vt 0.0040 0.0015 0
vt 0.0045 0.0000 0
vt 0.0043 0.0000 0
vt 0.0042 -0.0015 0
vt 0.0040 -0.0015 0
vt 0.0034 -0.0029 0
vt 0.0031 -0.0029 0
vt 0.0023 -0.0039 0
vt 0.0019 -0.0038 0
vt 0.0008 -0.0044 0
vt 0.0004 -0.0042 0
vt -0.0008 -0.0044 0
vt -0.0012 -0.0041 0
vt -0.0023 -0.0039 0
vt -0.0026 -0.0034 0
vt -0.0042 0.0015 0
vt -0.0034 0.0029 0
vt -0.0036 0.0022 0
vt -0.0023 0.0039 0
vt -0.0026 0.0034 0
vt -0.0034 -0.0029 0
vt -0.0036 -0.0022 0
vt -0.0042 -0.0015 0
vt -0.0042 -0.0008 0
vt -0.0008 0.0044 0
vt -0.0012 0.0041 0
vt 0.0008 0.0044 0
vt 0.0004 0.0042 0
vt 0.0019 0.0038 0
vt -0.0045 0.0000 0
vt -0.0042 0.0008 0
vt -0.3696 0.0050 0
vt 0.0000 0.0050 0
vt 0.0000 0.0030 0
vt 5.5440 0.0050 0
vt -0.3696 0.0030 0
vt 5.1744 0.0050 0
vt 5.5440 0.0030 0
vt 4.8048 0.0050 0
vt 5.1744 0.0030 0
vt 4.4352 0.0050 0
vt 4.8048 0.0030 0
vt 4.0656 0.0050 0
vt 4.4352 0.0030 0
vt 3.6960 0.0050 0
vt 4.0656 0.0030 0
vt 3.3264 0.0050 0
vt 3.6960 0.0030 0
vt 2.9568 0.0050 0
vt 3.3264 0.0030 0
vt 2.5872 0.0050 0
vt 2.9568 0.0030 0
vt 2.2176 0.0050 0
vt 2.5872 0.0030 0
vt 1.8480 0.0050 0
vt 2.2176 0.0030 0
vt 1.4784 0.0050 0
vt 1.8480 0.0030 0
vt 1.1088 0.0050 0
vt 1.4784 0.0030 0
vt 0.7392 0.0050 0
vt 1.1088 0.0030 0
vt 0.3696 0.0050 0
vt 0.7392 0.0030 0
vt 0.3696 0.0030 0
vt -0.0005 0.0065 0
vt -0.0024 0.0061 0
vt -0.0012 0.0041 0
vt -0.0065 0.0000 0
vt -0.0042 -0.0008 0
vt -0.0042 0.0008 0
vt 0.0014 0.0063 0
vt 0.0004 0.0042 0
vt 0.0019 0.0038 0
vt -0.0062 0.0019 0
vt -0.0036 0.0022 0
vt -0.0041 0.0051 0
vt -0.0026 0.0034 0
vt -0.0054 0.0037 0
vt -0.0062 -0.0019 0
vt -0.0054 -0.0037 0
vt -0.0036 -0.0022 0
vt -0.0041 -0.0051 0
vt -0.0026 -0.0034 0
vt -0.0005 -0.0065 0
vt 0.0004 -0.0042 0
vt -0.0012 -0.0041 0
vt -0.0024 -0.0061 0
vt 0.0014 -0.0063 0
vt 0.0033 -0.0056 0
vt 0.0019 -0.0038 0
vt 0.0048 -0.0044 0
vt 0.0031 -0.0029 0
vt 0.0064 0.0010 0
vt 0.0059 0.0028 0
vt 0.0040 0.0015 0
vt 0.0048 0.0044 0
vt 0.0031 0.0029 0
vt 0.0033 0.0056 0
vt 0.0059 -0.0028 0
vt 0.0040 -0.0015 0
vt 0.0064 -0.0010 0
vt 0.0043 0.0000 0
vt 0.0065 0.0000 0
vt 6.2832 0.0050 0
vt 6.2832 0.0000 0
vt 6.5824 0.0000 0
vt 6.5824 0.0050 0
vt 0.5984 0.0000 0
vt 0.5984 0.0050 0
vt 0.8976 0.0000 0
vt 0.8976 0.0050 0
vt 1.1968 0.0000 0
vt 1.1968 0.0050 0
vt 1.4960 0.0000 0
vt 1.4960 0.0050 0
vt 1.7952 0.0000 0
vt 1.7952 0.0050 0
vt 2.0944 0.0000 0
vt 2.0944 0.0050 0
vt 2.3936 0.0000 0
vt 2.3936 0.0050 0
vt 2.6928 0.0000 0
vt 2.6928 0.0050 0
vt 2.9920 0.0000 0
vt 3.2912 0.0000 0
vt 3.2912 0.0050 0
vt 3.1416 0.0050 0
vt 2.9920 0.0050 0
vt 3.1416 0.0000 0
vt 3.5904 0.0000 0
vt 3.5904 0.0050 0
vt 3.8896 0.0000 0
vt 3.8896 0.0050 0
vt 4.1888 0.0000 0
vt 4.1888 0.0050 0
vt 4.4880 0.0000 0
vt 4.4880 0.0050 0
vt 4.7872 0.0000 0
vt 4.7872 0.0050 0
vt 5.0864 0.0000 0
vt 5.0864 0.0050 0
vt 5.3856 0.0000 0
vt 5.3856 0.0050 0
vt 5.6848 0.0000 0
vt 5.6848 0.0050 0
vt 5.9840 0.0000 0
vt 5.9840 0.0050 0
vt 0.0170 0.0115 0
vt 0.0148 0.0142 0
vt 0.0048 0.0044 0
vt 0.0122 0.0165 0
vt 0.0033 0.0056 0
vt 0.0059 0.0028 0
vt 0.0187 0.0084 0
vt 0.0092 0.0183 0
vt 0.0060 0.0196 0
vt 0.0014 0.0063 0
vt 0.0026 0.0203 0
vt -0.0009 0.0205 0
vt -0.0005 0.0065 0
vt 0.0204 0.0017 0
vt 0.0198 0.0052 0
vt 0.0064 0.0010 0
vt -0.0043 0.0200 0
vt -0.0076 0.0190 0
vt -0.0024 0.0061 0
vt -0.0043 -0.0200 0
vt -0.0005 -0.0065 0
vt -0.0024 -0.0061 0
vt 0.0026 -0.0203 0
vt 0.0014 -0.0063 0
vt 0.0065 0.0000 0
vt 0.0205 0.0000 0
vt -0.0107 0.0175 0
vt -0.0041 0.0051 0
vt -0.0179 0.0100 0
vt -0.0193 0.0068 0
vt -0.0062 0.0019 0
vt -0.0202 0.0035 0
vt -0.0205 0.0000 0
vt -0.0065 0.0000 0
vt -0.0202 -0.0035 0
vt -0.0062 -0.0019 0
vt -0.0179 -0.0100 0
vt -0.0054 -0.0037 0
vt -0.0076 -0.0190 0
vt -0.0009 -0.0205 0
vt -0.0159 0.0129 0
vt -0.0054 0.0037 0
vt -0.0193 -0.0068 0
vt 0.0060 -0.0196 0
vt 0.0092 -0.0183 0
vt 0.0033 -0.0056 0
vt 0.0122 -0.0165 0
vt 0.0148 -0.0142 0
vt 0.0048 -0.0044 0
vt -0.0135 0.0154 0
vt -0.0159 -0.0129 0
vt -0.0107 -0.0175 0
vt 0.0170 -0.0115 0
vt 0.0059 -0.0028 0
vt 0.0204 -0.0017 0
vt 0.0064 -0.0010 0
vt -0.0135 -0.0154 0
vt -0.0041 -0.0051 0
vt 0.0198 -0.0052 0
vt 0.0187 -0.0084 0
vt 6.2832 0.0505 0
vt 6.2832 0.0000 0
vt 6.4530 0.0000 0
vt 6.4530 0.0505 0
vt 6.6228 0.0000 0
vt 6.6228 0.0505 0
vt 0.5094 0.0000 0
vt 0.5094 0.0505 0
vt 0.6793 0.0000 0
vt 0.6793 0.0505 0
vt 0.8491 0.0000 0
vt 0.8491 0.0505 0
vt 1.0189 0.0000 0
vt 2.2076 0.0505 0
vt 2.2076 0.0000 0
vt 2.3774 0.0000 0
vt 2.3774 0.0505 0
vt 2.5472 0.0000 0
vt 2.5472 0.0505 0
vt 2.7171 0.0000 0
vt 2.7171 0.0505 0
vt 2.8869 0.0000 0
vt 2.8869 0.0505 0
vt 3.0567 0.0000 0
vt 3.1416 0.0000 0
vt 3.2265 0.0000 0
vt 3.2265 0.0505 0
vt 3.1416 0.0505 0
vt 3.0567 0.0505 0
vt 3.3963 0.0000 0
vt 3.3963 0.0505 0
vt 3.5661 0.0000 0
vt 3.5661 0.0505 0
vt 3.7359 0.0000 0
vt 3.7359 0.0505 0
vt 3.9058 0.0000 0
vt 3.9058 0.0505 0
vt 4.0756 0.0000 0
vt 4.0756 0.0505 0
vt 4.2454 0.0000 0
vt 4.2454 0.0505 0
vt 4.4152 0.0000 0
vt 4.4152 0.0505 0
vt 4.5850 0.0000 0
vt 4.5850 0.0505 0
vt 4.7548 0.0000 0
vt 4.7548 0.0505 0
vt 4.9247 0.0000 0
vt 4.9247 0.0505 0
vt 5.0945 0.0000 0
vt 5.0945 0.0505 0
vt 5.2643 0.0000 0
vt 5.2643 0.0505 0
vt 5.4341 0.0000 0
vt 5.4341 0.0505 0
vt 5.6039 0.0000 0
vt 5.6039 0.0505 0
vt 5.7737 0.0000 0
vt 5.7737 0.0505 0
vt 5.9436 0.0000 0
vt 5.9436 0.0505 0
vt 6.1134 0.0000 0
vt 6.1134 0.0505 0
vt 1.6982 0.0480 0
vt 1.6982 0.0000 0
vt 1.8680 0.0000 0
vt 1.5283 0.0480 0
vt 1.5283 0.0000 0
vt 1.3585 0.0480 0
vt 1.3585 0.0000 0
vt 1.1949 0.0408 0
vt 1.1891 0.0404 0
vt 1.2061 0.0415 0
vt 1.2353 0.0440 0
vt 1.2278 0.0432 0
vt 1.2494 0.0457 0
vt 1.2535 0.0465 0
vt 1.2578 0.0480 0
vt 1.1887 0.0505 0
vt 1.0189 0.0505 0
vt 1.0612 0.0500 0
vt 1.0612 0.0480 0
vt 1.1554 0.0434 0
vt 1.1846 0.0463 0
vt 1.1412 0.0419 0
vt 1.1231 0.0400 0
vt 1.1182 0.0393 0
vt 1.1120 0.0377 0
vt 1.1114 0.0382 0
vt 1.1887 0.0480 0
vt 1.1137 0.0376 0
vt 1.1160 0.0376 0
vt 1.1150 0.0376 0
vt 1.1172 0.0376 0
vt 1.1887 0.0000 0
vt 1.1189 0.0376 0
vt 1.1325 0.0378 0
vt 1.1281 0.0377 0
vt 1.1735 0.0395 0
vt 1.1483 0.0384 0
vt 1.1242 0.0376 0
vt 1.1205 0.0376 0
vt 1.1887 0.0500 0
vt 1.3585 0.0500 0
vt 1.3585 0.0505 0
vt 1.5283 0.0500 0
vt 1.5283 0.0505 0
vt 1.6982 0.0500 0
vt 1.6982 0.0505 0
vt 1.8680 0.0500 0
vt 1.8680 0.0505 0
vt 2.0378 0.0500 0
vt 2.0378 0.0000 0
vt 2.0804 0.0480 0
vt 2.0804 0.0500 0
vt 2.0378 0.0505 0
vt 1.8680 0.0480 0
vt 1.8938 0.0455 0
vt 1.8929 0.0477 0
vt 1.9069 0.0405 0
vt 1.8990 0.0429 0
vt 1.9212 0.0373 0
vt 1.9108 0.0395 0
vt 1.9433 0.0335 0
vt 1.9667 0.0304 0
vt 1.9928 0.0276 0
vt 2.0105 0.0262 0
vt 2.0180 0.0262 0
vt 2.0254 0.0262 0
vt 2.0378 0.0480 0
vt 1.9465 0.0407 0
vt 1.9596 0.0381 0
vt 1.9343 0.0433 0
vt 1.9736 0.0356 0
vt 1.9819 0.0341 0
vt 1.9225 0.0459 0
vt 1.9954 0.0318 0
vt 1.9160 0.0473 0
vt 2.0090 0.0296 0
vt 1.9121 0.0480 0
vt 2.0195 0.0277 0
vt 1.8932 0.0480 0
vt 1.2040 0.0480 0
vt 0.9467 0.0000 0
vt 0.9467 0.0493 0
vt 0.8889 0.0493 0
vt 0.8889 0.0987 0
vt 0.8889 0.1480 0
vt 0.9467 0.0987 0
vt 0.8889 0.1973 0
vt 0.9467 0.1480 0
vt 0.8889 0.2902 0
vt 0.9467 0.1973 0
vt 1.0290 0.0000 0
vt 1.0290 0.0493 0
vt 1.0290 0.0987 0
vt 1.0290 0.1480 0
vt 0.9467 0.2902 0
vt 1.0290 0.1973 0
vt 1.0962 0.0000 0
vt 1.0962 0.0493 0
vt 1.0962 0.0987 0
vt 1.0962 0.1480 0
vt 1.0290 0.2902 0
vt 1.0962 0.1973 0
vt 1.1538 0.0000 0
vt 1.1538 0.0493 0
vt 1.1538 0.0987 0
vt 1.1538 0.1480 0
vt 1.0962 0.2902 0
vt 1.1538 0.1973 0
vt 1.2016 0.0000 0
vt 1.2016 0.0493 0
vt 1.2016 0.0987 0
vt 1.2016 0.1480 0
vt 1.1538 0.2902 0
vt 1.2016 0.1973 0
vt 0.2500 0.0000 0
vt 1.2500 0.0493 0
vt 1.2500 0.0987 0
vt 1.2500 0.1480 0
vt 1.2016 0.2902 0
vt 1.2500 0.1973 0
vt 0.2971 0.0000 0
vt 1.2971 0.0493 0
vt 1.2971 0.0987 0
vt 1.2971 0.1480 0
vt 1.2500 0.2902 0
vt 1.2971 0.1973 0
vt 0.3442 0.0000 0
vt 1.3442 0.0493 0
vt 1.3442 0.0987 0
vt 1.3442 0.1480 0
vt 1.2971 0.2902 0
vt 1.3442 0.1973 0
vt 0.3988 0.0000 0
vt 1.3988 0.0493 0
vt 1.3988 0.0987 0
vt 1.3988 0.1480 0
vt 1.3442 0.2902 0
vt 1.3988 0.1973 0
vt 0.4681 0.0000 0
vt 1.4681 0.0493 0
vt 1.4681 0.0987 0
vt 1.4681 0.1480 0
vt 1.3988 0.2902 0
vt 1.4681 0.1973 0
vt 0.5544 0.0000 0
vt 1.5544 0.0493 0
vt 1.5544 0.0987 0
vt 1.5544 0.1480 0
vt 1.4681 0.2902 0
vt 1.5544 0.1973 0
vt 0.6168 0.0000 0
vt 1.6168 0.0493 0
vt 1.6168 0.0987 0
vt 1.6168 0.1480 0
vt 1.5544 0.2902 0
vt 1.6168 0.1973 0
vt 0.6496 0.0000 0
vt 1.6496 0.0493 0
vt 1.6496 0.0987 0
vt 1.6496 0.1480 0
vt 1.6168 0.2902 0
vt 1.6496 0.1973 0
vt 0.6977 0.0000 0
vt 1.6977 0.0493 0
vt 1.6977 0.0987 0
vt 1.6977 0.1480 0
vt 1.6496 0.2902 0
vt 1.6977 0.1973 0
vt 0.8704 0.2902 0
vt 0.8287 0.2974 0
vt 0.8502 0.2661 0
vt 0.8665 0.2305 0
vt 0.8802 0.1839 0
vt 0.8852 0.1533 0
vt 0.8770 0.1973 0
vt 0.8858 0.1019 0
vt 0.8767 0.0589 0
vt 0.8563 0.0203 0
vt 0.8889 0.0000 0
vt 0.7426 0.0000 0
vt 0.7722 0.0000 0
vt 1.7573 0.0196 0
vt 0.7408 0.0456 0
vt 0.7285 0.0770 0
vt 0.7213 0.1085 0
vt 0.7187 0.1285 0
vt 0.7176 0.1641 0
vt 1.6977 0.2902 0
vt 0.7276 0.2355 0
vt 0.7401 0.2713 0
vt 0.7204 0.1998 0
vt 0.7426 0.3006 0
vt 0.7426 0.2902 0
vt 0.7504 0.2903 0
vt 0.6921 0.3005 0
vt 1.6454 0.3004 0
vt 1.5917 0.3005 0
vt 1.5249 0.3005 0
vt 1.4477 0.3007 0
vt 1.3867 0.3008 0
vt 1.3361 0.3010 0
vt 1.2910 0.3012 0
vt 1.2484 0.3013 0
vt 1.1606 0.3015 0
vt 1.1095 0.3015 0
vt 1.0476 0.3014 0
vt 1.0000 0.3014 0
vt 0.9272 0.3012 0
vt 0.8701 0.3010 0
vt 0.8254 0.3009 0
vt 1.2058 0.3014 0
vt 0.7581 0.3006 0
vt 0.7791 0.0000 0
vt 0.8341 0.0000 0
vt 0.8704 0.0000 0
vt 1.1757 0.2328 0
vt 1.1250 0.2328 0
vt 1.1250 0.1851 0
vt 1.2217 0.2328 0
vt 1.1757 0.1851 0
vt 1.2676 0.2328 0
vt 1.2217 0.1851 0
vt 1.0630 0.3281 0
vt 0.9757 0.3281 0
vt 0.9757 0.2805 0
vt 1.1250 0.3281 0
vt 1.0630 0.2805 0
vt 1.1757 0.3281 0
vt 1.1250 0.2805 0
vt 1.2217 0.3281 0
vt 1.1757 0.2805 0
vt 1.2676 0.3281 0
vt 1.2217 0.2805 0
vt 1.3141 0.3281 0
vt 1.2676 0.2805 0
vt 1.3619 0.3281 0
vt 1.3141 0.2805 0
vt 1.4143 0.3281 0
vt 1.3619 0.2805 0
vt 1.0630 0.2328 0
vt 1.3141 0.2328 0
vt 0.9044 0.3281 0
vt 0.8652 0.3281 0
vt 0.8670 0.3167 0
vt 0.9483 0.2564 0
vt 1.0000 0.2261 0
vt 1.0734 0.1853 0
vt 1.0952 0.1730 0
vt 1.1430 0.1498 0
vt 1.1902 0.1403 0
vt 1.2091 0.1394 0
vt 1.2186 0.1408 0
vt 1.1714 0.1413 0
vt 1.1939 0.1387 0
vt 1.1985 0.1387 0
vt 1.1896 0.1389 0
vt 1.1833 0.1394 0
vt 1.2043 0.1389 0
vt 1.2366 0.1456 0
vt 1.2645 0.1580 0
vt 1.2277 0.1429 0
vt 1.2676 0.1851 0
vt 1.3294 0.2011 0
vt 1.3042 0.1828 0
vt 1.3393 0.2085 0
vt 1.3600 0.2239 0
vt 1.3619 0.2328 0
vt 1.4104 0.2593 0
vt 1.5043 0.3104 0
vt 1.4143 0.2805 0
vt 1.4341 0.2742 0
vt 1.5974 0.3559 0
vt 1.5272 0.3569 0
vt 1.5346 0.3281 0
vt 1.4484 0.3577 0
vt 1.4885 0.3281 0
vt 1.3864 0.3583 0
vt 1.3356 0.3586 0
vt 1.2910 0.3585 0
vt 1.2676 0.3584 0
vt 1.2492 0.3582 0
vt 1.2074 0.3576 0
vt 1.1629 0.3568 0
vt 1.1122 0.3558 0
vt 1.0501 0.3548 0
vt 1.0000 0.3542 0
vt 0.9271 0.3535 0
vt 0.8696 0.3530 0
vt 0.8212 0.3528 0
vt 0.8197 0.3528 0
vt 1.5366 0.3254 0
vt -0.0003 0.0007 0
vt 0.0000 0.0008 0
vt 0.0003 0.0007 0
vt 0.0005 0.0006 0
vt -0.0007 0.0004 0
vt -0.0006 -0.0004 0
vt -0.0007 -0.0002 0
vt 0.0000 -0.0007 0
vt -0.0003 -0.0007 0
vt 0.0007 0.0003 0
vt -0.0007 0.0001 0
vt 0.0001 -0.0007 0
vt 0.0007 0.0001 0
vt -0.0005 0.0006 0
vt -0.0005 -0.0005 0
vt 0.0007 -0.0002 0
vt 0.0003 -0.0007 0
vt 0.0002 -0.0007 0
vt 0.0006 -0.0005 0
vt 0.0005 -0.0006 0
vt 0.0006 -0.0004 0
vt 0.0000 -0.0020 0
vt 0.0000 0.0000 0
vt -0.0040 0.0000 0
vt -0.0040 -0.0020 0
vt 0.8411 0.0020 0
vt 0.8411 0.0000 0
vt 1.0235 0.0000 0
vt 1.0235 0.0020 0
vt 1.2059 0.0000 0
vt 1.2059 0.0020 0
vt 1.3884 0.0000 0
vt 1.3884 0.0020 0
vt 1.5708 0.0000 0
vt 1.5708 0.0020 0
vt 1.7532 0.0000 0
vt 1.7532 0.0020 0
vt 1.9357 0.0000 0
vt 1.9357 0.0020 0
vt 2.1181 0.0000 0
vt 2.1181 0.0020 0
vt 2.3005 0.0000 0
vt 2.3005 0.0020 0
vt -0.0040 -0.0020 0
vt 0.0000 -0.0020 0
vt 0.0000 0.0000 0
vt -0.0040 0.0000 0
vt 0.0062 0.0095 0
vt 0.0063 0.0097 0
vt 0.0006 0.0116 0
vt 0.0005 0.0114 0
vt 0.0026 0.0096 0
vt 0.0100 0.0112 0
vt 0.0076 0.0095 0
vt 0.0077 0.0093 0
vt 0.0062 0.0094 0
vt 0.0100 0.0072 0
vt 0.0062 0.0091 0
vt 0.0027 0.0148 0
vt 0.0000 0.0150 0
vt 0.0001 0.0125 0
vt -0.0064 0.0095 0
vt -0.0063 0.0093 0
vt -0.0008 0.0115 0
vt 0.0076 0.0090 0
vt 0.0074 0.0088 0
vt 0.0092 0.0076 0
vt 0.0075 0.0098 0
vt 0.0006 0.0118 0
vt 0.0060 0.0089 0
vt 0.0000 0.0125 0
vt -0.0009 0.0117 0
vt -0.0078 0.0128 0
vt -0.0070 0.0099 0
vt -0.0069 0.0099 0
vt 0.0065 0.0087 0
vt 0.0063 0.0089 0
vt 0.0078 0.0128 0
vt 0.0054 0.0140 0
vt -0.0002 0.0126 0
vt -0.0007 0.0113 0
vt -0.0054 0.0140 0
vt 0.0074 0.0099 0
vt 0.0006 0.0121 0
vt 0.0002 0.0125 0
vt -0.0009 0.0120 0
vt -0.0066 0.0097 0
vt -0.0027 0.0148 0
vt -0.0073 0.0098 0
vt -0.0100 0.0112 0
vt -0.0075 0.0097 0
vt -0.0100 0.0072 0
vt -0.0077 0.0090 0
vt 0.0064 0.0099 0
vt 0.0004 0.0123 0
vt -0.0004 0.0125 0
vt -0.0008 0.0122 0
vt -0.0004 0.0111 0
vt -0.0068 0.0098 0
vt -0.0076 0.0095 0
vt -0.0077 0.0088 0
vt -0.0062 0.0091 0
vt -0.0043 0.0093 0
vt 0.0072 0.0101 0
vt 0.0067 0.0101 0
vt 0.0069 0.0101 0
vt -0.0077 0.0092 0
vt 0.0003 0.0112 0
vt 0.0001 0.0111 0
vt -0.0006 0.0124 0
vt -0.0002 0.0111 0
vt -0.0009 0.0098 0
vt -0.0076 0.0086 0
vt -0.0076 0.0083 0
vt 0.0072 0.0087 0
vt -0.0074 0.0084 0
vt -0.0074 0.0084 0
vt 0.0070 0.0086 0
vt -0.0063 0.0088 0
vt 0.0069 0.0086 0
vt -6.2832 0.0055 0
vt -6.2832 0.0000 0
vt -6.1983 0.0000 0
vt -6.1983 0.0055 0
vt -6.0285 0.0000 0
vt -6.0285 0.0055 0
vt -5.8586 0.0000 0
vt -5.8586 0.0055 0
vt -5.6888 0.0000 0
vt -5.6888 0.0055 0
vt -5.5190 0.0000 0
vt -5.5190 0.0055 0
vt -5.3492 0.0000 0
vt -5.3492 0.0055 0
vt -5.1794 0.0000 0
vt -5.1794 0.0055 0
vt -5.0096 0.0000 0
vt -5.0096 0.0055 0
vt -4.8398 0.0000 0
vt -4.8398 0.0055 0
vt -4.6699 0.0000 0
vt -4.6699 0.0055 0
vt -4.5001 0.0000 0
vt -4.5001 0.0055 0
vt -4.3303 0.0000 0
vt -4.3303 0.0055 0
vt -4.1605 0.0000 0
vt -4.1605 0.0055 0
vt -3.9907 0.0000 0
vt -3.9907 0.0055 0
vt -3.8209 0.0000 0
vt -3.8209 0.0055 0
vt -3.6510 0.0000 0
vt -3.6510 0.0055 0
vt -3.4812 0.0000 0
vt -3.4812 0.0055 0
vt -3.3114 0.0000 0
vt -3.3114 0.0055 0
vt -3.1416 0.0000 0
vt -3.1416 0.0055 0
vt -2.9718 0.0000 0
vt -2.9718 0.0055 0
vt -2.8020 0.0000 0
vt -2.8020 0.0055 0
vt -2.6321 0.0000 0
vt -2.6321 0.0055 0
vt -2.4623 0.0000 0
vt -2.4623 0.0055 0
vt -2.2925 0.0000 0
vt -2.2925 0.0055 0
vt -2.1227 0.0000 0
vt -2.1227 0.0055 0
vt -1.9529 0.0000 0
vt -1.9529 0.0055 0
vt -1.7831 0.0000 0
vt -1.7831 0.0055 0
vt -1.6133 0.0000 0
vt -1.6133 0.0055 0
vt -1.4434 0.0000 0
vt -1.4434 0.0055 0
vt -1.2736 0.0000 0
vt -1.2736 0.0055 0
vt -1.1038 0.0000 0
vt -1.1038 0.0055 0
vt -0.9340 0.0000 0
vt -0.9340 0.0055 0
vt -0.7642 0.0000 0
vt -0.7642 0.0055 0
vt -0.5944 0.0000 0
vt -0.5944 0.0055 0
vt -0.4245 0.0000 0
vt -0.4245 0.0055 0
vt -0.2547 0.0000 0
vt -0.2547 0.0055 0
vt -0.0849 0.0000 0
vt -0.0849 0.0055 0
vt -0.0150 0.0000 0
vt -0.0002 0.0025 0
vt -0.0009 0.0050 0
vt -0.0019 0.0073 0
vt -0.0033 0.0094 0
vt -0.0051 0.0113 0
vt -0.0071 0.0128 0
vt -0.0094 0.0139 0
vt -0.0118 0.0147 0
vt -0.0144 0.0150 0
vt -0.0169 0.0149 0
vt -0.0194 0.0143 0
vt -0.0218 0.0134 0
vt -0.0239 0.0121 0
vt -0.0258 0.0104 0
vt -0.0274 0.0084 0
vt -0.0287 0.0062 0
vt -0.0295 0.0038 0
vt -0.0299 0.0013 0
vt -0.0300 0.0000 0
vt -0.0299 -0.0013 0
vt -0.0295 -0.0038 0
vt -0.0287 -0.0062 0
vt -0.0274 -0.0084 0
vt -0.0258 -0.0104 0
vt -0.0239 -0.0121 0
vt -0.0218 -0.0134 0
vt -0.0194 -0.0143 0
vt -0.0169 -0.0149 0
vt -0.0144 -0.0150 0
vt -0.0118 -0.0147 0
vt -0.0094 -0.0139 0
vt -0.0071 -0.0128 0
vt -0.0051 -0.0113 0
vt -0.0033 -0.0094 0
vt -0.0019 -0.0073 0
vt -0.0009 -0.0050 0
vt -0.0002 -0.0025 0
vt 0.0000 0.0000 0
vt 0.0747 0.0000 0
vt 1.0747 0.0468 0
vt 1.0000 0.0468 0
vt 1.0000 0.0936 0
vt 1.0000 0.1403 0
vt 1.0747 0.0936 0
vt 1.0000 0.1870 0
vt 1.0747 0.1403 0
vt 1.0000 0.2335 0
vt 1.0747 0.1870 0
vt 1.0000 0.2800 0
vt 1.0747 0.2335 0
vt 0.1374 0.0000 0
vt 0.1374 0.0468 0
vt 0.1374 0.0936 0
vt 0.1374 0.1403 0
vt 0.1374 0.1870 0
vt 1.0747 0.2800 0
vt 0.1374 0.2335 0
vt 0.1868 0.0000 0
vt 0.1868 0.0468 0
vt 0.1868 0.0936 0
vt 0.1868 0.1403 0
vt 0.1868 0.1870 0
vt 0.1374 0.2800 0
vt 0.1868 0.2335 0
vt 0.2321 0.0000 0
vt 0.2321 0.0468 0
vt 0.2321 0.0936 0
vt 0.2321 0.1403 0
vt 0.2321 0.1870 0
vt 0.1868 0.2800 0
vt 0.2321 0.2335 0
vt 0.2783 0.0000 0
vt 0.2783 0.0468 0
vt 0.2783 0.0936 0
vt 0.2783 0.1403 0
vt 0.2783 0.1870 0
vt 0.2321 0.2800 0
vt 0.2783 0.2335 0
vt 0.3249 0.0000 0
vt 0.3249 0.0468 0
vt 0.3249 0.0936 0
vt 0.3249 0.1403 0
vt 0.3249 0.1870 0
vt 0.2783 0.2800 0
vt 0.3249 0.2335 0
vt 0.3734 0.0000 0
vt 0.3734 0.0468 0
vt 0.3734 0.0936 0
vt 0.3734 0.1403 0
vt 0.3734 0.1870 0
vt 0.3249 0.2800 0
vt 0.3734 0.2335 0
vt 0.3799 0.0000 0
vt 0.3799 0.0468 0
vt 0.3799 0.0936 0
vt 0.3799 0.1403 0
vt 0.3799 0.1870 0
vt 0.3734 0.2800 0
vt 0.3799 0.2335 0
vt 0.4371 0.0000 0
vt 0.4371 0.0468 0
vt 0.4371 0.0936 0
vt 0.4371 0.1403 0
vt 0.4371 0.1870 0
vt 0.3799 0.2800 0
vt 0.4371 0.2335 0
vt 0.5182 0.0000 0
vt 0.5182 0.0468 0
vt 0.5182 0.0936 0
vt 0.5182 0.1403 0
vt 0.5182 0.1870 0
vt 0.4371 0.2800 0
vt 0.5182 0.2335 0
vt -0.4120 0.0000 0
vt 0.5880 0.0468 0
vt 0.5880 0.0936 0
vt 0.5880 0.1403 0
vt 0.5880 0.1870 0
vt 0.5182 0.2800 0
vt 0.5880 0.2335 0
vt -0.3510 0.0000 0
vt 0.6490 0.0468 0
vt 0.6490 0.0936 0
vt 0.6490 0.1403 0
vt 0.6490 0.1870 0
vt 0.5880 0.2800 0
vt 0.6490 0.2335 0
vt -0.3028 0.0000 0
vt 0.6972 0.0468 0
vt 0.6972 0.0936 0
vt 0.6972 0.1403 0
vt 0.6972 0.1870 0
vt 0.6490 0.2800 0
vt 0.6972 0.2335 0
vt -0.2580 0.0000 0
vt 0.7420 0.0468 0
vt 0.7420 0.0936 0
vt 0.7420 0.1403 0
vt 0.7420 0.1870 0
vt 0.6972 0.2800 0
vt 0.7420 0.2335 0
vt -0.2261 0.0000 0
vt 0.7739 0.0468 0
vt 0.7739 0.0936 0
vt 0.7739 0.1403 0
vt 0.7739 0.1870 0
vt 0.7420 0.2800 0
vt 0.7739 0.2335 0
vt -0.1801 0.0000 0
vt 0.8199 0.0468 0
vt 0.8199 0.0936 0
vt 0.8199 0.1403 0
vt 0.8199 0.1870 0
vt 0.7739 0.2800 0
vt 0.8199 0.2335 0
vt -0.1319 0.0000 0
vt 0.8681 0.0468 0
vt 0.8681 0.0936 0
vt 0.8681 0.1403 0
vt 0.8681 0.1870 0
vt 0.8199 0.2800 0
vt 0.8681 0.2335 0
vt -0.1043 0.0000 0
vt 0.8957 0.0468 0
vt 0.8957 0.0936 0
vt 0.8957 0.1403 0
vt 0.8957 0.1870 0
vt 0.8681 0.2800 0
vt 0.8957 0.2335 0
vt -0.0459 0.0000 0
vt 0.9541 0.0468 0
vt 0.9541 0.0936 0
vt 0.9541 0.1403 0
vt 0.9541 0.1870 0
vt 0.8957 0.2800 0
vt 0.9541 0.2335 0
vt 0.0000 0.0000 0
vt 0.9541 0.2800 0
vt 0.0000 0.3221 0
vt 0.9274 0.3219 0
vt 0.8704 0.3218 0
vt 0.8221 0.3220 0
vt 0.7784 0.3222 0
vt 0.7363 0.3226 0
vt 0.6933 0.3230 0
vt 0.6467 0.3235 0
vt 0.5927 0.3240 0
vt 0.5257 0.3244 0
vt 0.3870 0.3248 0
vt 0.3365 0.3247 0
vt 0.2918 0.3245 0
vt 0.2494 0.3242 0
vt 0.2070 0.3237 0
vt 0.1618 0.3233 0
vt 0.1106 0.3228 0
vt 0.0747 0.3225 0
vt 0.0486 0.3223 0
vt 0.4482 0.3247 0
vt 0.0000 0.0000 0
vt 0.0007 -0.0002 0
vt 0.0007 -0.0004 0
vt 0.0006 -0.0005 0
vt 0.0004 -0.0006 0
vt 0.0001 -0.0007 0
vt 0.0000 -0.0007 0
vt -0.0003 -0.0007 0
vt -0.0005 -0.0005 0
vt -0.0007 -0.0003 0
vt -0.0007 -0.0001 0
vt -0.0007 0.0002 0
vt -0.0006 0.0004 0
vt -0.0006 0.0005 0
vt -0.0004 0.0006 0
vt -0.0002 0.0007 0
vt 0.0001 0.0007 0
vt 0.0004 0.0007 0
vt 0.0006 0.0005 0
vt 0.0007 0.0003 0
vt 0.0008 0.0000 0
vt 0.0027 0.0255 0
vt 0.0004 0.0230 0
vt 0.0002 0.0231 0
vt 0.0100 0.0219 0
vt 0.0100 0.0179 0
vt 0.0076 0.0200 0
vt 0.0000 0.0257 0
vt 0.0075 0.0198 0
vt 0.0092 0.0183 0
vt 0.0001 0.0231 0
vt 0.0074 0.0196 0
vt -0.0100 0.0219 0
vt -0.0076 0.0203 0
vt -0.0076 0.0201 0
vt -0.0075 0.0205 0
vt -0.0076 0.0203 0
vt 0.0000 0.0231 0
vt -0.0003 0.0231 0
vt 0.0006 0.0228 0
vt 0.0007 0.0226 0
vt 0.0076 0.0203 0
vt 0.0054 0.0247 0
vt 0.0008 0.0224 0
vt 0.0072 0.0195 0
vt -0.0073 0.0207 0
vt -0.0078 0.0235 0
vt -0.0071 0.0208 0
vt -0.0007 0.0225 0
vt -0.0007 0.0223 0
vt 0.0075 0.0205 0
vt 0.0061 0.0199 0
vt 0.0063 0.0197 0
vt 0.0060 0.0196 0
vt -0.0009 0.0205 0
vt -0.0001 0.0216 0
vt 0.0002 0.0216 0
vt 0.0061 0.0203 0
vt 0.0061 0.0201 0
vt 0.0026 0.0203 0
vt -0.0007 0.0220 0
vt -0.0043 0.0200 0
vt -0.0065 0.0195 0
vt -0.0063 0.0196 0
vt -0.0076 0.0190 0
vt -0.0067 0.0194 0
vt -0.0069 0.0209 0
vt 0.0007 0.0221 0
vt 0.0078 0.0235 0
vt 0.0073 0.0207 0
vt 0.0069 0.0194 0
vt 0.0064 0.0195 0
vt -0.0061 0.0203 0
vt -0.0054 0.0247 0
vt 0.0006 0.0219 0
vt 0.0068 0.0209 0
vt 0.0004 0.0217 0
vt 0.0062 0.0205 0
vt -0.0005 0.0218 0
vt -0.0003 0.0217 0
vt -0.0061 0.0201 0
vt -0.0062 0.0198 0
vt -0.0006 0.0227 0
vt -0.0027 0.0255 0
vt 0.0071 0.0208 0
vt 0.0067 0.0194 0
vt 0.0064 0.0207 0
vt -0.0070 0.0194 0
vt -0.0005 0.0229 0
vt 0.0066 0.0208 0
vt -0.0072 0.0195 0
vt -0.0100 0.0179 0
vt -0.0075 0.0198 0
vt -0.0074 0.0196 0
vt -0.0064 0.0208 0
vt -0.0067 0.0209 0
vt -0.0062 0.0206 0
vt 0.1375 0.4853 0
vt 0.0747 0.4853 0
vt 0.0747 0.4382 0
vt 0.1867 0.4853 0
vt 0.1375 0.4382 0
vt 0.2320 0.4853 0
vt 0.1867 0.4382 0
vt 0.2780 0.4853 0
vt 0.2320 0.4382 0
vt 0.3245 0.4853 0
vt 0.2780 0.4382 0
vt 0.3730 0.4853 0
vt 0.3245 0.4382 0
vt 0.3810 0.4853 0
vt 0.3730 0.4382 0
vt 0.4384 0.4853 0
vt 0.3810 0.4382 0
vt 0.4384 0.4382 0
vt 0.5199 0.4382 0
vt 0.5199 0.4853 0
vt 0.5893 0.4382 0
vt 0.5893 0.4853 0
vt 0.6500 0.4382 0
vt 0.6500 0.4853 0
vt 0.6980 0.4382 0
vt 0.6980 0.4853 0
vt 0.7427 0.4382 0
vt 0.7427 0.4853 0
vt 0.7718 0.4382 0
vt 0.7718 0.4853 0
vt -0.1824 0.4382 0
vt 0.0000 0.5794 0
vt 0.0000 0.4853 0
vt 0.0747 0.5323 0
vt -0.8625 0.5794 0
vt 0.0747 0.5794 0
vt -0.8133 0.5794 0
vt -0.8625 0.5323 0
vt -0.7680 0.5794 0
vt -0.8133 0.5323 0
vt -0.7220 0.5794 0
vt -0.7680 0.5323 0
vt -0.6755 0.5794 0
vt -0.7220 0.5323 0
vt -0.6270 0.5794 0
vt -0.6755 0.5323 0
vt -0.6190 0.5794 0
vt -0.6270 0.5323 0
vt -0.5616 0.5794 0
vt -0.6190 0.5323 0
vt -0.5616 0.5323 0
vt -0.4801 0.5323 0
vt -0.4801 0.5794 0
vt -0.4107 0.5323 0
vt -0.4107 0.5794 0
vt -0.3500 0.5323 0
vt -0.3500 0.5794 0
vt -0.3020 0.5323 0
vt -0.3020 0.5794 0
vt -0.2573 0.5323 0
vt -0.2573 0.5794 0
vt -0.2282 0.5323 0
vt -0.2282 0.5794 0
vt -0.1824 0.5323 0
vt -0.1344 0.5794 0
vt -0.1824 0.5794 0
vt -0.1344 0.4853 0
vt -0.0968 0.4853 0
vt -0.0257 0.5794 0
vt -0.0968 0.5794 0
vt -0.0257 0.4853 0
vt 0.0747 0.6736 0
vt 0.0000 0.6736 0
vt 0.1375 0.6265 0
vt -0.8133 0.6736 0
vt 0.1375 0.6736 0
vt -0.7680 0.6736 0
vt -0.8133 0.6265 0
vt -0.7220 0.6736 0
vt -0.7680 0.6265 0
vt -0.6755 0.6736 0
vt -0.7220 0.6265 0
vt -0.6270 0.6736 0
vt -0.6755 0.6265 0
vt -0.6190 0.6736 0
vt -0.6270 0.6265 0
vt -0.5616 0.6736 0
vt -0.6190 0.6265 0
vt -0.5616 0.6265 0
vt -0.4801 0.6265 0
vt -0.4801 0.6736 0
vt -0.4107 0.6265 0
vt -0.4107 0.6736 0
vt -0.3500 0.6265 0
vt -0.3500 0.6736 0
vt -0.3020 0.6265 0
vt -0.3020 0.6736 0
vt -0.2573 0.6265 0
vt -0.2573 0.6736 0
vt -0.2282 0.6265 0
vt -0.1824 0.6736 0
vt -0.2282 0.6736 0
vt -0.1344 0.6736 0
vt -0.0257 0.6736 0
vt -0.0968 0.6736 0
vt 0.0747 0.7681 0
vt 0.0000 0.7681 0
vt 0.1375 0.7208 0
vt -0.8133 0.7681 0
vt 0.1375 0.7681 0
vt -0.7680 0.7681 0
vt -0.8133 0.7208 0
vt -0.7220 0.7681 0
vt -0.7680 0.7208 0
vt -0.6755 0.7681 0
vt -0.7220 0.7208 0
vt -0.6270 0.7681 0
vt -0.6755 0.7208 0
vt -0.6190 0.7681 0
vt -0.6270 0.7208 0
vt -0.5616 0.7681 0
vt -0.6190 0.7208 0
vt -0.5616 0.7208 0
vt -0.4801 0.7208 0
vt -0.4801 0.7681 0
vt -0.4107 0.7208 0
vt -0.4107 0.7681 0
vt -0.3500 0.7208 0
vt -0.3500 0.7681 0
vt -0.3020 0.7208 0
vt -0.3020 0.7681 0
vt -0.2573 0.7208 0
vt -0.2282 0.7681 0
vt -0.2573 0.7681 0
vt -0.1824 0.7681 0
vt -0.1344 0.7681 0
vt -0.0257 0.7681 0
vt -0.0968 0.7681 0
vt 0.0747 0.8630 0
vt 0.0000 0.8630 0
vt 0.1375 0.8630 0
vt 0.1867 0.8155 0
vt -0.7680 0.8630 0
vt 0.1867 0.8630 0
vt -0.7220 0.8630 0
vt -0.7680 0.8155 0
vt -0.6755 0.8630 0
vt -0.7220 0.8155 0
vt -0.6270 0.8630 0
vt -0.6755 0.8155 0
vt -0.6190 0.8630 0
vt -0.6270 0.8155 0
vt -0.5616 0.8630 0
vt -0.6190 0.8155 0
vt -0.5616 0.8155 0
vt -0.4801 0.8155 0
vt -0.4801 0.8630 0
vt -0.4107 0.8155 0
vt -0.4107 0.8630 0
vt -0.3500 0.8155 0
vt -0.3500 0.8630 0
vt -0.3020 0.8155 0
vt -0.3020 0.8630 0
vt -0.2573 0.8155 0
vt -0.2282 0.8630 0
vt -0.2573 0.8630 0
vt -0.1824 0.8630 0
vt -0.1344 0.8630 0
vt -0.0257 0.8630 0
vt -0.0968 0.8630 0
vt -0.9253 0.9586 0
vt 0.0000 0.9586 0
vt -0.8625 0.9586 0
vt -0.8133 0.9586 0
vt 0.2320 0.9108 0
vt -0.7220 0.9586 0
vt -0.7680 0.9586 0
vt -0.6755 0.9586 0
vt -0.7220 0.9108 0
vt -0.6270 0.9586 0
vt -0.6755 0.9108 0
vt -0.6190 0.9586 0
vt -0.6270 0.9108 0
vt -0.5616 0.9586 0
vt -0.6190 0.9108 0
vt -0.5616 0.9108 0
vt -0.4801 0.9108 0
vt -0.4801 0.9586 0
vt -0.4107 0.9108 0
vt -0.4107 0.9586 0
vt -0.3500 0.9108 0
vt -0.3500 0.9586 0
vt -0.3020 0.9108 0
vt -0.2573 0.9586 0
vt -0.3020 0.9586 0
vt -0.2282 0.9586 0
vt -0.1824 0.9586 0
vt -0.1344 0.9586 0
vt -0.0257 0.9586 0
vt -0.0968 0.9586 0
vt 0.0000 1.0000 0
vt -0.8625 1.0000 0
vt -0.8943 1.0000 0
vt -0.8170 1.0000 0
vt -0.7220 1.0000 0
vt -0.7500 1.0000 0
vt -0.6830 1.0000 0
vt -0.6755 1.0000 0
vt -0.6270 1.0000 0
vt -0.6190 1.0000 0
vt -0.5616 1.0000 0
vt -0.6057 1.0000 0
vt -0.5000 1.0000 0
vt -0.3500 1.0000 0
vt -0.3943 1.0000 0
vt -0.3170 1.0000 0
vt -0.1830 1.0000 0
vt -0.2500 1.0000 0
vt -0.0257 1.0000 0
vt -0.1057 1.0000 0
vt -0.1824 0.4853 0
vt 0.0493 0.3968 0
vt 0.0748 0.3972 0
vt 0.0000 0.3963 0
vt 0.1112 0.3977 0
vt 0.1619 0.3985 0
vt 0.2064 0.3992 0
vt 0.2483 0.3997 0
vt 0.2903 0.3999 0
vt 0.3861 0.3995 0
vt 0.4480 0.3989 0
vt 0.5264 0.3981 0
vt 0.5935 0.3973 0
vt 0.6469 0.3964 0
vt 0.6930 0.3957 0
vt 0.7354 0.3952 0
vt 0.7771 0.3948 0
vt -0.1793 0.3948 0
vt -0.1307 0.3951 0
vt -0.0731 0.3956 0
vt 0.3352 0.3998 0
vt 0.0000 0.0000 0
vt 0.0006 0.0004 0
vt 0.0006 0.0005 0
vt 0.0004 0.0006 0
vt 0.0000 0.0008 0
vt -0.0002 0.0007 0
vt -0.0004 0.0006 0
vt -0.0004 0.0006 0
vt -0.0006 0.0005 0
vt -0.0006 0.0004 0
vt -0.0006 0.0004 0
vt -0.0007 0.0002 0
vt -0.0008 0.0000 0
vt -0.0006 -0.0004 0
vt -0.0005 -0.0005 0
vt -0.0004 -0.0006 0
vt 0.0000 -0.0008 0
vt 0.0004 -0.0006 0
vt 0.0006 -0.0004 0
vt 0.0007 -0.0001 0
vt 0.0008 0.0000 0
vt 1.0747 0.4442 0
vt 1.0000 0.4442 0
vt 1.0000 0.3981 0
vt 0.1374 0.4442 0
vt 1.0747 0.3981 0
vt 0.1868 0.4442 0
vt 1.1374 0.3981 0
vt 0.2321 0.4442 0
vt 1.1868 0.3981 0
vt 0.2781 0.4442 0
vt 1.2321 0.3981 0
vt 0.3247 0.4442 0
vt 1.2781 0.3981 0
vt 0.3732 0.4442 0
vt 1.3247 0.3981 0
vt 0.3804 0.4442 0
vt 1.3732 0.3981 0
vt 0.4377 0.4442 0
vt 1.3804 0.3981 0
vt 1.4377 0.3981 0
vt 1.5190 0.3981 0
vt 0.5190 0.4442 0
vt 1.5886 0.3981 0
vt 0.5886 0.4442 0
vt 1.6495 0.3981 0
vt 0.6495 0.4442 0
vt 1.6976 0.3981 0
vt 0.6976 0.4442 0
vt 1.7424 0.3981 0
vt 0.7424 0.4442 0
vt 1.7729 0.3981 0
vt 0.7729 0.4442 0
vt 1.8188 0.3981 0
vt 0.8188 0.4442 0
vt 1.8669 0.3981 0
vt 0.8669 0.4442 0
vt 1.8993 0.3981 0
vt 0.8993 0.4442 0
vt 1.9581 0.3981 0
vt 0.9581 0.4442 0
vt 1.0747 0.5366 0
vt 1.0000 0.5366 0
vt 1.0000 0.4904 0
vt 0.1374 0.5366 0
vt 1.0747 0.4904 0
vt 0.1868 0.5366 0
vt 0.1374 0.4904 0
vt 0.2321 0.5366 0
vt 0.1868 0.4904 0
vt 0.2781 0.5366 0
vt 0.2321 0.4904 0
vt 0.3247 0.5366 0
vt 0.2781 0.4904 0
vt 0.3732 0.5366 0
vt 0.3247 0.4904 0
vt 0.3804 0.5366 0
vt 0.3732 0.4904 0
vt 0.4377 0.5366 0
vt 0.3804 0.4904 0
vt 0.4377 0.4904 0
vt 0.5190 0.4904 0
vt 0.5190 0.5366 0
vt 0.5886 0.4904 0
vt 0.5886 0.5366 0
vt 0.6495 0.4904 0
vt 0.6495 0.5366 0
vt 0.6976 0.4904 0
vt 0.6976 0.5366 0
vt 0.7424 0.4904 0
vt 0.7424 0.5366 0
vt 0.7729 0.4904 0
vt 0.7729 0.5366 0
vt 0.8188 0.4904 0
vt 0.8188 0.5366 0
vt 0.8669 0.4904 0
vt 0.8669 0.5366 0
vt 0.8993 0.4904 0
vt 0.8993 0.5366 0
vt 0.9581 0.4904 0
vt 0.9581 0.5366 0
vt 0.0747 0.6289 0
vt 0.0000 0.6289 0
vt 1.0000 0.5828 0
vt 0.1374 0.6289 0
vt 1.0747 0.5828 0
vt 0.1868 0.6289 0
vt 0.1374 0.5828 0
vt 0.2321 0.6289 0
vt 0.1868 0.5828 0
vt 0.2781 0.6289 0
vt 0.2321 0.5828 0
vt 0.3247 0.6289 0
vt 0.2781 0.5828 0
vt 0.3732 0.6289 0
vt 0.3247 0.5828 0
vt 0.3804 0.6289 0
vt 0.3732 0.5828 0
vt 0.4377 0.6289 0
vt 0.3804 0.5828 0
vt 0.4377 0.5828 0
vt 0.5190 0.5828 0
vt 0.5190 0.6289 0
vt 0.5886 0.5828 0
vt 0.5886 0.6289 0
vt 0.6495 0.5828 0
vt 0.6495 0.6289 0
vt 0.6976 0.5828 0
vt 0.6976 0.6289 0
vt 0.7424 0.5828 0
vt 0.7424 0.6289 0
vt 0.7729 0.5828 0
vt 0.7729 0.6289 0
vt 0.8188 0.5828 0
vt 0.8188 0.6289 0
vt 0.8669 0.5828 0
vt 0.8669 0.6289 0
vt 0.8993 0.5828 0
vt 0.8993 0.6289 0
vt 0.9581 0.5828 0
vt 0.9581 0.6289 0
vt 0.0747 0.7215 0
vt 0.0000 0.7215 0
vt 0.0000 0.6752 0
vt 0.1374 0.7215 0
vt 0.0747 0.6752 0
vt 0.1868 0.7215 0
vt 0.1374 0.6752 0
vt 0.2321 0.7215 0
vt 0.1868 0.6752 0
vt 0.2781 0.7215 0
vt 0.2321 0.6752 0
vt 0.3247 0.7215 0
vt 0.2781 0.6752 0
vt 0.3732 0.7215 0
vt 0.3247 0.6752 0
vt 0.3804 0.7215 0
vt 0.3732 0.6752 0
vt 0.4377 0.7215 0
vt 0.3804 0.6752 0
vt 0.4377 0.6752 0
vt 0.5190 0.6752 0
vt 0.5190 0.7215 0
vt 0.5886 0.6752 0
vt 0.5886 0.7215 0
vt 0.6495 0.6752 0
vt 0.6495 0.7215 0
vt 0.6976 0.6752 0
vt 0.6976 0.7215 0
vt 0.7424 0.6752 0
vt 0.7424 0.7215 0
vt 0.7729 0.6752 0
vt 0.7729 0.7215 0
vt 0.8188 0.6752 0
vt 0.8188 0.7215 0
vt 0.8669 0.6752 0
vt 0.8993 0.7215 0
vt 0.8669 0.7215 0
vt 0.9581 0.7215 0
vt 0.0000 0.8143 0
vt 0.0747 0.7679 0
vt 0.1374 0.8143 0
vt 0.0747 0.8143 0
vt 0.1868 0.8143 0
vt 0.1374 0.7679 0
vt 0.2321 0.8143 0
vt 0.1868 0.7679 0
vt 0.2781 0.8143 0
vt 0.2321 0.7679 0
vt 0.3247 0.8143 0
vt 0.2781 0.7679 0
vt 0.3732 0.8143 0
vt 0.3247 0.7679 0
vt 0.3804 0.8143 0
vt 0.3732 0.7679 0
vt 0.4377 0.8143 0
vt 0.3804 0.7679 0
vt 0.4377 0.7679 0
vt 0.5190 0.7679 0
vt 0.5190 0.8143 0
vt 0.5886 0.7679 0
vt 0.5886 0.8143 0
vt 0.6495 0.7679 0
vt 0.6495 0.8143 0
vt 0.6976 0.7679 0
vt 0.6976 0.8143 0
vt 0.7424 0.7679 0
vt 0.7424 0.8143 0
vt 0.7729 0.7679 0
vt 0.7729 0.8143 0
vt 0.8188 0.7679 0
vt 0.8669 0.8143 0
vt 0.8188 0.8143 0
vt 0.8993 0.8143 0
vt 0.9581 0.8143 0
vt 0.0747 0.9076 0
vt 0.0000 0.9076 0
vt 0.1374 0.8609 0
vt 0.1868 0.9076 0
vt 0.1374 0.9076 0
vt 0.2321 0.9076 0
vt 0.1868 0.8609 0
vt 0.2781 0.9076 0
vt 0.2321 0.8609 0
vt 0.3247 0.9076 0
vt 0.2781 0.8609 0
vt 0.3732 0.9076 0
vt 0.3247 0.8609 0
vt 0.3804 0.9076 0
vt 0.3732 0.8609 0
vt 0.4377 0.9076 0
vt 0.3804 0.8609 0
vt 0.4377 0.8609 0
vt 0.5190 0.8609 0
vt 0.5190 0.9076 0
vt 0.5886 0.8609 0
vt 0.5886 0.9076 0
vt 0.6495 0.8609 0
vt 0.6495 0.9076 0
vt 0.6976 0.8609 0
vt 0.6976 0.9076 0
vt 0.7424 0.8609 0
vt 0.7424 0.9076 0
vt 0.7729 0.8609 0
vt 0.8188 0.9076 0
vt 0.7729 0.9076 0
vt 0.8669 0.9076 0
vt -0.1007 0.9076 0
vt -0.0419 0.9076 0
vt 0.1057 1.0000 0
vt 0.0000 1.0000 0
vt 0.1374 1.0000 0
vt 0.1830 1.0000 0
vt 0.2500 1.0000 0
vt 0.2781 1.0000 0
vt 0.3170 1.0000 0
vt 0.3247 1.0000 0
vt 0.3732 1.0000 0
vt 0.3804 1.0000 0
vt 0.4377 1.0000 0
vt 0.3943 1.0000 0
vt 0.5000 1.0000 0
vt 0.6495 1.0000 0
vt 0.6830 1.0000 0
vt 0.8170 1.0000 0
vt -0.0419 1.0000 0
vt -0.1057 1.0000 0
vt 1.0483 0.3562 0
vt 1.0747 0.3564 0
vt 1.0000 0.3561 0
vt 1.1103 0.3566 0
vt 1.1614 0.3570 0
vt 1.2066 0.3574 0
vt 1.2490 0.3578 0
vt 1.2914 0.3580 0
vt 1.3363 0.3582 0
vt 1.3869 0.3582 0
vt 1.4480 0.3581 0
vt 1.5255 0.3578 0
vt 1.5924 0.3575 0
vt 1.6463 0.3571 0
vt 1.6929 0.3567 0
vt 1.7359 0.3563 0
vt 1.7780 0.3560 0
vt 1.8218 0.3558 0
vt 1.8702 0.3558 0
vt 1.9273 0.3559 0
vt 0.7500 1.0000 0
vt 0.6057 1.0000 0
vt 0.0000 0.0000 0
vt 0.0006 0.0004 0
vt 0.0006 0.0005 0
vt 0.0004 0.0006 0
vt 0.0000 0.0008 0
vt -0.0002 0.0007 0
vt -0.0004 0.0006 0
vt -0.0004 0.0006 0
vt -0.0006 0.0005 0
vt -0.0006 0.0004 0
vt -0.0006 0.0004 0
vt -0.0007 0.0002 0
vt -0.0008 0.0000 0
vt -0.0006 -0.0004 0
vt -0.0005 -0.0005 0
vt -0.0004 -0.0006 0
vt 0.0000 -0.0008 0
vt 0.0004 -0.0006 0
vt 0.0006 -0.0004 0
vt 0.0007 -0.0001 0
vt 0.0008 0.0000 0
vt 0.0000 0.4223 0
vt 0.0000 0.3732 0
vt 0.0747 0.3732 0
vt 0.0000 0.4714 0
vt 0.0747 0.4223 0
vt 0.0000 0.5204 0
vt 0.0747 0.4714 0
vt 0.0000 0.5695 0
vt 0.0747 0.5204 0
vt 0.0000 0.6186 0
vt 0.0747 0.5695 0
vt 0.0000 0.6677 0
vt 0.0747 0.6186 0
vt 0.0000 0.7168 0
vt 0.0747 0.6677 0
vt 0.0000 0.7660 0
vt 0.0747 0.7168 0
vt 0.0000 0.8152 0
vt 0.0747 0.7660 0
vt 0.0000 0.8646 0
vt 0.0747 0.8152 0
vt 0.0000 0.9139 0
vt 0.0747 0.8646 0
vt 1.0000 1.0000 0
vt 0.0747 0.9139 0
vt 1.1375 0.3732 0
vt 1.1375 0.4223 0
vt 1.1375 0.4714 0
vt 1.1375 0.5204 0
vt 1.1375 0.5695 0
vt 1.1375 0.6186 0
vt 1.1375 0.6677 0
vt 1.1375 0.7168 0
vt 1.1375 0.7660 0
vt 1.1375 0.8152 0
vt 1.1375 0.8646 0
vt 1.0747 1.0000 0
vt 1.1375 0.9139 0
vt 0.1868 0.3732 0
vt 0.1868 0.4223 0
vt 0.1868 0.4714 0
vt 0.1868 0.5204 0
vt 0.1868 0.5695 0
vt 0.1868 0.6186 0
vt 0.1868 0.6677 0
vt 0.1868 0.7168 0
vt 0.1868 0.7660 0
vt 0.1868 0.8152 0
vt 0.1868 0.8646 0
vt 0.1375 1.0000 0
vt 0.1868 0.9139 0
vt 0.2322 0.3732 0
vt 0.2322 0.4223 0
vt 0.2322 0.4714 0
vt 0.2322 0.5204 0
vt 0.2322 0.5695 0
vt 0.2322 0.6186 0
vt 0.2322 0.6677 0
vt 0.2322 0.7168 0
vt 0.2322 0.7660 0
vt 0.2322 0.8152 0
vt 0.2322 0.8646 0
vt 0.1868 1.0000 0
vt 0.2322 0.9139 0
vt 0.2783 0.3732 0
vt 0.2783 0.4223 0
vt 0.2783 0.4714 0
vt 0.2783 0.5204 0
vt 0.2783 0.5695 0
vt 0.2783 0.6186 0
vt 0.2783 0.6677 0
vt 0.2783 0.7168 0
vt 0.2783 0.7660 0
vt 0.2783 0.8152 0
vt 0.2783 0.8646 0
vt 0.2322 1.0000 0
vt 0.2783 0.9139 0
vt 0.3249 0.3732 0
vt 0.3249 0.4223 0
vt 0.3249 0.4714 0
vt 0.3249 0.5204 0
vt 0.3249 0.5695 0
vt 0.3249 0.6186 0
vt 0.3249 0.6677 0
vt 0.3249 0.7168 0
vt 0.3249 0.7660 0
vt 0.3249 0.8152 0
vt 0.3249 0.8646 0
vt 0.2783 1.0000 0
vt 0.3249 0.9139 0
vt 0.3734 0.3732 0
vt 0.3734 0.4223 0
vt 0.3734 0.4714 0
vt 0.3734 0.5204 0
vt 0.3734 0.5695 0
vt 0.3734 0.6186 0
vt 0.3734 0.6677 0
vt 0.3734 0.7168 0
vt 0.3734 0.7660 0
vt 0.3734 0.8152 0
vt 0.3734 0.8646 0
vt 0.3249 1.0000 0
vt 0.3734 0.9139 0
vt 0.3797 0.3732 0
vt 0.3797 0.4223 0
vt 0.3797 0.4714 0
vt 0.3797 0.5204 0
vt 0.3797 0.5695 0
vt 0.3797 0.6186 0
vt 0.3797 0.6677 0
vt 0.3797 0.7168 0
vt 0.3797 0.7660 0
vt 0.3797 0.8152 0
vt 0.3797 0.8646 0
vt 0.3734 1.0000 0
vt 0.3797 0.9139 0
vt 0.4368 0.3732 0
vt 0.4368 0.4223 0
vt 0.4368 0.4714 0
vt 0.4368 0.5204 0
vt 0.4368 0.5695 0
vt 0.4368 0.6186 0
vt 0.4368 0.6677 0
vt 0.4368 0.7168 0
vt 0.4368 0.7660 0
vt 0.4368 0.8152 0
vt 0.4368 0.8646 0
vt 0.3797 1.0000 0
vt 0.4368 0.9139 0
vt 0.5180 0.3732 0
vt 0.5180 0.4223 0
vt 0.5180 0.4714 0
vt 0.5180 0.5204 0
vt 0.5180 0.5695 0
vt 0.5180 0.6186 0
vt 0.5180 0.6677 0
vt 0.5180 0.7168 0
vt 0.5180 0.7660 0
vt 0.5180 0.8152 0
vt 0.5180 0.8646 0
vt 0.4368 1.0000 0
vt 0.5180 0.9139 0
vt 0.5879 0.3732 0
vt 0.5879 0.4223 0
vt 0.5879 0.4714 0
vt 0.5879 0.5204 0
vt 0.5879 0.5695 0
vt 0.5879 0.6186 0
vt 0.5879 0.6677 0
vt 0.5879 0.7168 0
vt 0.5879 0.7660 0
vt 0.5879 0.8152 0
vt 0.5879 0.8646 0
vt -0.4121 1.0000 0
vt 0.5180 1.0000 0
vt 0.6489 0.3732 0
vt 0.6489 0.4223 0
vt 0.6489 0.4714 0
vt 0.6489 0.5204 0
vt 0.6489 0.5695 0
vt 0.6489 0.6186 0
vt 0.6489 0.6677 0
vt 0.6489 0.7168 0
vt 0.6489 0.7660 0
vt 0.6489 0.8152 0
vt 0.5879 0.9139 0
vt 0.6489 0.8646 0
vt -0.3511 1.0000 0
vt -0.3029 0.3732 0
vt -0.3029 0.4223 0
vt -0.3029 0.4714 0
vt -0.3029 0.5204 0
vt -0.3029 0.5695 0
vt -0.3029 0.6186 0
vt -0.3029 0.6677 0
vt -0.3029 0.7168 0
vt -0.3029 0.7660 0
vt -0.3029 0.8152 0
vt 0.6489 0.9139 0
vt -0.3029 0.8646 0
vt -0.3029 1.0000 0
vt -0.2580 0.3732 0
vt -0.2580 0.4223 0
vt -0.2580 0.4714 0
vt -0.2580 0.5204 0
vt -0.2580 0.5695 0
vt -0.2580 0.6186 0
vt -0.2580 0.6677 0
vt -0.2580 0.7168 0
vt -0.2580 0.7660 0
vt -0.2580 0.8152 0
vt -0.3029 0.9139 0
vt -0.2580 0.8646 0
vt -0.2580 1.0000 0
vt -0.2259 0.3732 0
vt -0.2259 0.4223 0
vt -0.2259 0.4714 0
vt -0.2259 0.5204 0
vt -0.2259 0.5695 0
vt -0.2259 0.6186 0
vt -0.2259 0.6677 0
vt -0.2259 0.7168 0
vt -0.2259 0.7660 0
vt -0.2259 0.8152 0
vt -0.2580 0.9139 0
vt -0.2259 0.8646 0
vt -0.2259 1.0000 0
vt -0.1799 0.3732 0
vt -0.1799 0.4223 0
vt -0.1799 0.4714 0
vt -0.1799 0.5204 0
vt -0.1799 0.5695 0
vt -0.1799 0.6186 0
vt -0.1799 0.6677 0
vt -0.1799 0.7168 0
vt -0.1799 0.7660 0
vt -0.1799 0.8152 0
vt -0.2259 0.9139 0
vt -0.1799 0.8646 0
vt -0.1799 1.0000 0
vt -0.1318 0.3732 0
vt -0.1318 0.4223 0
vt -0.1318 0.4714 0
vt -0.1318 0.5204 0
vt -0.1318 0.5695 0
vt -0.1318 0.6186 0
vt -0.1318 0.6677 0
vt -0.1318 0.7168 0
vt -0.1318 0.7660 0
vt -0.1318 0.8152 0
vt -0.1799 0.9139 0
vt -0.1318 0.8646 0
vt -0.1318 1.0000 0
vt -0.1047 0.3732 0
vt -0.1047 0.4223 0
vt -0.1047 0.4714 0
vt -0.1047 0.5204 0
vt -0.1047 0.5695 0
vt -0.1047 0.6186 0
vt -0.1047 0.6677 0
vt -0.1047 0.7168 0
vt -0.1047 0.7660 0
vt -0.1047 0.8152 0
vt -0.1318 0.9139 0
vt -0.1047 0.8646 0
vt -0.1047 1.0000 0
vt -0.0464 0.3732 0
vt -0.0464 0.4223 0
vt -0.0464 0.4714 0
vt -0.0464 0.5204 0
vt -0.0464 0.5695 0
vt -0.0464 0.6186 0
vt -0.0464 0.6677 0
vt -0.0464 0.7168 0
vt -0.0464 0.7660 0
vt -0.0464 0.8152 0
vt -0.1047 0.9139 0
vt -0.0464 0.8646 0
vt 0.9536 1.0000 0
vt -0.0464 0.9139 0
vt 0.0477 0.3289 0
vt 0.1096 0.3290 0
vt 0.0000 0.3289 0
vt 0.1606 0.3290 0
vt 0.2059 0.3290 0
vt 0.2485 0.3289 0
vt 0.2910 0.3288 0
vt 0.3867 0.3286 0
vt 0.4477 0.3284 0
vt 0.5250 0.3283 0
vt 0.5917 0.3282 0
vt 0.6922 0.3282 0
vt 0.7353 0.3282 0
vt 0.7776 0.3283 0
vt 0.8216 0.3285 0
vt 0.8701 0.3286 0
vt 0.9272 0.3287 0
vt 0.6455 0.3282 0
vt 0.3361 0.3287 0
vt 0.0000 0.0000 0
vt 0.0007 0.0003 0
vt 0.0006 0.0005 0
vt 0.0004 0.0007 0
vt 0.0001 0.0007 0
vt -0.0002 0.0007 0
vt -0.0004 0.0006 0
vt -0.0006 0.0005 0
vt -0.0006 0.0004 0
vt -0.0007 0.0002 0
vt -0.0007 -0.0001 0
vt -0.0007 -0.0003 0
vt -0.0005 -0.0005 0
vt -0.0003 -0.0007 0
vt 0.0000 -0.0007 0
vt 0.0001 -0.0007 0
vt 0.0004 -0.0006 0
vt 0.0006 -0.0005 0
vt 0.0007 -0.0004 0
vt 0.0007 -0.0002 0
vt 0.0008 0.0000 0
f 94/94/94 93/93/93 91/91/91
f 96/96/96 95/95/95 93/93/93
f 98/98/98 97/97/97 95/95/95
f 101/101/101 99/99/99 100/100/100
f 104/104/104 102/102/102 103/103/103
f 102/102/102 104/104/104 99/99/99
f 99/99/99 104/104/104 100/100/100
f 105/105/105 97/97/97 101/101/101
f 97/97/97 105/105/105 106/106/106
f 106/106/106 105/105/105 107/107/107
f 106/106/106 107/107/107 108/108/108
f 106/106/106 108/108/108 109/109/109
f 106/106/106 109/109/109 110/110/110
f 106/106/106 110/110/110 103/103/103
f 106/106/106 103/103/103 102/102/102
f 102/102/102 111/111/111 106/106/106
f 113/113/113 112/112/112 111/111/111
f 115/115/115 114/114/114 112/112/112
f 117/117/117 116/116/116 114/114/114
f 118/118/118 39/39/39 116/116/116
f 39/39/39 118/118/118 40/40/40
f 116/116/116 117/117/117 118/118/118
f 114/114/114 115/115/115 117/117/117
f 112/112/112 113/113/113 115/115/115
f 111/111/111 102/102/102 113/113/113
f 99/99/99 101/101/101 97/97/97
f 97/97/97 98/98/98 99/99/99
f 92/92/92 91/91/91 89/89/89
f 93/93/93 94/94/94 96/96/96
f 91/91/91 92/92/92 94/94/94
f 89/89/89 90/90/90 92/92/92
f 87/87/87 88/88/88 90/90/90
f 85/85/85 86/86/86 88/88/88
f 83/83/83 84/84/84 86/86/86
f 81/81/81 82/82/82 84/84/84
f 79/79/79 80/80/80 82/82/82
f 78/78/78 73/73/73 80/80/80
f 73/73/73 75/75/75 77/77/77
f 71/71/71 72/72/72 76/76/76
f 69/69/69 70/70/70 72/72/72
f 67/67/67 68/68/68 70/70/70
f 65/65/65 66/66/66 68/68/68
f 63/63/63 64/64/64 66/66/66
f 61/61/61 62/62/62 64/64/64
f 59/59/59 60/60/60 62/62/62
f 57/57/57 58/58/58 60/60/60
f 55/55/55 56/56/56 58/58/58
f 53/53/53 54/54/54 56/56/56
f 51/51/51 52/52/52 54/54/54
f 49/49/49 50/50/50 52/52/52
f 47/47/47 48/48/48 50/50/50
f 42/42/42 41/41/41 38/38/38
f 45/45/45 46/46/46 48/48/48
f 43/43/43 44/44/44 46/46/46
f 41/41/41 42/42/42 44/44/44
f 38/38/38 40/40/40 42/42/42
f 90/90/90 89/89/89 87/87/87
f 88/88/88 87/87/87 85/85/85
f 86/86/86 85/85/85 83/83/83
f 84/84/84 83/83/83 81/81/81
f 82/82/82 81/81/81 79/79/79
f 80/80/80 79/79/79 78/78/78
f 73/73/73 78/78/78 74/74/74
f 71/71/71 77/77/77 75/75/75
f 77/77/77 71/71/71 76/76/76
f 75/75/75 73/73/73 74/74/74
f 72/72/72 71/71/71 69/69/69
f 70/70/70 69/69/69 67/67/67
f 68/68/68 67/67/67 65/65/65
f 66/66/66 65/65/65 63/63/63
f 64/64/64 63/63/63 61/61/61
f 62/62/62 61/61/61 59/59/59
f 60/60/60 59/59/59 57/57/57
f 58/58/58 57/57/57 55/55/55
f 56/56/56 55/55/55 53/53/53
f 54/54/54 53/53/53 51/51/51
f 52/52/52 51/51/51 49/49/49
f 50/50/50 49/49/49 47/47/47
f 48/48/48 47/47/47 45/45/45
f 46/46/46 45/45/45 43/43/43
f 44/44/44 43/43/43 41/41/41
f 95/95/95 96/96/96 98/98/98
f 40/40/40 38/38/38 39/39/39
f 224/224/224 222/222/222 223/223/223
f 226/226/226 223/223/223 225/225/225
f 228/228/228 225/225/225 227/227/227
f 228/228/228 229/229/229 230/230/230
f 223/223/223 226/226/226 224/224/224
f 229/229/229 228/228/228 227/227/227
f 225/225/225 228/228/228 226/226/226
f 230/230/230 231/231/231 232/232/232
f 232/232/232 233/233/233 234/234/234
f 234/234/234 235/235/235 236/236/236
f 231/231/231 230/230/230 229/229/229
f 236/236/236 237/237/237 238/238/238
f 238/238/238 239/239/239 240/240/240
f 243/243/243 241/241/241 242/242/242
f 241/241/241 243/243/243 256/256/256
f 245/245/245 242/242/242 244/244/244
f 233/233/233 232/232/232 231/231/231
f 239/239/239 238/238/238 237/237/237
f 240/240/240 246/246/246 247/247/247
f 247/247/247 248/248/248 249/249/249
f 242/242/242 245/245/245 243/243/243
f 251/251/251 244/244/244 250/250/250
f 253/253/253 250/250/250 252/252/252
f 254/254/254 252/252/252 222/222/222
f 237/237/237 236/236/236 235/235/235
f 248/248/248 247/247/247 246/246/246
f 256/256/256 255/255/255 241/241/241
f 244/244/244 251/251/251 245/245/245
f 252/252/252 254/254/254 253/253/253
f 246/246/246 240/240/240 239/239/239
f 255/255/255 256/256/256 249/249/249
f 250/250/250 253/253/253 251/251/251
f 255/255/255 249/249/249 248/248/248
f 222/222/222 224/224/224 254/254/254
f 235/235/235 234/234/234 233/233/233
f 188/188/188 186/186/186 187/187/187
f 220/220/220 219/219/219 217/217/217
f 221/221/221 187/187/187 219/219/219
f 187/187/187 221/221/221 188/188/188
f 219/219/219 220/220/220 221/221/221
f 217/217/217 218/218/218 220/220/220
f 215/215/215 216/216/216 218/218/218
f 213/213/213 214/214/214 216/216/216
f 211/211/211 212/212/212 214/214/214
f 209/209/209 210/210/210 212/212/212
f 207/207/207 208/208/208 210/210/210
f 205/205/205 206/206/206 208/208/208
f 203/203/203 204/204/204 206/206/206
f 201/201/201 202/202/202 204/204/204
f 199/199/199 200/200/200 202/202/202
f 197/197/197 198/198/198 200/200/200
f 195/195/195 196/196/196 198/198/198
f 193/193/193 194/194/194 196/196/196
f 191/191/191 192/192/192 194/194/194
f 189/189/189 190/190/190 192/192/192
f 186/186/186 188/188/188 190/190/190
f 216/216/216 215/215/215 213/213/213
f 214/214/214 213/213/213 211/211/211
f 218/218/218 217/217/217 215/215/215
f 212/212/212 211/211/211 209/209/209
f 210/210/210 209/209/209 207/207/207
f 208/208/208 207/207/207 205/205/205
f 206/206/206 205/205/205 203/203/203
f 204/204/204 203/203/203 201/201/201
f 202/202/202 201/201/201 199/199/199
f 200/200/200 199/199/199 197/197/197
f 198/198/198 197/197/197 195/195/195
f 196/196/196 195/195/195 193/193/193
f 194/194/194 193/193/193 191/191/191
f 192/192/192 191/191/191 189/189/189
f 190/190/190 189/189/189 186/186/186
f 176/176/176 184/184/184 177/177/177
f 158/158/158 160/160/160 157/157/157
f 178/178/178 160/160/160 159/159/159
f 144/144/144 143/143/143 164/164/164
f 134/134/134 167/167/167 148/148/148
f 153/153/153 152/152/152 154/154/154
f 173/173/173 175/175/175 172/172/172
f 184/184/184 175/175/175 174/174/174
f 178/178/178 180/180/180 160/160/160
f 162/162/162 185/185/185 181/181/181
f 166/166/166 165/165/165 183/183/183
f 170/170/170 172/172/172 142/142/142
f 155/155/155 157/157/157 176/176/176
f 185/185/185 180/180/180 179/179/179
f 133/133/133 132/132/132 149/149/149
f 185/185/185 162/162/162 180/180/180
f 184/184/184 176/176/176 175/175/175
f 145/145/145 161/161/161 163/163/163
f 173/173/173 172/172/172 171/171/171
f 170/170/170 142/142/142 141/141/141
f 137/137/137 139/139/139 153/153/153
f 134/134/134 132/132/132 133/133/133
f 151/151/151 150/150/150 169/169/169
f 167/167/167 166/166/166 183/183/183
f 165/165/165 147/147/147 182/182/182
f 147/147/147 146/146/146 182/182/182
f 161/161/161 162/162/162 181/181/181
f 180/180/180 178/178/178 179/179/179
f 158/158/158 157/157/157 156/156/156
f 155/155/155 176/176/176 177/177/177
f 175/175/175 173/173/173 174/174/174
f 140/140/140 142/142/142 139/139/139
f 152/152/152 151/151/151 169/169/169
f 150/150/150 136/136/136 168/168/168
f 136/136/136 135/135/135 168/168/168
f 166/166/166 167/167/167 134/134/134
f 147/147/147 165/165/165 166/166/166
f 146/146/146 144/144/144 164/164/164
f 143/143/143 145/145/145 163/163/163
f 162/162/162 161/161/161 145/145/145
f 160/160/160 158/158/158 159/159/159
f 157/157/157 155/155/155 156/156/156
f 140/140/140 139/139/139 138/138/138
f 137/137/137 153/153/153 154/154/154
f 151/151/151 152/152/152 153/153/153
f 136/136/136 150/150/150 151/151/151
f 135/135/135 133/133/133 149/149/149
f 132/132/132 134/134/134 148/148/148
f 144/144/144 146/146/146 147/147/147
f 145/145/145 143/143/143 144/144/144
f 142/142/142 140/140/140 141/141/141
f 139/139/139 137/137/137 138/138/138
f 133/133/133 135/135/135 136/136/136
f 172/172/172 170/170/170 171/171/171
f 1/1/1 23/23/23 24/24/24
f 1/1/1 24/24/24 25/25/25
f 1/1/1 25/25/25 26/26/26
f 1/1/1 26/26/26 27/27/27
f 1/1/1 27/27/27 28/28/28
f 1/1/1 28/28/28 29/29/29
f 1/1/1 29/29/29 30/30/30
f 1/1/1 22/22/22 23/23/23
f 1/1/1 31/31/31 32/32/32
f 1/1/1 32/32/32 33/33/33
f 1/1/1 33/33/33 34/34/34
f 1/1/1 34/34/34 35/35/35
f 1/1/1 35/35/35 36/36/36
f 1/1/1 36/36/36 37/37/37
f 1/1/1 37/37/37 2/2/2
f 1/1/1 21/21/21 22/22/22
f 1/1/1 20/20/20 21/21/21
f 1/1/1 19/19/19 20/20/20
f 1/1/1 18/18/18 19/19/19
f 1/1/1 17/17/17 18/18/18
f 1/1/1 16/16/16 17/17/17
f 1/1/1 15/15/15 16/16/16
f 1/1/1 14/14/14 15/15/15
f 1/1/1 13/13/13 14/14/14
f 1/1/1 12/12/12 13/13/13
f 1/1/1 3/3/3 4/4/4
f 1/1/1 4/4/4 5/5/5
f 1/1/1 5/5/5 6/6/6
f 1/1/1 6/6/6 7/7/7
f 1/1/1 7/7/7 8/8/8
f 1/1/1 8/8/8 9/9/9
f 1/1/1 10/10/10 11/11/11
f 1/1/1 9/9/9 10/10/10
f 1/1/1 30/30/30 31/31/31
f 1/1/1 11/11/11 12/12/12
f 3/3/3 1/1/1 2/2/2
f 121/121/121 119/119/119 120/120/120
f 119/119/119 122/122/122 123/123/123
f 125/125/125 119/119/119 124/124/124
f 124/124/124 119/119/119 126/126/126
f 119/119/119 125/125/125 127/127/127
f 119/119/119 123/123/123 126/126/126
f 119/119/119 121/121/121 122/122/122
f 128/128/128 130/130/130 131/131/131
f 130/130/130 128/128/128 129/129/129
f 257/257/257 259/259/259 261/261/261
f 260/260/260 261/261/261 263/263/263
f 262/262/262 263/263/263 265/265/265
f 264/264/264 265/265/265 267/267/267
f 266/266/266 267/267/267 269/269/269
f 268/268/268 269/269/269 271/271/271
f 270/270/270 271/271/271 273/273/273
f 272/272/272 273/273/273 275/275/275
f 274/274/274 275/275/275 277/277/277
f 276/276/276 277/277/277 279/279/279
f 278/278/278 279/279/279 281/281/281
f 280/280/280 281/281/281 283/283/283
f 282/282/282 283/283/283 285/285/285
f 284/284/284 285/285/285 287/287/287
f 286/286/286 287/287/287 289/289/289
f 288/288/288 289/289/289 290/290/290
f 258/258/258 290/290/290 259/259/259
f 290/290/290 258/258/258 288/288/288
f 289/289/289 288/288/288 286/286/286
f 287/287/287 286/286/286 284/284/284
f 285/285/285 284/284/284 282/282/282
f 283/283/283 282/282/282 280/280/280
f 281/281/281 280/280/280 278/278/278
f 279/279/279 278/278/278 276/276/276
f 277/277/277 276/276/276 274/274/274
f 275/275/275 274/274/274 272/272/272
f 273/273/273 272/272/272 270/270/270
f 271/271/271 270/270/270 268/268/268
f 269/269/269 268/268/268 266/266/266
f 267/267/267 266/266/266 264/264/264
f 265/265/265 264/264/264 262/262/262
f 263/263/263 262/262/262 260/260/260
f 261/261/261 260/260/260 257/257/257
f 259/259/259 257/257/257 258/258/258
f 550/550/550 554/554/554 551/551/551
f 557/557/557 499/499/499 558/558/558
f 558/558/558 499/499/499 559/559/559
f 499/499/499 554/554/554 550/550/550
f 499/499/499 556/556/556 553/553/553
f 556/556/556 499/499/499 555/555/555
f 554/554/554 499/499/499 553/553/553
f 552/552/552 550/550/550 551/551/551
f 549/549/549 548/548/548 447/447/447
f 548/548/548 549/549/549 545/545/545
f 447/447/447 547/547/547 448/448/448
f 547/547/547 447/447/447 548/548/548
f 547/547/547 546/546/546 448/448/448
f 545/545/545 544/544/544 543/543/543
f 543/543/543 542/542/542 541/541/541
f 541/541/541 540/540/540 539/539/539
f 539/539/539 538/538/538 537/537/537
f 537/537/537 512/512/512 536/536/536
f 528/528/528 527/527/527 446/446/446
f 528/528/528 535/535/535 529/529/529
f 528/528/528 534/534/534 535/535/535
f 528/528/528 531/531/531 534/534/534
f 528/528/528 533/533/533 530/530/530
f 528/528/528 532/532/532 533/533/533
f 532/532/532 528/528/528 505/505/505
f 531/531/531 528/528/528 530/530/530
f 527/527/527 528/528/528 529/529/529
f 525/525/525 446/446/446 527/527/527
f 446/446/446 521/521/521 515/515/515
f 446/446/446 526/526/526 524/524/524
f 526/526/526 446/446/446 525/525/525
f 521/521/521 446/446/446 524/524/524
f 515/515/515 517/517/517 523/523/523
f 515/515/515 522/522/522 520/520/520
f 522/522/522 515/515/515 521/521/521
f 519/519/519 515/515/515 520/520/520
f 518/518/518 515/515/515 519/519/519
f 516/516/516 515/515/515 518/518/518
f 517/517/517 515/515/515 516/516/516
f 513/513/513 515/515/515 514/514/514
f 515/515/515 513/513/513 446/446/446
f 514/514/514 512/512/512 513/513/513
f 510/510/510 502/502/502 511/511/511
f 509/509/509 502/502/502 510/510/510
f 503/503/503 508/508/508 506/506/506
f 507/507/507 502/502/502 509/509/509
f 502/502/502 508/508/508 503/503/503
f 508/508/508 502/502/502 507/507/507
f 504/504/504 503/503/503 506/506/506
f 505/505/505 503/503/503 504/504/504
f 501/501/501 502/502/502 503/503/503
f 498/498/498 500/500/500 501/501/501
f 499/499/499 497/497/497 498/498/498
f 435/435/435 496/496/496 495/495/495
f 495/495/495 494/494/494 493/493/493
f 493/493/493 492/492/492 491/491/491
f 491/491/491 490/490/490 489/489/489
f 489/489/489 488/488/488 487/487/487
f 487/487/487 486/486/486 485/485/485
f 485/485/485 484/484/484 483/483/483
f 483/483/483 482/482/482 481/481/481
f 481/481/481 480/480/480 479/479/479
f 479/479/479 478/478/478 477/477/477
f 477/477/477 476/476/476 475/475/475
f 475/475/475 474/474/474 473/473/473
f 473/473/473 472/472/472 471/471/471
f 471/471/471 470/470/470 469/469/469
f 469/469/469 468/468/468 467/467/467
f 467/467/467 466/466/466 465/465/465
f 465/465/465 464/464/464 463/463/463
f 463/463/463 460/460/460 459/459/459
f 458/458/458 462/462/462 457/457/457
f 462/462/462 458/458/458 461/461/461
f 460/460/460 458/458/458 459/459/459
f 457/457/457 456/456/456 455/455/455
f 455/455/455 454/454/454 453/453/453
f 453/453/453 452/452/452 451/451/451
f 451/451/451 450/450/450 449/449/449
f 449/449/449 447/447/447 448/448/448
f 446/446/446 445/445/445 444/444/444
f 444/444/444 443/443/443 442/442/442
f 442/442/442 441/441/441 440/440/440
f 440/440/440 439/439/439 438/438/438
f 438/438/438 437/437/437 436/436/436
f 436/436/436 434/434/434 435/435/435
f 559/559/559 499/499/499 560/560/560
f 560/560/560 546/546/546 561/561/561
f 561/561/561 546/546/546 562/562/562
f 565/565/565 563/563/563 564/564/564
f 564/564/564 563/563/563 566/566/566
f 563/563/563 565/565/565 567/567/567
f 563/563/563 567/567/567 568/568/568
f 566/566/566 563/563/563 569/569/569
f 563/563/563 568/568/568 570/570/570
f 569/569/569 563/563/563 571/571/571
f 563/563/563 570/570/570 572/572/572
f 571/571/571 563/563/563 573/573/573
f 563/563/563 572/572/572 574/574/574
f 563/563/563 574/574/574 562/562/562
f 563/563/563 562/562/562 546/546/546
f 546/546/546 560/560/560 499/499/499
f 550/550/550 552/552/552 575/575/575
f 546/546/546 547/547/547 563/563/563
f 544/544/544 545/545/545 549/549/549
f 542/542/542 543/543/543 544/544/544
f 540/540/540 541/541/541 542/542/542
f 538/538/538 539/539/539 540/540/540
f 512/512/512 537/537/537 538/538/538
f 512/512/512 514/514/514 536/536/536
f 576/576/576 523/523/523 517/517/517
f 503/503/503 505/505/505 528/528/528
f 502/502/502 501/501/501 500/500/500
f 500/500/500 498/498/498 497/497/497
f 497/497/497 499/499/499 550/550/550
f 496/496/496 435/435/435 434/434/434
f 494/494/494 495/495/495 496/496/496
f 492/492/492 493/493/493 494/494/494
f 490/490/490 491/491/491 492/492/492
f 488/488/488 489/489/489 490/490/490
f 486/486/486 487/487/487 488/488/488
f 484/484/484 485/485/485 486/486/486
f 482/482/482 483/483/483 484/484/484
f 480/480/480 481/481/481 482/482/482
f 478/478/478 479/479/479 480/480/480
f 476/476/476 477/477/477 478/478/478
f 474/474/474 475/475/475 476/476/476
f 472/472/472 473/473/473 474/474/474
f 470/470/470 471/471/471 472/472/472
f 468/468/468 469/469/469 470/470/470
f 466/466/466 467/467/467 468/468/468
f 464/464/464 465/465/465 466/466/466
f 460/460/460 463/463/463 464/464/464
f 458/458/458 460/460/460 461/461/461
f 456/456/456 457/457/457 462/462/462
f 454/454/454 455/455/455 456/456/456
f 452/452/452 453/453/453 454/454/454
f 450/450/450 451/451/451 452/452/452
f 447/447/447 449/449/449 450/450/450
f 445/445/445 446/446/446 513/513/513
f 443/443/443 444/444/444 445/445/445
f 441/441/441 442/442/442 443/443/443
f 439/439/439 440/440/440 441/441/441
f 437/437/437 438/438/438 439/439/439
f 434/434/434 436/436/436 437/437/437
f 555/555/555 499/499/499 557/557/557
f 376/376/376 374/374/374 375/375/375
f 376/376/376 377/377/377 378/378/378
f 374/374/374 379/379/379 380/380/380
f 377/377/377 376/376/376 375/375/375
f 378/378/378 377/377/377 381/381/381
f 378/378/378 382/382/382 383/383/383
f 386/386/386 384/384/384 385/385/385
f 389/389/389 387/387/387 388/388/388
f 382/382/382 378/378/378 381/381/381
f 384/384/384 383/383/383 382/382/382
f 392/392/392 390/390/390 391/391/391
f 395/395/395 393/393/393 394/394/394
f 394/394/394 396/396/396 397/397/397
f 387/387/387 398/398/398 399/399/399
f 379/379/379 388/388/388 380/380/380
f 384/384/384 386/386/386 383/383/383
f 390/390/390 386/386/386 385/385/385
f 392/392/392 400/400/400 401/401/401
f 404/404/404 402/402/402 403/403/403
f 407/407/407 405/405/405 406/406/406
f 407/407/407 408/408/408 409/409/409
f 409/409/409 410/410/410 411/411/411
f 393/393/393 395/395/395 412/412/412
f 396/396/396 394/394/394 413/413/413
f 388/388/388 379/379/379 389/389/389
f 390/390/390 392/392/392 386/386/386
f 400/400/400 392/392/392 391/391/391
f 401/401/401 414/414/414 415/415/415
f 402/402/402 415/415/415 414/414/414
f 405/405/405 404/404/404 403/403/403
f 408/408/408 407/407/407 406/406/406
f 410/410/410 409/409/409 416/416/416
f 397/397/397 396/396/396 417/417/417
f 419/419/419 417/417/417 418/418/418
f 422/422/422 420/420/420 421/421/421
f 374/374/374 376/376/376 379/379/379
f 394/394/394 393/393/393 413/413/413
f 432/432/432 427/427/427 433/433/433
f 424/424/424 431/431/431 411/411/411
f 398/398/398 428/428/428 399/399/399
f 427/427/427 426/426/426 433/433/433
f 425/425/425 395/395/395 431/431/431
f 402/402/402 404/404/404 415/415/415
f 428/428/428 429/429/429 432/432/432
f 427/427/427 432/432/432 429/429/429
f 426/426/426 422/422/422 421/421/421
f 420/420/420 422/422/422 419/419/419
f 425/425/425 431/431/431 430/430/430
f 431/431/431 424/424/424 430/430/430
f 409/409/409 408/408/408 416/416/416
f 401/401/401 400/400/400 423/423/423
f 429/429/429 428/428/428 398/398/398
f 422/422/422 426/426/426 427/427/427
f 420/420/420 419/419/419 418/418/418
f 417/417/417 419/419/419 397/397/397
f 395/395/395 425/425/425 412/412/412
f 411/411/411 410/410/410 424/424/424
f 405/405/405 407/407/407 404/404/404
f 414/414/414 401/401/401 423/423/423
f 387/387/387 389/389/389 398/398/398
f 1244/1244/1244 1232/1232/1232 1243/1243/1243
f 1246/1246/1246 1244/1244/1244 1245/1245/1245
f 1248/1248/1248 1244/1244/1244 1247/1247/1247
f 1229/1229/1229 1228/1228/1228 1215/1215/1215
f 1229/1229/1229 1232/1232/1232 1249/1249/1249
f 1226/1226/1226 1225/1225/1225 1250/1250/1250
f 1252/1252/1252 1251/1251/1251 1207/1207/1207
f 1227/1227/1227 1212/1212/1212 1253/1253/1253
f 1254/1254/1254 1236/1236/1236 1235/1235/1235
f 1242/1242/1242 1240/1240/1240 1241/1241/1241
f 1240/1240/1240 1242/1242/1242 1239/1239/1239
f 1232/1232/1232 1244/1244/1244 1255/1255/1255
f 1244/1244/1244 1248/1248/1248 1245/1245/1245
f 1229/1229/1229 1249/1249/1249 1230/1230/1230
f 1256/1256/1256 1231/1231/1231 1229/1229/1229
f 1250/1250/1250 1225/1225/1225 1257/1257/1257
f 1225/1225/1225 1258/1258/1258 1259/1259/1259
f 1207/1207/1207 1233/1233/1233 1252/1252/1252
f 1234/1234/1234 1236/1236/1236 1242/1242/1242
f 1240/1240/1240 1239/1239/1239 1260/1260/1260
f 1237/1237/1237 1261/1261/1261 1262/1262/1262
f 1255/1255/1255 1244/1244/1244 1263/1263/1263
f 1244/1244/1244 1246/1246/1246 1264/1264/1264
f 1231/1231/1231 1256/1256/1256 1265/1265/1265
f 1266/1266/1266 1265/1265/1265 1256/1256/1256
f 1210/1210/1210 1221/1221/1221 1266/1266/1266
f 1258/1258/1258 1251/1251/1251 1267/1267/1267
f 1253/1253/1253 1212/1212/1212 1268/1268/1268
f 1236/1236/1236 1254/1254/1254 1212/1212/1212
f 1260/1260/1260 1239/1239/1239 1269/1269/1269
f 1244/1244/1244 1243/1243/1243 1261/1261/1261
f 1248/1248/1248 1247/1247/1247 1270/1270/1270
f 1265/1265/1265 1266/1266/1266 1271/1271/1271
f 1257/1257/1257 1225/1225/1225 1259/1259/1259
f 1259/1259/1259 1258/1258/1258 1239/1239/1239
f 1212/1212/1212 1254/1254/1254 1268/1268/1268
f 1269/1269/1269 1239/1239/1239 1272/1272/1272
f 1244/1244/1244 1264/1264/1264 1263/1263/1263
f 1266/1266/1266 1221/1221/1221 1271/1271/1271
f 1251/1251/1251 1252/1252/1252 1267/1267/1267
f 1272/1272/1272 1239/1239/1239 1258/1258/1258
f 1261/1261/1261 1237/1237/1237 1244/1244/1244
f 1258/1258/1258 1225/1225/1225 1251/1251/1251
f 1237/1237/1237 1262/1262/1262 1238/1238/1238
f 1237/1237/1237 1239/1239/1239 1242/1242/1242
f 1270/1270/1270 1247/1247/1247 1273/1273/1273
f 1215/1215/1215 1217/1217/1217 1274/1274/1274
f 1247/1247/1247 1275/1275/1275 1276/1276/1276
f 1278/1278/1278 1232/1232/1232 1277/1277/1277
f 1273/1273/1273 1247/1247/1247 1276/1276/1276
f 1275/1275/1275 1274/1274/1274 1217/1217/1217
f 1277/1277/1277 1232/1232/1232 1279/1279/1279
f 1275/1275/1275 1247/1247/1247 1274/1274/1274
f 1232/1232/1232 1255/1255/1255 1279/1279/1279
f 1232/1232/1232 1278/1278/1278 1249/1249/1249
f 1239/1239/1239 1237/1237/1237 1238/1238/1238
f 1236/1236/1236 1234/1234/1234 1235/1235/1235
f 1207/1207/1207 1224/1224/1224 1233/1233/1233
f 1223/1223/1223 1204/1204/1204 1225/1225/1225
f 1232/1232/1232 1229/1229/1229 1231/1231/1231
f 1228/1228/1228 1229/1229/1229 1230/1230/1230
f 1218/1218/1218 1215/1215/1215 1228/1228/1228
f 1214/1214/1214 1212/1212/1212 1227/1227/1227
f 1223/1223/1223 1225/1225/1225 1226/1226/1226
f 1210/1210/1210 1213/1213/1213 1220/1220/1220
f 1215/1215/1215 1219/1219/1219 1216/1216/1216
f 1207/1207/1207 1209/1209/1209 1224/1224/1224
f 1204/1204/1204 1223/1223/1223 1222/1222/1222
f 1205/1205/1205 1204/1204/1204 1222/1222/1222
f 1221/1221/1221 1210/1210/1210 1220/1220/1220
f 1219/1219/1219 1215/1215/1215 1218/1218/1218
f 1217/1217/1217 1215/1215/1215 1216/1216/1216
f 1211/1211/1211 1212/1212/1212 1214/1214/1214
f 1210/1210/1210 1206/1206/1206 1213/1213/1213
f 1212/1212/1212 1211/1211/1211 1208/1208/1208
f 1209/1209/1209 1208/1208/1208 1211/1211/1211
f 1204/1204/1204 1206/1206/1206 1210/1210/1210
f 1209/1209/1209 1207/1207/1207 1208/1208/1208
f 1234/1234/1234 1242/1242/1242 1241/1241/1241
f 1206/1206/1206 1204/1204/1204 1205/1205/1205
f 372/372/372 371/371/371 370/370/370
f 333/333/333 334/334/334 335/335/335
f 332/332/332 330/330/330 331/331/331
f 334/334/334 333/333/333 332/332/332
f 336/336/336 335/335/335 334/334/334
f 338/338/338 337/337/337 336/336/336
f 340/340/340 339/339/339 338/338/338
f 342/342/342 341/341/341 340/340/340
f 344/344/344 343/343/343 342/342/342
f 346/346/346 345/345/345 344/344/344
f 348/348/348 347/347/347 346/346/346
f 350/350/350 349/349/349 348/348/348
f 353/353/353 351/351/351 352/352/352
f 355/355/355 354/354/354 350/350/350
f 354/354/354 355/355/355 353/353/353
f 356/356/356 352/352/352 351/351/351
f 358/358/358 357/357/357 356/356/356
f 360/360/360 359/359/359 358/358/358
f 362/362/362 361/361/361 360/360/360
f 364/364/364 363/363/363 362/362/362
f 366/366/366 365/365/365 364/364/364
f 368/368/368 367/367/367 366/366/366
f 370/370/370 369/369/369 368/368/368
f 330/330/330 332/332/332 333/333/333
f 331/331/331 373/373/373 372/372/372
f 373/373/373 331/331/331 330/330/330
f 371/371/371 372/372/372 373/373/373
f 369/369/369 370/370/370 371/371/371
f 367/367/367 368/368/368 369/369/369
f 365/365/365 366/366/366 367/367/367
f 363/363/363 364/364/364 365/365/365
f 361/361/361 362/362/362 363/363/363
f 359/359/359 360/360/360 361/361/361
f 357/357/357 358/358/358 359/359/359
f 352/352/352 356/356/356 357/357/357
f 351/351/351 353/353/353 355/355/355
f 349/349/349 350/350/350 354/354/354
f 347/347/347 348/348/348 349/349/349
f 345/345/345 346/346/346 347/347/347
f 343/343/343 344/344/344 345/345/345
f 341/341/341 342/342/342 343/343/343
f 339/339/339 340/340/340 341/341/341
f 337/337/337 338/338/338 339/339/339
f 335/335/335 336/336/336 337/337/337
f 319/319/319 321/321/321 328/328/328
f 297/297/297 299/299/299 324/324/324
f 293/293/293 291/291/291 292/292/292
f 296/296/296 294/294/294 295/295/295
f 299/299/299 297/297/297 298/298/298
f 291/291/291 298/298/298 297/297/297
f 301/301/301 300/300/300 296/296/296
f 294/294/294 296/296/296 300/300/300
f 291/291/291 293/293/293 298/298/298
f 303/303/303 292/292/292 302/302/302
f 303/303/303 304/304/304 301/301/301
f 295/295/295 294/294/294 305/305/305
f 292/292/292 303/303/303 293/293/293
f 300/300/300 301/301/301 304/304/304
f 307/307/307 305/305/305 306/306/306
f 309/309/309 306/306/306 308/308/308
f 312/312/312 310/310/310 311/311/311
f 304/304/304 303/303/303 302/302/302
f 306/306/306 309/309/309 307/307/307
f 309/309/309 313/313/313 312/312/312
f 310/310/310 312/312/312 313/313/313
f 305/305/305 307/307/307 295/295/295
f 311/311/311 310/310/310 314/314/314
f 316/316/316 314/314/314 315/315/315
f 318/318/318 315/315/315 317/317/317
f 313/313/313 309/309/309 308/308/308
f 315/315/315 318/318/318 316/316/316
f 321/321/321 319/319/319 320/320/320
f 323/323/323 320/320/320 322/322/322
f 323/323/323 324/324/324 299/299/299
f 314/314/314 316/316/316 311/311/311
f 318/318/318 325/325/325 326/326/326
f 326/326/326 327/327/327 328/328/328
f 319/319/319 328/328/328 329/329/329
f 324/324/324 323/323/323 322/322/322
f 325/325/325 318/318/318 317/317/317
f 327/327/327 326/326/326 325/325/325
f 320/320/320 323/323/323 321/321/321
f 328/328/328 327/327/327 329/329/329
f 821/821/821 820/820/820 819/819/819
f 823/823/823 822/822/822 821/821/821
f 825/825/825 824/824/824 823/823/823
f 827/827/827 826/826/826 825/825/825
f 829/829/829 828/828/828 827/827/827
f 828/828/828 829/829/829 830/830/830
f 819/819/819 818/818/818 817/817/817
f 824/824/824 825/825/825 826/826/826
f 822/822/822 823/823/823 824/824/824
f 820/820/820 821/821/821 822/822/822
f 818/818/818 819/819/819 820/820/820
f 816/816/816 817/817/817 818/818/818
f 813/813/813 815/815/815 816/816/816
f 826/826/826 827/827/827 828/828/828
f 815/815/815 813/813/813 814/814/814
f 817/817/817 816/816/816 815/815/815
f 811/811/811 809/809/809 810/810/810
f 809/809/809 811/811/811 812/812/812
f 831/831/831 833/833/833 834/834/834
f 833/833/833 831/831/831 832/832/832
f 875/875/875 849/849/849 847/847/847
f 847/847/847 884/884/884 897/897/897
f 856/856/856 893/893/893 840/840/840
f 896/896/896 890/890/890 899/899/899
f 877/877/877 894/894/894 887/887/887
f 885/885/885 850/850/850 898/898/898
f 883/883/883 847/847/847 897/897/897
f 839/839/839 838/838/838 895/895/895
f 891/891/891 840/840/840 893/893/893
f 850/850/850 890/890/890 896/896/896
f 896/896/896 839/839/839 895/895/895
f 877/877/877 880/880/880 894/894/894
f 860/860/860 878/878/878 876/876/876
f 849/849/849 873/873/873 884/884/884
f 846/846/846 872/872/872 882/882/882
f 856/856/856 881/881/881 892/892/892
f 893/893/893 856/856/856 892/892/892
f 870/870/870 840/840/840 891/891/891
f 890/890/890 850/850/850 889/889/889
f 880/880/880 879/879/879 888/888/888
f 878/878/878 877/877/877 887/887/887
f 869/869/869 862/862/862 886/886/886
f 868/868/868 850/850/850 885/885/885
f 884/884/884 847/847/847 849/849/849
f 867/867/867 847/847/847 883/883/883
f 871/871/871 846/846/846 882/882/882
f 856/856/856 836/836/836 881/881/881
f 852/852/852 854/854/854 844/844/844
f 880/880/880 877/877/877 879/879/879
f 878/878/878 860/860/860 877/877/877
f 861/861/861 860/860/860 876/876/876
f 869/869/869 874/874/874 875/875/875
f 849/849/849 859/859/859 873/873/873
f 846/846/846 848/848/848 872/872/872
f 888/888/888 879/879/879 900/900/900
f 901/901/901 900/900/900 879/879/879
f 854/854/854 853/853/853 902/902/902
f 898/898/898 850/850/850 896/896/896
f 874/874/874 869/869/869 886/886/886
f 904/904/904 901/901/901 903/903/903
f 856/856/856 866/866/866 871/871/871
f 900/900/900 901/901/901 904/904/904
f 849/849/849 875/875/875 874/874/874
f 905/905/905 854/854/854 902/902/902
f 839/839/839 896/896/896 899/899/899
f 890/890/890 889/889/889 906/906/906
f 854/854/854 905/905/905 907/907/907
f 837/837/837 835/835/835 836/836/836
f 839/839/839 835/835/835 838/838/838
f 842/842/842 840/840/840 841/841/841
f 835/835/835 839/839/839 843/843/843
f 840/840/840 842/842/842 844/844/844
f 843/843/843 839/839/839 845/845/845
f 848/848/848 846/846/846 847/847/847
f 851/851/851 849/849/849 850/850/850
f 854/854/854 852/852/852 853/853/853
f 841/841/841 840/840/840 855/855/855
f 837/837/837 836/836/836 856/856/856
f 857/857/857 845/845/845 839/839/839
f 848/848/848 847/847/847 858/858/858
f 849/849/849 851/851/851 859/859/859
f 862/862/862 860/860/860 861/861/861
f 844/844/844 842/842/842 852/852/852
f 835/835/835 837/837/837 838/838/838
f 864/864/864 857/857/857 863/863/863
f 866/866/866 856/856/856 865/865/865
f 858/858/858 847/847/847 867/867/867
f 851/851/851 850/850/850 868/868/868
f 860/860/860 862/862/862 869/869/869
f 855/855/855 840/840/840 870/870/870
f 845/845/845 857/857/857 864/864/864
f 865/865/865 856/856/856 840/840/840
f 846/846/846 871/871/871 866/866/866
f 918/918/918 917/917/917 916/916/916
f 908/908/908 910/910/910 911/911/911
f 911/911/911 912/912/912 913/913/913
f 913/913/913 914/914/914 915/915/915
f 915/915/915 916/916/916 917/917/917
f 917/917/917 918/918/918 919/919/919
f 919/919/919 920/920/920 921/921/921
f 921/921/921 922/922/922 923/923/923
f 923/923/923 924/924/924 925/925/925
f 925/925/925 926/926/926 927/927/927
f 927/927/927 928/928/928 929/929/929
f 929/929/929 930/930/930 931/931/931
f 931/931/931 932/932/932 933/933/933
f 933/933/933 934/934/934 935/935/935
f 935/935/935 936/936/936 937/937/937
f 937/937/937 938/938/938 939/939/939
f 939/939/939 940/940/940 941/941/941
f 941/941/941 942/942/942 943/943/943
f 943/943/943 944/944/944 945/945/945
f 945/945/945 946/946/946 947/947/947
f 947/947/947 948/948/948 949/949/949
f 949/949/949 950/950/950 951/951/951
f 951/951/951 952/952/952 953/953/953
f 953/953/953 954/954/954 955/955/955
f 955/955/955 956/956/956 957/957/957
f 957/957/957 958/958/958 959/959/959
f 959/959/959 960/960/960 961/961/961
f 961/961/961 962/962/962 963/963/963
f 963/963/963 964/964/964 965/965/965
f 965/965/965 966/966/966 967/967/967
f 967/967/967 968/968/968 969/969/969
f 969/969/969 970/970/970 971/971/971
f 971/971/971 972/972/972 973/973/973
f 973/973/973 974/974/974 975/975/975
f 975/975/975 976/976/976 977/977/977
f 977/977/977 978/978/978 979/979/979
f 979/979/979 980/980/980 981/981/981
f 981/981/981 982/982/982 983/983/983
f 983/983/983 909/909/909 908/908/908
f 909/909/909 983/983/983 982/982/982
f 982/982/982 981/981/981 980/980/980
f 980/980/980 979/979/979 978/978/978
f 978/978/978 977/977/977 976/976/976
f 976/976/976 975/975/975 974/974/974
f 974/974/974 973/973/973 972/972/972
f 972/972/972 971/971/971 970/970/970
f 970/970/970 969/969/969 968/968/968
f 968/968/968 967/967/967 966/966/966
f 966/966/966 965/965/965 964/964/964
f 964/964/964 963/963/963 962/962/962
f 962/962/962 961/961/961 960/960/960
f 960/960/960 959/959/959 958/958/958
f 958/958/958 957/957/957 956/956/956
f 956/956/956 955/955/955 954/954/954
f 954/954/954 953/953/953 952/952/952
f 952/952/952 951/951/951 950/950/950
f 950/950/950 949/949/949 948/948/948
f 948/948/948 947/947/947 946/946/946
f 946/946/946 945/945/945 944/944/944
f 944/944/944 943/943/943 942/942/942
f 942/942/942 941/941/941 940/940/940
f 940/940/940 939/939/939 938/938/938
f 938/938/938 937/937/937 936/936/936
f 936/936/936 935/935/935 934/934/934
f 934/934/934 933/933/933 932/932/932
f 932/932/932 931/931/931 930/930/930
f 930/930/930 929/929/929 928/928/928
f 928/928/928 927/927/927 926/926/926
f 926/926/926 925/925/925 924/924/924
f 924/924/924 923/923/923 922/922/922
f 922/922/922 921/921/921 920/920/920
f 920/920/920 919/919/919 918/918/918
f 916/916/916 915/915/915 914/914/914
f 914/914/914 913/913/913 912/912/912
f 912/912/912 911/911/911 910/910/910
f 910/910/910 908/908/908 909/909/909
f 984/984/984 1004/1004/1004 1005/1005/1005
f 984/984/984 1022/1022/1022 985/985/985
f 984/984/984 1021/1021/1021 1022/1022/1022
f 984/984/984 1020/1020/1020 1021/1021/1021
f 984/984/984 1019/1019/1019 1020/1020/1020
f 984/984/984 1018/1018/1018 1019/1019/1019
f 984/984/984 1017/1017/1017 1018/1018/1018
f 984/984/984 1016/1016/1016 1017/1017/1017
f 984/984/984 1015/1015/1015 1016/1016/1016
f 984/984/984 1014/1014/1014 1015/1015/1015
f 984/984/984 1013/1013/1013 1014/1014/1014
f 984/984/984 1012/1012/1012 1013/1013/1013
f 984/984/984 1011/1011/1011 1012/1012/1012
f 984/984/984 1010/1010/1010 1011/1011/1011
f 984/984/984 1009/1009/1009 1010/1010/1010
f 984/984/984 1008/1008/1008 1009/1009/1009
f 984/984/984 1007/1007/1007 1008/1008/1008
f 984/984/984 1006/1006/1006 1007/1007/1007
f 984/984/984 1005/1005/1005 1006/1006/1006
f 986/986/986 984/984/984 985/985/985
f 984/984/984 1003/1003/1003 1004/1004/1004
f 984/984/984 1002/1002/1002 1003/1003/1003
f 984/984/984 1001/1001/1001 1002/1002/1002
f 984/984/984 1000/1000/1000 1001/1001/1001
f 984/984/984 999/999/999 1000/1000/1000
f 984/984/984 998/998/998 999/999/999
f 984/984/984 997/997/997 998/998/998
f 984/984/984 996/996/996 997/997/997
f 984/984/984 995/995/995 996/996/996
f 984/984/984 994/994/994 995/995/995
f 984/984/984 993/993/993 994/994/994
f 984/984/984 992/992/992 993/993/993
f 984/984/984 991/991/991 992/992/992
f 984/984/984 990/990/990 991/991/991
f 984/984/984 989/989/989 990/990/990
f 984/984/984 988/988/988 989/989/989
f 984/984/984 987/987/987 988/988/988
f 984/984/984 986/986/986 987/987/987
f 722/722/722 781/781/781 719/719/719
f 724/724/724 780/780/780 722/722/722
f 726/726/726 779/779/779 724/724/724
f 728/728/728 778/778/778 726/726/726
f 730/730/730 776/776/776 728/728/728
f 774/774/774 732/732/732 773/773/773
f 773/773/773 734/734/734 771/771/771
f 771/771/771 772/772/772 769/769/769
f 770/770/770 769/769/769 772/772/772
f 768/768/768 770/770/770 787/787/787
f 765/765/765 787/787/787 770/770/770
f 772/772/772 765/765/765 770/770/770
f 734/734/734 765/765/765 772/772/772
f 764/764/764 767/767/767 766/766/766
f 735/735/735 764/764/764 766/766/766
f 762/762/762 764/764/764 763/763/763
f 737/737/737 762/762/762 763/763/763
f 717/717/717 759/759/759 737/737/737
f 756/756/756 760/760/760 758/758/758
f 718/718/718 756/756/756 758/758/758
f 746/746/746 748/748/748 718/718/718
f 716/716/716 745/745/745 749/749/749
f 714/714/714 744/744/744 745/745/745
f 713/713/713 743/743/743 714/714/714
f 742/742/742 743/743/743 736/736/736
f 721/721/721 736/736/736 723/723/723
f 741/741/741 742/742/742 721/721/721
f 738/738/738 721/721/721 720/720/720
f 738/738/738 740/740/740 741/741/741
f 786/786/786 740/740/740 739/739/739
f 735/735/735 737/737/737 763/763/763
f 733/733/733 717/717/717 737/737/737
f 731/731/731 715/715/715 717/717/717
f 729/729/729 712/712/712 715/715/715
f 727/727/727 713/713/713 712/712/712
f 725/725/725 736/736/736 713/713/713
f 734/734/734 735/735/735 766/766/766
f 732/732/732 733/733/733 735/735/735
f 730/730/730 731/731/731 733/733/733
f 728/728/728 729/729/729 731/731/731
f 726/726/726 727/727/727 729/729/729
f 724/724/724 725/725/725 727/727/727
f 722/722/722 723/723/723 725/725/725
f 719/719/719 721/721/721 723/723/723
f 717/717/717 718/718/718 758/758/758
f 715/715/715 716/716/716 718/718/718
f 712/712/712 714/714/714 716/716/716
f 716/716/716 715/715/715 712/712/712
f 718/718/718 717/717/717 715/715/715
f 721/721/721 719/719/719 720/720/720
f 723/723/723 722/722/722 719/719/719
f 725/725/725 724/724/724 722/722/722
f 727/727/727 726/726/726 724/724/724
f 729/729/729 728/728/728 726/726/726
f 731/731/731 730/730/730 728/728/728
f 733/733/733 732/732/732 730/730/730
f 735/735/735 734/734/734 732/732/732
f 736/736/736 725/725/725 723/723/723
f 713/713/713 727/727/727 725/725/725
f 712/712/712 729/729/729 727/727/727
f 715/715/715 731/731/731 729/729/729
f 717/717/717 733/733/733 731/731/731
f 737/737/737 735/735/735 733/733/733
f 740/740/740 738/738/738 739/739/739
f 721/721/721 738/738/738 741/741/741
f 736/736/736 721/721/721 742/742/742
f 743/743/743 713/713/713 736/736/736
f 744/744/744 714/714/714 743/743/743
f 745/745/745 716/716/716 714/714/714
f 748/748/748 746/746/746 747/747/747
f 749/749/749 718/718/718 716/716/716
f 718/718/718 749/749/749 746/746/746
f 751/751/751 746/746/746 750/750/750
f 750/750/750 746/746/746 752/752/752
f 752/752/752 746/746/746 753/753/753
f 714/714/714 712/712/712 713/713/713
f 746/746/746 751/751/751 754/754/754
f 746/746/746 754/754/754 747/747/747
f 753/753/753 746/746/746 749/749/749
f 756/756/756 718/718/718 755/755/755
f 755/755/755 718/718/718 757/757/757
f 757/757/757 718/718/718 748/748/748
f 759/759/759 717/717/717 758/758/758
f 759/759/759 758/758/758 760/760/760
f 762/762/762 737/737/737 761/761/761
f 761/761/761 737/737/737 759/759/759
f 764/764/764 735/735/735 763/763/763
f 766/766/766 765/765/765 734/734/734
f 765/765/765 766/766/766 767/767/767
f 770/770/770 768/768/768 769/769/769
f 772/772/772 771/771/771 734/734/734
f 734/734/734 773/773/773 732/732/732
f 732/732/732 774/774/774 730/730/730
f 776/776/776 730/730/730 775/775/775
f 775/775/775 730/730/730 774/774/774
f 778/778/778 728/728/728 777/777/777
f 777/777/777 728/728/728 776/776/776
f 779/779/779 726/726/726 778/778/778
f 780/780/780 724/724/724 779/779/779
f 781/781/781 722/722/722 780/780/780
f 782/782/782 719/719/719 781/781/781
f 783/783/783 720/720/720 782/782/782
f 784/784/784 738/738/738 783/783/783
f 785/785/785 739/739/739 784/784/784
f 739/739/739 785/785/785 786/786/786
f 738/738/738 784/784/784 739/739/739
f 720/720/720 783/783/783 738/738/738
f 719/719/719 782/782/782 720/720/720
f 1320/1320/1320 1321/1321/1321 1323/1323/1323
f 1318/1318/1318 1319/1319/1319 1321/1321/1321
f 1316/1316/1316 1317/1317/1317 1319/1319/1319
f 1314/1314/1314 1313/1313/1313 1317/1317/1317
f 1311/1311/1311 1313/1313/1313 1315/1315/1315
f 1309/1309/1309 1310/1310/1310 1500/1500/1500
f 1307/1307/1307 1308/1308/1308 1309/1309/1309
f 1305/1305/1305 1306/1306/1306 1307/1307/1307
f 1303/1303/1303 1304/1304/1304 1305/1305/1305
f 1301/1301/1301 1302/1302/1302 1303/1303/1303
f 1299/1299/1299 1300/1300/1300 1301/1301/1301
f 1295/1295/1295 1298/1298/1298 1299/1299/1299
f 1295/1295/1295 1296/1296/1296 1297/1297/1297
f 1293/1293/1293 1294/1294/1294 1296/1296/1296
f 1291/1291/1291 1292/1292/1292 1294/1294/1294
f 1289/1289/1289 1290/1290/1290 1292/1292/1292
f 1287/1287/1287 1288/1288/1288 1290/1290/1290
f 1285/1285/1285 1286/1286/1286 1288/1288/1288
f 1283/1283/1283 1284/1284/1284 1286/1286/1286
f 1280/1280/1280 1282/1282/1282 1284/1284/1284
f 1322/1322/1322 1323/1323/1323 1325/1325/1325
f 1324/1324/1324 1325/1325/1325 1327/1327/1327
f 1326/1326/1326 1327/1327/1327 1329/1329/1329
f 1328/1328/1328 1329/1329/1329 1330/1330/1330
f 1328/1328/1328 1331/1331/1331 1332/1332/1332
f 1332/1332/1332 1333/1333/1333 1334/1334/1334
f 1334/1334/1334 1335/1335/1335 1336/1336/1336
f 1336/1336/1336 1337/1337/1337 1338/1338/1338
f 1338/1338/1338 1339/1339/1339 1340/1340/1340
f 1340/1340/1340 1341/1341/1341 1342/1342/1342
f 1342/1342/1342 1343/1343/1343 1345/1345/1345
f 1346/1346/1346 1343/1343/1343 1500/1500/1500
f 1344/1344/1344 1347/1347/1347 1349/1349/1349
f 1348/1348/1348 1347/1347/1347 1350/1350/1350
f 1311/1311/1311 1350/1350/1350 1312/1312/1312
f 1351/1351/1351 1311/1311/1311 1315/1315/1315
f 1351/1351/1351 1353/1353/1353 1355/1355/1355
f 1354/1354/1354 1353/1353/1353 1357/1357/1357
f 1356/1356/1356 1357/1357/1357 1359/1359/1359
f 1358/1358/1358 1359/1359/1359 1361/1361/1361
f 1360/1360/1360 1361/1361/1361 1363/1363/1363
f 1362/1362/1362 1363/1363/1363 1365/1365/1365
f 1364/1364/1364 1365/1365/1365 1367/1367/1367
f 1366/1366/1366 1367/1367/1367 1368/1368/1368
f 1366/1366/1366 1369/1369/1369 1370/1370/1370
f 1370/1370/1370 1371/1371/1371 1372/1372/1372
f 1372/1372/1372 1373/1373/1373 1374/1374/1374
f 1374/1374/1374 1375/1375/1375 1376/1376/1376
f 1376/1376/1376 1377/1377/1377 1378/1378/1378
f 1378/1378/1378 1379/1379/1379 1381/1381/1381
f 1345/1345/1345 1379/1379/1379 1342/1342/1342
f 1427/1427/1427 1390/1390/1390 1392/1392/1392
f 1425/1425/1425 1388/1388/1388 1390/1390/1390
f 1409/1409/1409 1378/1378/1378 1411/1411/1411
f 1407/1407/1407 1376/1376/1376 1409/1409/1409
f 1400/1400/1400 1401/1401/1401 1402/1402/1402
f 1405/1405/1405 1374/1374/1374 1407/1407/1407
f 1403/1403/1403 1372/1372/1372 1405/1405/1405
f 1402/1402/1402 1370/1370/1370 1403/1403/1403
f 1402/1402/1402 1364/1364/1364 1366/1366/1366
f 1401/1401/1401 1362/1362/1362 1364/1364/1364
f 1399/1399/1399 1360/1360/1360 1362/1362/1362
f 1397/1397/1397 1358/1358/1358 1360/1360/1360
f 1395/1395/1395 1356/1356/1356 1358/1358/1358
f 1393/1393/1393 1354/1354/1354 1356/1356/1356
f 1391/1391/1391 1355/1355/1355 1354/1354/1354
f 1377/1377/1377 1342/1342/1342 1379/1379/1379
f 1375/1375/1375 1340/1340/1340 1377/1377/1377
f 1373/1373/1373 1338/1338/1338 1375/1375/1375
f 1371/1371/1371 1336/1336/1336 1373/1373/1373
f 1369/1369/1369 1334/1334/1334 1371/1371/1371
f 1368/1368/1368 1332/1332/1332 1369/1369/1369
f 1368/1368/1368 1326/1326/1326 1328/1328/1328
f 1367/1367/1367 1324/1324/1324 1326/1326/1326
f 1365/1365/1365 1322/1322/1322 1324/1324/1324
f 1363/1363/1363 1320/1320/1320 1322/1322/1322
f 1361/1361/1361 1318/1318/1318 1320/1320/1320
f 1359/1359/1359 1316/1316/1316 1318/1318/1318
f 1357/1357/1357 1314/1314/1314 1316/1316/1316
f 1341/1341/1341 1500/1500/1500 1343/1343/1343
f 1339/1339/1339 1309/1309/1309 1341/1341/1341
f 1337/1337/1337 1307/1307/1307 1339/1339/1339
f 1335/1335/1335 1305/1305/1305 1337/1337/1337
f 1333/1333/1333 1303/1303/1303 1335/1335/1335
f 1331/1331/1331 1301/1301/1301 1333/1333/1333
f 1330/1330/1330 1299/1299/1299 1331/1331/1331
f 1330/1330/1330 1293/1293/1293 1295/1295/1295
f 1329/1329/1329 1291/1291/1291 1293/1293/1293
f 1327/1327/1327 1289/1289/1289 1291/1291/1291
f 1398/1398/1398 1399/1399/1399 1401/1401/1401
f 1323/1323/1323 1285/1285/1285 1287/1287/1287
f 1321/1321/1321 1283/1283/1283 1285/1285/1285
f 1319/1319/1319 1280/1280/1280 1283/1283/1283
f 1317/1317/1317 1281/1281/1281 1280/1280/1280
f 1480/1480/1480 1478/1478/1478 1451/1451/1451
f 1498/1498/1498 1479/1479/1479 1478/1478/1478
f 1477/1477/1477 1479/1479/1479 1499/1499/1499
f 1496/1496/1496 1477/1477/1477 1499/1499/1499
f 1496/1496/1496 1475/1475/1475 1476/1476/1476
f 1473/1473/1473 1475/1475/1475 1497/1497/1497
f 1495/1495/1495 1473/1473/1473 1497/1497/1497
f 1471/1471/1471 1495/1495/1495 1493/1493/1493
f 1471/1471/1471 1494/1494/1494 1469/1469/1469
f 1492/1492/1492 1469/1469/1469 1494/1494/1494
f 1463/1463/1463 1492/1492/1492 1490/1490/1490
f 1461/1461/1461 1491/1491/1491 1489/1489/1489
f 1489/1489/1489 1459/1459/1459 1461/1461/1461
f 1488/1488/1488 1457/1457/1457 1459/1459/1459
f 1457/1457/1457 1484/1484/1484 1455/1455/1455
f 1455/1455/1455 1485/1485/1485 1456/1456/1456
f 1483/1483/1483 1456/1456/1456 1485/1485/1485
f 1380/1380/1380 1344/1344/1344 1382/1382/1382
f 1452/1452/1452 1482/1482/1482 1450/1450/1450
f 1480/1480/1480 1450/1450/1450 1482/1482/1482
f 1451/1451/1451 1448/1448/1448 1419/1419/1419
f 1478/1478/1478 1449/1449/1449 1448/1448/1448
f 1477/1477/1477 1449/1449/1449 1479/1479/1479
f 1476/1476/1476 1447/1447/1447 1477/1477/1477
f 1475/1475/1475 1446/1446/1446 1476/1476/1476
f 1473/1473/1473 1444/1444/1444 1475/1475/1475
f 1445/1445/1445 1472/1472/1472 1442/1442/1442
f 1471/1471/1471 1472/1472/1472 1474/1474/1474
f 1469/1469/1469 1470/1470/1470 1471/1471/1471
f 1467/1467/1467 1468/1468/1468 1469/1469/1469
f 1463/1463/1463 1466/1466/1466 1467/1467/1467
f 1463/1463/1463 1464/1464/1464 1465/1465/1465
f 1461/1461/1461 1462/1462/1462 1464/1464/1464
f 1459/1459/1459 1460/1460/1460 1462/1462/1462
f 1457/1457/1457 1458/1458/1458 1460/1460/1460
f 1455/1455/1455 1454/1454/1454 1458/1458/1458
f 1453/1453/1453 1454/1454/1454 1456/1456/1456
f 1453/1453/1453 1420/1420/1420 1423/1423/1423
f 1452/1452/1452 1418/1418/1418 1420/1420/1420
f 1450/1450/1450 1419/1419/1419 1418/1418/1418
f 1419/1419/1419 1416/1416/1416 1386/1386/1386
f 1448/1448/1448 1417/1417/1417 1416/1416/1416
f 1447/1447/1447 1417/1417/1417 1449/1449/1449
f 1446/1446/1446 1415/1415/1415 1447/1447/1447
f 1444/1444/1444 1414/1414/1414 1446/1446/1446
f 1412/1412/1412 1443/1443/1443 1413/1413/1413
f 1442/1442/1442 1443/1443/1443 1445/1445/1445
f 1382/1382/1382 1349/1349/1349 1384/1384/1384
f 1438/1438/1438 1439/1439/1439 1440/1440/1440
f 1436/1436/1436 1437/1437/1437 1438/1438/1438
f 1432/1432/1432 1435/1435/1435 1436/1436/1436
f 1432/1432/1432 1433/1433/1433 1434/1434/1434
f 1430/1430/1430 1431/1431/1431 1433/1433/1433
f 1428/1428/1428 1429/1429/1429 1431/1431/1431
f 1426/1426/1426 1427/1427/1427 1429/1429/1429
f 1424/1424/1424 1425/1425/1425 1427/1427/1427
f 1422/1422/1422 1421/1421/1421 1425/1425/1425
f 1420/1420/1420 1421/1421/1421 1423/1423/1423
f 1420/1420/1420 1385/1385/1385 1389/1389/1389
f 1418/1418/1418 1386/1386/1386 1385/1385/1385
f 1386/1386/1386 1383/1383/1383 1352/1352/1352
f 1416/1416/1416 1384/1384/1384 1383/1383/1383
f 1415/1415/1415 1384/1384/1384 1417/1417/1417
f 1414/1414/1414 1382/1382/1382 1415/1415/1415
f 1412/1412/1412 1380/1380/1380 1414/1414/1414
f 1381/1381/1381 1411/1411/1411 1378/1378/1378
f 1410/1410/1410 1411/1411/1411 1413/1413/1413
f 1408/1408/1408 1409/1409/1409 1410/1410/1410
f 1406/1406/1406 1407/1407/1407 1408/1408/1408
f 1404/1404/1404 1405/1405/1405 1406/1406/1406
f 1400/1400/1400 1403/1403/1403 1404/1404/1404
f 1422/1422/1422 1458/1458/1458 1454/1454/1454
f 1413/1413/1413 1441/1441/1441 1410/1410/1410
f 1410/1410/1410 1439/1439/1439 1408/1408/1408
f 1408/1408/1408 1437/1437/1437 1406/1406/1406
f 1406/1406/1406 1435/1435/1435 1404/1404/1404
f 1404/1404/1404 1434/1434/1434 1400/1400/1400
f 1398/1398/1398 1434/1434/1434 1433/1433/1433
f 1396/1396/1396 1433/1433/1433 1431/1431/1431
f 1394/1394/1394 1431/1431/1431 1429/1429/1429
f 1392/1392/1392 1429/1429/1429 1427/1427/1427
f 1390/1390/1390 1427/1427/1427 1425/1425/1425
f 1388/1388/1388 1425/1425/1425 1421/1421/1421
f 1378/1378/1378 1409/1409/1409 1376/1376/1376
f 1376/1376/1376 1407/1407/1407 1374/1374/1374
f 1374/1374/1374 1405/1405/1405 1372/1372/1372
f 1372/1372/1372 1403/1403/1403 1370/1370/1370
f 1370/1370/1370 1402/1402/1402 1366/1366/1366
f 1364/1364/1364 1402/1402/1402 1401/1401/1401
f 1362/1362/1362 1401/1401/1401 1399/1399/1399
f 1360/1360/1360 1399/1399/1399 1397/1397/1397
f 1358/1358/1358 1397/1397/1397 1395/1395/1395
f 1356/1356/1356 1395/1395/1395 1393/1393/1393
f 1354/1354/1354 1393/1393/1393 1391/1391/1391
f 1355/1355/1355 1391/1391/1391 1387/1387/1387
f 1342/1342/1342 1377/1377/1377 1340/1340/1340
f 1340/1340/1340 1375/1375/1375 1338/1338/1338
f 1338/1338/1338 1373/1373/1373 1336/1336/1336
f 1336/1336/1336 1371/1371/1371 1334/1334/1334
f 1334/1334/1334 1369/1369/1369 1332/1332/1332
f 1332/1332/1332 1368/1368/1368 1328/1328/1328
f 1326/1326/1326 1368/1368/1368 1367/1367/1367
f 1324/1324/1324 1367/1367/1367 1365/1365/1365
f 1322/1322/1322 1365/1365/1365 1363/1363/1363
f 1320/1320/1320 1363/1363/1363 1361/1361/1361
f 1318/1318/1318 1361/1361/1361 1359/1359/1359
f 1316/1316/1316 1359/1359/1359 1357/1357/1357
f 1314/1314/1314 1357/1357/1357 1353/1353/1353
f 1500/1500/1500 1341/1341/1341 1309/1309/1309
f 1309/1309/1309 1339/1339/1339 1307/1307/1307
f 1307/1307/1307 1337/1337/1337 1305/1305/1305
f 1305/1305/1305 1335/1335/1335 1303/1303/1303
f 1303/1303/1303 1333/1333/1333 1301/1301/1301
f 1301/1301/1301 1331/1331/1331 1299/1299/1299
f 1299/1299/1299 1330/1330/1330 1295/1295/1295
f 1293/1293/1293 1330/1330/1330 1329/1329/1329
f 1291/1291/1291 1329/1329/1329 1327/1327/1327
f 1289/1289/1289 1327/1327/1327 1325/1325/1325
f 1287/1287/1287 1325/1325/1325 1323/1323/1323
f 1285/1285/1285 1323/1323/1323 1321/1321/1321
f 1283/1283/1283 1321/1321/1321 1319/1319/1319
f 1280/1280/1280 1319/1319/1319 1317/1317/1317
f 1281/1281/1281 1317/1317/1317 1313/1313/1313
f 1478/1478/1478 1480/1480/1480 1498/1498/1498
f 1479/1479/1479 1498/1498/1498 1499/1499/1499
f 1477/1477/1477 1496/1496/1496 1476/1476/1476
f 1475/1475/1475 1496/1496/1496 1497/1497/1497
f 1473/1473/1473 1495/1495/1495 1474/1474/1474
f 1495/1495/1495 1471/1471/1471 1474/1474/1474
f 1494/1494/1494 1471/1471/1471 1493/1493/1493
f 1469/1469/1469 1492/1492/1492 1467/1467/1467
f 1492/1492/1492 1463/1463/1463 1467/1467/1467
f 1463/1463/1463 1491/1491/1491 1461/1461/1461
f 1491/1491/1491 1463/1463/1463 1490/1490/1490
f 1459/1459/1459 1489/1489/1489 1488/1488/1488
f 1457/1457/1457 1488/1488/1488 1487/1487/1487
f 1486/1486/1486 1457/1457/1457 1487/1487/1487
f 1484/1484/1484 1457/1457/1457 1486/1486/1486
f 1485/1485/1485 1455/1455/1455 1484/1484/1484
f 1456/1456/1456 1483/1483/1483 1453/1453/1453
f 1452/1452/1452 1483/1483/1483 1481/1481/1481
f 1482/1482/1482 1452/1452/1452 1481/1481/1481
f 1450/1450/1450 1480/1480/1480 1451/1451/1451
f 1448/1448/1448 1451/1451/1451 1478/1478/1478
f 1449/1449/1449 1478/1478/1478 1479/1479/1479
f 1449/1449/1449 1477/1477/1477 1447/1447/1447
f 1447/1447/1447 1476/1476/1476 1446/1446/1446
f 1446/1446/1446 1475/1475/1475 1444/1444/1444
f 1444/1444/1444 1473/1473/1473 1445/1445/1445
f 1473/1473/1473 1472/1472/1472 1445/1445/1445
f 1472/1472/1472 1473/1473/1473 1474/1474/1474
f 1472/1472/1472 1471/1471/1471 1470/1470/1470
f 1470/1470/1470 1469/1469/1469 1468/1468/1468
f 1468/1468/1468 1467/1467/1467 1466/1466/1466
f 1466/1466/1466 1463/1463/1463 1465/1465/1465
f 1464/1464/1464 1463/1463/1463 1461/1461/1461
f 1462/1462/1462 1461/1461/1461 1459/1459/1459
f 1460/1460/1460 1459/1459/1459 1457/1457/1457
f 1458/1458/1458 1457/1457/1457 1455/1455/1455
f 1454/1454/1454 1455/1455/1455 1456/1456/1456
f 1454/1454/1454 1423/1423/1423 1422/1422/1422
f 1454/1454/1454 1453/1453/1453 1423/1423/1423
f 1420/1420/1420 1453/1453/1453 1452/1452/1452
f 1418/1418/1418 1452/1452/1452 1450/1450/1450
f 1419/1419/1419 1450/1450/1450 1451/1451/1451
f 1416/1416/1416 1419/1419/1419 1448/1448/1448
f 1417/1417/1417 1448/1448/1448 1449/1449/1449
f 1417/1417/1417 1447/1447/1447 1415/1415/1415
f 1415/1415/1415 1446/1446/1446 1414/1414/1414
f 1414/1414/1414 1444/1444/1444 1412/1412/1412
f 1444/1444/1444 1443/1443/1443 1412/1412/1412
f 1443/1443/1443 1444/1444/1444 1445/1445/1445
f 1443/1443/1443 1442/1442/1442 1441/1441/1441
f 1441/1441/1441 1440/1440/1440 1439/1439/1439
f 1439/1439/1439 1438/1438/1438 1437/1437/1437
f 1437/1437/1437 1436/1436/1436 1435/1435/1435
f 1435/1435/1435 1432/1432/1432 1434/1434/1434
f 1433/1433/1433 1432/1432/1432 1430/1430/1430
f 1431/1431/1431 1430/1430/1430 1428/1428/1428
f 1429/1429/1429 1428/1428/1428 1426/1426/1426
f 1427/1427/1427 1426/1426/1426 1424/1424/1424
f 1425/1425/1425 1424/1424/1424 1422/1422/1422
f 1421/1421/1421 1422/1422/1422 1423/1423/1423
f 1421/1421/1421 1389/1389/1389 1388/1388/1388
f 1421/1421/1421 1420/1420/1420 1389/1389/1389
f 1385/1385/1385 1420/1420/1420 1418/1418/1418
f 1386/1386/1386 1418/1418/1418 1419/1419/1419
f 1383/1383/1383 1386/1386/1386 1416/1416/1416
f 1384/1384/1384 1416/1416/1416 1417/1417/1417
f 1384/1384/1384 1415/1415/1415 1382/1382/1382
f 1382/1382/1382 1414/1414/1414 1380/1380/1380
f 1380/1380/1380 1412/1412/1412 1381/1381/1381
f 1412/1412/1412 1411/1411/1411 1381/1381/1381
f 1411/1411/1411 1412/1412/1412 1413/1413/1413
f 1411/1411/1411 1410/1410/1410 1409/1409/1409
f 1409/1409/1409 1408/1408/1408 1407/1407/1407
f 1407/1407/1407 1406/1406/1406 1405/1405/1405
f 1405/1405/1405 1404/1404/1404 1403/1403/1403
f 1403/1403/1403 1400/1400/1400 1402/1402/1402
f 1401/1401/1401 1400/1400/1400 1398/1398/1398
f 1399/1399/1399 1398/1398/1398 1396/1396/1396
f 1397/1397/1397 1396/1396/1396 1394/1394/1394
f 1395/1395/1395 1394/1394/1394 1392/1392/1392
f 1393/1393/1393 1392/1392/1392 1390/1390/1390
f 1391/1391/1391 1390/1390/1390 1388/1388/1388
f 1387/1387/1387 1388/1388/1388 1389/1389/1389
f 1387/1387/1387 1351/1351/1351 1355/1355/1355
f 1387/1387/1387 1385/1385/1385 1351/1351/1351
f 1352/1352/1352 1385/1385/1385 1386/1386/1386
f 1348/1348/1348 1352/1352/1352 1383/1383/1383
f 1349/1349/1349 1383/1383/1383 1384/1384/1384
f 1349/1349/1349 1382/1382/1382 1344/1344/1344
f 1344/1344/1344 1380/1380/1380 1345/1345/1345
f 1380/1380/1380 1379/1379/1379 1345/1345/1345
f 1379/1379/1379 1380/1380/1380 1381/1381/1381
f 1379/1379/1379 1378/1378/1378 1377/1377/1377
f 1377/1377/1377 1376/1376/1376 1375/1375/1375
f 1375/1375/1375 1374/1374/1374 1373/1373/1373
f 1373/1373/1373 1372/1372/1372 1371/1371/1371
f 1371/1371/1371 1370/1370/1370 1369/1369/1369
f 1369/1369/1369 1366/1366/1366 1368/1368/1368
f 1367/1367/1367 1366/1366/1366 1364/1364/1364
f 1365/1365/1365 1364/1364/1364 1362/1362/1362
f 1363/1363/1363 1362/1362/1362 1360/1360/1360
f 1361/1361/1361 1360/1360/1360 1358/1358/1358
f 1359/1359/1359 1358/1358/1358 1356/1356/1356
f 1357/1357/1357 1356/1356/1356 1354/1354/1354
f 1353/1353/1353 1354/1354/1354 1355/1355/1355
f 1353/1353/1353 1315/1315/1315 1314/1314/1314
f 1353/1353/1353 1351/1351/1351 1315/1315/1315
f 1311/1311/1311 1351/1351/1351 1352/1352/1352
f 1350/1350/1350 1311/1311/1311 1348/1348/1348
f 1347/1347/1347 1348/1348/1348 1349/1349/1349
f 1347/1347/1347 1344/1344/1344 1346/1346/1346
f 1344/1344/1344 1343/1343/1343 1346/1346/1346
f 1343/1343/1343 1344/1344/1344 1345/1345/1345
f 1343/1343/1343 1342/1342/1342 1341/1341/1341
f 1341/1341/1341 1340/1340/1340 1339/1339/1339
f 1339/1339/1339 1338/1338/1338 1337/1337/1337
f 1337/1337/1337 1336/1336/1336 1335/1335/1335
f 1335/1335/1335 1334/1334/1334 1333/1333/1333
f 1333/1333/1333 1332/1332/1332 1331/1331/1331
f 1331/1331/1331 1328/1328/1328 1330/1330/1330
f 1329/1329/1329 1328/1328/1328 1326/1326/1326
f 1327/1327/1327 1326/1326/1326 1324/1324/1324
f 1325/1325/1325 1324/1324/1324 1322/1322/1322
f 1323/1323/1323 1322/1322/1322 1320/1320/1320
f 1321/1321/1321 1320/1320/1320 1318/1318/1318
f 1319/1319/1319 1318/1318/1318 1316/1316/1316
f 1317/1317/1317 1316/1316/1316 1314/1314/1314
f 1313/1313/1313 1314/1314/1314 1315/1315/1315
f 1313/1313/1313 1312/1312/1312 1281/1281/1281
f 1313/1313/1313 1311/1311/1311 1312/1312/1312
f 1310/1310/1310 1309/1309/1309 1308/1308/1308
f 1308/1308/1308 1307/1307/1307 1306/1306/1306
f 1306/1306/1306 1305/1305/1305 1304/1304/1304
f 1304/1304/1304 1303/1303/1303 1302/1302/1302
f 1302/1302/1302 1301/1301/1301 1300/1300/1300
f 1300/1300/1300 1299/1299/1299 1298/1298/1298
f 1298/1298/1298 1295/1295/1295 1297/1297/1297
f 1296/1296/1296 1295/1295/1295 1293/1293/1293
f 1294/1294/1294 1293/1293/1293 1291/1291/1291
f 1292/1292/1292 1291/1291/1291 1289/1289/1289
f 1290/1290/1290 1289/1289/1289 1287/1287/1287
f 1288/1288/1288 1287/1287/1287 1285/1285/1285
f 1286/1286/1286 1285/1285/1285 1283/1283/1283
f 1284/1284/1284 1283/1283/1283 1280/1280/1280
f 1282/1282/1282 1280/1280/1280 1281/1281/1281
f 1383/1383/1383 1349/1349/1349 1348/1348/1348
f 1352/1352/1352 1348/1348/1348 1311/1311/1311
f 1385/1385/1385 1352/1352/1352 1351/1351/1351
f 1385/1385/1385 1387/1387/1387 1389/1389/1389
f 1388/1388/1388 1387/1387/1387 1391/1391/1391
f 1390/1390/1390 1391/1391/1391 1393/1393/1393
f 1392/1392/1392 1393/1393/1393 1395/1395/1395
f 1394/1394/1394 1395/1395/1395 1397/1397/1397
f 1396/1396/1396 1397/1397/1397 1399/1399/1399
f 1424/1424/1424 1460/1460/1460 1458/1458/1458
f 1426/1426/1426 1462/1462/1462 1460/1460/1460
f 1428/1428/1428 1464/1464/1464 1462/1462/1462
f 1430/1430/1430 1465/1465/1465 1464/1464/1464
f 1436/1436/1436 1465/1465/1465 1432/1432/1432
f 1438/1438/1438 1466/1466/1466 1436/1436/1436
f 1440/1440/1440 1468/1468/1468 1438/1438/1438
f 1442/1442/1442 1470/1470/1470 1440/1440/1440
f 1282/1282/1282 1501/1501/1501 1502/1502/1502
f 1501/1501/1501 1282/1282/1282 1312/1312/1312
f 1501/1501/1501 1312/1312/1312 1503/1503/1503
f 1505/1505/1505 1282/1282/1282 1504/1504/1504
f 1504/1504/1504 1282/1282/1282 1502/1502/1502
f 1506/1506/1506 1284/1284/1284 1505/1505/1505
f 1288/1288/1288 1506/1506/1506 1507/1507/1507
f 1290/1290/1290 1507/1507/1507 1508/1508/1508
f 1508/1508/1508 1292/1292/1292 1290/1290/1290
f 1294/1294/1294 1509/1509/1509 1296/1296/1296
f 1509/1509/1509 1297/1297/1297 1296/1296/1296
f 1440/1440/1440 1441/1441/1441 1442/1442/1442
f 1510/1510/1510 1298/1298/1298 1297/1297/1297
f 1511/1511/1511 1300/1300/1300 1298/1298/1298
f 1512/1512/1512 1302/1302/1302 1300/1300/1300
f 1513/1513/1513 1304/1304/1304 1302/1302/1302
f 1514/1514/1514 1306/1306/1306 1304/1304/1304
f 1308/1308/1308 1515/1515/1515 1516/1516/1516
f 1310/1310/1310 1516/1516/1516 1517/1517/1517
f 1310/1310/1310 1346/1346/1346 1500/1500/1500
f 1346/1346/1346 1310/1310/1310 1518/1518/1518
f 1519/1519/1519 1346/1346/1346 1518/1518/1518
f 1503/1503/1503 1350/1350/1350 1519/1519/1519
f 1350/1350/1350 1503/1503/1503 1312/1312/1312
f 1347/1347/1347 1519/1519/1519 1350/1350/1350
f 1346/1346/1346 1519/1519/1519 1347/1347/1347
f 1518/1518/1518 1310/1310/1310 1517/1517/1517
f 1516/1516/1516 1310/1310/1310 1308/1308/1308
f 1515/1515/1515 1308/1308/1308 1306/1306/1306
f 1306/1306/1306 1514/1514/1514 1515/1515/1515
f 1304/1304/1304 1513/1513/1513 1514/1514/1514
f 1302/1302/1302 1512/1512/1512 1513/1513/1513
f 1300/1300/1300 1511/1511/1511 1512/1512/1512
f 1298/1298/1298 1510/1510/1510 1511/1511/1511
f 1297/1297/1297 1509/1509/1509 1510/1510/1510
f 1509/1509/1509 1294/1294/1294 1520/1520/1520
f 1292/1292/1292 1520/1520/1520 1294/1294/1294
f 1292/1292/1292 1508/1508/1508 1520/1520/1520
f 1507/1507/1507 1290/1290/1290 1288/1288/1288
f 1506/1506/1506 1288/1288/1288 1286/1286/1286
f 1284/1284/1284 1506/1506/1506 1286/1286/1286
f 1282/1282/1282 1505/1505/1505 1284/1284/1284
f 1312/1312/1312 1282/1282/1282 1281/1281/1281
f 1470/1470/1470 1442/1442/1442 1472/1472/1472
f 1468/1468/1468 1440/1440/1440 1470/1470/1470
f 1466/1466/1466 1438/1438/1438 1468/1468/1468
f 1465/1465/1465 1436/1436/1436 1466/1466/1466
f 1465/1465/1465 1430/1430/1430 1432/1432/1432
f 1464/1464/1464 1428/1428/1428 1430/1430/1430
f 1462/1462/1462 1426/1426/1426 1428/1428/1428
f 1460/1460/1460 1424/1424/1424 1426/1426/1426
f 1458/1458/1458 1422/1422/1422 1424/1424/1424
f 1441/1441/1441 1413/1413/1413 1443/1443/1443
f 1439/1439/1439 1410/1410/1410 1441/1441/1441
f 1437/1437/1437 1408/1408/1408 1439/1439/1439
f 1435/1435/1435 1406/1406/1406 1437/1437/1437
f 1434/1434/1434 1404/1404/1404 1435/1435/1435
f 1434/1434/1434 1398/1398/1398 1400/1400/1400
f 1433/1433/1433 1396/1396/1396 1398/1398/1398
f 1431/1431/1431 1394/1394/1394 1396/1396/1396
f 1483/1483/1483 1452/1452/1452 1453/1453/1453
f 1429/1429/1429 1392/1392/1392 1394/1394/1394
f 1325/1325/1325 1287/1287/1287 1289/1289/1289
f 1521/1521/1521 1530/1530/1530 1531/1531/1531
f 1521/1521/1521 1531/1531/1531 1532/1532/1532
f 1521/1521/1521 1532/1532/1532 1533/1533/1533
f 1521/1521/1521 1533/1533/1533 1534/1534/1534
f 1521/1521/1521 1534/1534/1534 1535/1535/1535
f 1521/1521/1521 1529/1529/1529 1530/1530/1530
f 1521/1521/1521 1536/1536/1536 1537/1537/1537
f 1521/1521/1521 1537/1537/1537 1538/1538/1538
f 1521/1521/1521 1538/1538/1538 1539/1539/1539
f 1521/1521/1521 1539/1539/1539 1540/1540/1540
f 1521/1521/1521 1540/1540/1540 1541/1541/1541
f 1521/1521/1521 1541/1541/1541 1522/1522/1522
f 1521/1521/1521 1528/1528/1528 1529/1529/1529
f 1521/1521/1521 1527/1527/1527 1528/1528/1528
f 1521/1521/1521 1526/1526/1526 1527/1527/1527
f 1521/1521/1521 1525/1525/1525 1526/1526/1526
f 1521/1521/1521 1524/1524/1524 1525/1525/1525
f 1521/1521/1521 1535/1535/1535 1536/1536/1536
f 1523/1523/1523 1521/1521/1521 1522/1522/1522
f 1521/1521/1521 1523/1523/1523 1524/1524/1524
f 1183/1183/1183 1202/1202/1202 1203/1203/1203
f 1183/1183/1183 1201/1201/1201 1202/1202/1202
f 1183/1183/1183 1200/1200/1200 1201/1201/1201
f 1183/1183/1183 1199/1199/1199 1200/1200/1200
f 1183/1183/1183 1198/1198/1198 1199/1199/1199
f 1183/1183/1183 1197/1197/1197 1198/1198/1198
f 1183/1183/1183 1196/1196/1196 1197/1197/1197
f 1183/1183/1183 1195/1195/1195 1196/1196/1196
f 1183/1183/1183 1194/1194/1194 1195/1195/1195
f 1183/1183/1183 1193/1193/1193 1194/1194/1194
f 1183/1183/1183 1192/1192/1192 1193/1193/1193
f 1183/1183/1183 1191/1191/1191 1192/1192/1192
f 1183/1183/1183 1190/1190/1190 1191/1191/1191
f 1183/1183/1183 1189/1189/1189 1190/1190/1190
f 1183/1183/1183 1188/1188/1188 1189/1189/1189
f 1183/1183/1183 1187/1187/1187 1188/1188/1188
f 1183/1183/1183 1186/1186/1186 1187/1187/1187
f 1183/1183/1183 1185/1185/1185 1186/1186/1186
f 1185/1185/1185 1183/1183/1183 1184/1184/1184
f 1183/1183/1183 1203/1203/1203 1184/1184/1184
f 1023/1023/1023 1025/1025/1025 1161/1161/1161
f 1026/1026/1026 1024/1024/1024 1028/1028/1028
f 1025/1025/1025 1023/1023/1023 1024/1024/1024
f 1024/1024/1024 1026/1026/1026 1025/1025/1025
f 1028/1028/1028 1027/1027/1027 1026/1026/1026
f 1030/1030/1030 1029/1029/1029 1027/1027/1027
f 1032/1032/1032 1031/1031/1031 1029/1029/1029
f 1034/1034/1034 1033/1033/1033 1031/1031/1031
f 1024/1024/1024 1035/1035/1035 1036/1036/1036
f 1036/1036/1036 1028/1028/1028 1024/1024/1024
f 1037/1037/1037 1030/1030/1030 1028/1028/1028
f 1038/1038/1038 1032/1032/1032 1030/1030/1030
f 1039/1039/1039 1034/1034/1034 1032/1032/1032
f 1041/1041/1041 1040/1040/1040 1034/1034/1034
f 1036/1036/1036 1042/1042/1042 1043/1043/1043
f 1043/1043/1043 1037/1037/1037 1036/1036/1036
f 1044/1044/1044 1038/1038/1038 1037/1037/1037
f 1045/1045/1045 1039/1039/1039 1038/1038/1038
f 1046/1046/1046 1041/1041/1041 1039/1039/1039
f 1048/1048/1048 1047/1047/1047 1041/1041/1041
f 1043/1043/1043 1049/1049/1049 1050/1050/1050
f 1029/1029/1029 1030/1030/1030 1032/1032/1032
f 1031/1031/1031 1032/1032/1032 1034/1034/1034
f 1033/1033/1033 1034/1034/1034 1040/1040/1040
f 1035/1035/1035 1024/1024/1024 1023/1023/1023
f 1028/1028/1028 1036/1036/1036 1037/1037/1037
f 1030/1030/1030 1037/1037/1037 1038/1038/1038
f 1032/1032/1032 1038/1038/1038 1039/1039/1039
f 1034/1034/1034 1039/1039/1039 1041/1041/1041
f 1040/1040/1040 1041/1041/1041 1047/1047/1047
f 1042/1042/1042 1036/1036/1036 1035/1035/1035
f 1037/1037/1037 1043/1043/1043 1044/1044/1044
f 1038/1038/1038 1044/1044/1044 1045/1045/1045
f 1039/1039/1039 1045/1045/1045 1046/1046/1046
f 1041/1041/1041 1046/1046/1046 1048/1048/1048
f 1047/1047/1047 1048/1048/1048 1054/1054/1054
f 1049/1049/1049 1043/1043/1043 1042/1042/1042
f 1044/1044/1044 1050/1050/1050 1051/1051/1051
f 1045/1045/1045 1051/1051/1051 1052/1052/1052
f 1046/1046/1046 1052/1052/1052 1053/1053/1053
f 1048/1048/1048 1053/1053/1053 1055/1055/1055
f 1054/1054/1054 1055/1055/1055 1061/1061/1061
f 1056/1056/1056 1050/1050/1050 1049/1049/1049
f 1051/1051/1051 1057/1057/1057 1058/1058/1058
f 1052/1052/1052 1058/1058/1058 1059/1059/1059
f 1053/1053/1053 1059/1059/1059 1060/1060/1060
f 1055/1055/1055 1060/1060/1060 1062/1062/1062
f 1061/1061/1061 1062/1062/1062 1068/1068/1068
f 1063/1063/1063 1057/1057/1057 1056/1056/1056
f 1058/1058/1058 1064/1064/1064 1065/1065/1065
f 1059/1059/1059 1065/1065/1065 1066/1066/1066
f 1060/1060/1060 1066/1066/1066 1067/1067/1067
f 1062/1062/1062 1067/1067/1067 1069/1069/1069
f 1068/1068/1068 1069/1069/1069 1075/1075/1075
f 1070/1070/1070 1064/1064/1064 1063/1063/1063
f 1065/1065/1065 1071/1071/1071 1072/1072/1072
f 1066/1066/1066 1072/1072/1072 1073/1073/1073
f 1067/1067/1067 1073/1073/1073 1074/1074/1074
f 1069/1069/1069 1074/1074/1074 1076/1076/1076
f 1075/1075/1075 1076/1076/1076 1082/1082/1082
f 1077/1077/1077 1071/1071/1071 1070/1070/1070
f 1072/1072/1072 1078/1078/1078 1079/1079/1079
f 1073/1073/1073 1079/1079/1079 1080/1080/1080
f 1074/1074/1074 1080/1080/1080 1081/1081/1081
f 1076/1076/1076 1081/1081/1081 1083/1083/1083
f 1082/1082/1082 1083/1083/1083 1089/1089/1089
f 1084/1084/1084 1078/1078/1078 1077/1077/1077
f 1079/1079/1079 1085/1085/1085 1086/1086/1086
f 1080/1080/1080 1086/1086/1086 1087/1087/1087
f 1081/1081/1081 1087/1087/1087 1088/1088/1088
f 1083/1083/1083 1088/1088/1088 1090/1090/1090
f 1089/1089/1089 1090/1090/1090 1096/1096/1096
f 1084/1084/1084 1092/1092/1092 1085/1085/1085
f 1086/1086/1086 1092/1092/1092 1093/1093/1093
f 1087/1087/1087 1093/1093/1093 1094/1094/1094
f 1088/1088/1088 1094/1094/1094 1095/1095/1095
f 1090/1090/1090 1095/1095/1095 1097/1097/1097
f 1096/1096/1096 1097/1097/1097 1103/1103/1103
f 1091/1091/1091 1099/1099/1099 1092/1092/1092
f 1093/1093/1093 1099/1099/1099 1100/1100/1100
f 1094/1094/1094 1100/1100/1100 1101/1101/1101
f 1095/1095/1095 1101/1101/1101 1102/1102/1102
f 1097/1097/1097 1102/1102/1102 1104/1104/1104
f 1103/1103/1103 1104/1104/1104 1110/1110/1110
f 1098/1098/1098 1106/1106/1106 1099/1099/1099
f 1100/1100/1100 1106/1106/1106 1107/1107/1107
f 1101/1101/1101 1107/1107/1107 1108/1108/1108
f 1102/1102/1102 1108/1108/1108 1109/1109/1109
f 1104/1104/1104 1109/1109/1109 1111/1111/1111
f 1110/1110/1110 1111/1111/1111 1117/1117/1117
f 1105/1105/1105 1113/1113/1113 1106/1106/1106
f 1107/1107/1107 1113/1113/1113 1114/1114/1114
f 1108/1108/1108 1114/1114/1114 1115/1115/1115
f 1109/1109/1109 1115/1115/1115 1116/1116/1116
f 1111/1111/1111 1116/1116/1116 1118/1118/1118
f 1117/1117/1117 1118/1118/1118 1124/1124/1124
f 1112/1112/1112 1120/1120/1120 1113/1113/1113
f 1114/1114/1114 1120/1120/1120 1121/1121/1121
f 1115/1115/1115 1121/1121/1121 1122/1122/1122
f 1116/1116/1116 1122/1122/1122 1123/1123/1123
f 1118/1118/1118 1123/1123/1123 1125/1125/1125
f 1124/1124/1124 1125/1125/1125 1131/1131/1131
f 1119/1119/1119 1127/1127/1127 1120/1120/1120
f 1121/1121/1121 1127/1127/1127 1128/1128/1128
f 1122/1122/1122 1128/1128/1128 1129/1129/1129
f 1123/1123/1123 1129/1129/1129 1130/1130/1130
f 1125/1125/1125 1130/1130/1130 1132/1132/1132
f 1131/1131/1131 1132/1132/1132 1138/1138/1138
f 1126/1126/1126 1134/1134/1134 1127/1127/1127
f 1128/1128/1128 1134/1134/1134 1135/1135/1135
f 1129/1129/1129 1135/1135/1135 1136/1136/1136
f 1130/1130/1130 1136/1136/1136 1137/1137/1137
f 1132/1132/1132 1137/1137/1137 1139/1139/1139
f 1138/1138/1138 1139/1139/1139 1145/1145/1145
f 1133/1133/1133 1141/1141/1141 1134/1134/1134
f 1135/1135/1135 1141/1141/1141 1142/1142/1142
f 1136/1136/1136 1142/1142/1142 1143/1143/1143
f 1137/1137/1137 1143/1143/1143 1144/1144/1144
f 1139/1139/1139 1144/1144/1144 1146/1146/1146
f 1145/1145/1145 1146/1146/1146 1152/1152/1152
f 1140/1140/1140 1148/1148/1148 1141/1141/1141
f 1142/1142/1142 1148/1148/1148 1149/1149/1149
f 1143/1143/1143 1149/1149/1149 1150/1150/1150
f 1144/1144/1144 1150/1150/1150 1151/1151/1151
f 1146/1146/1146 1151/1151/1151 1153/1153/1153
f 1152/1152/1152 1153/1153/1153 1159/1159/1159
f 1147/1147/1147 1155/1155/1155 1148/1148/1148
f 1149/1149/1149 1155/1155/1155 1156/1156/1156
f 1150/1150/1150 1156/1156/1156 1157/1157/1157
f 1151/1151/1151 1157/1157/1157 1158/1158/1158
f 1153/1153/1153 1158/1158/1158 1160/1160/1160
f 1159/1159/1159 1160/1160/1160 1162/1162/1162
f 1161/1161/1161 1155/1155/1155 1154/1154/1154
f 1156/1156/1156 1025/1025/1025 1026/1026/1026
f 1157/1157/1157 1026/1026/1026 1027/1027/1027
f 1158/1158/1158 1027/1027/1027 1029/1029/1029
f 1160/1160/1160 1029/1029/1029 1031/1031/1031
f 1162/1162/1162 1031/1031/1031 1033/1033/1033
f 1163/1163/1163 1162/1162/1162 1033/1033/1033
f 1164/1164/1164 1159/1159/1159 1162/1162/1162
f 1159/1159/1159 1165/1165/1165 1152/1152/1152
f 1145/1145/1145 1165/1165/1165 1166/1166/1166
f 1138/1138/1138 1166/1166/1166 1167/1167/1167
f 1131/1131/1131 1167/1167/1167 1168/1168/1168
f 1124/1124/1124 1168/1168/1168 1169/1169/1169
f 1117/1117/1117 1169/1169/1169 1170/1170/1170
f 1110/1110/1110 1170/1170/1170 1171/1171/1171
f 1103/1103/1103 1171/1171/1171 1172/1172/1172
f 1096/1096/1096 1172/1172/1172 1182/1182/1182
f 1173/1173/1173 1096/1096/1096 1182/1182/1182
f 1173/1173/1173 1082/1082/1082 1089/1089/1089
f 1082/1082/1082 1174/1174/1174 1075/1075/1075
f 1075/1075/1075 1175/1175/1175 1068/1068/1068
f 1068/1068/1068 1176/1176/1176 1061/1061/1061
f 1061/1061/1061 1177/1177/1177 1054/1054/1054
f 1054/1054/1054 1178/1178/1178 1047/1047/1047
f 1047/1047/1047 1180/1180/1180 1040/1040/1040
f 1040/1040/1040 1163/1163/1163 1033/1033/1033
f 1181/1181/1181 1040/1040/1040 1180/1180/1180
f 1163/1163/1163 1040/1040/1040 1181/1181/1181
f 1179/1179/1179 1047/1047/1047 1178/1178/1178
f 1180/1180/1180 1047/1047/1047 1179/1179/1179
f 1178/1178/1178 1054/1054/1054 1177/1177/1177
f 1177/1177/1177 1061/1061/1061 1176/1176/1176
f 1176/1176/1176 1068/1068/1068 1175/1175/1175
f 1175/1175/1175 1075/1075/1075 1174/1174/1174
f 1082/1082/1082 1173/1173/1173 1174/1174/1174
f 1096/1096/1096 1173/1173/1173 1089/1089/1089
f 1172/1172/1172 1096/1096/1096 1103/1103/1103
f 1171/1171/1171 1103/1103/1103 1110/1110/1110
f 1170/1170/1170 1110/1110/1110 1117/1117/1117
f 1169/1169/1169 1117/1117/1117 1124/1124/1124
f 1168/1168/1168 1124/1124/1124 1131/1131/1131
f 1167/1167/1167 1131/1131/1131 1138/1138/1138
f 1166/1166/1166 1138/1138/1138 1145/1145/1145
f 1165/1165/1165 1145/1145/1145 1152/1152/1152
f 1159/1159/1159 1164/1164/1164 1165/1165/1165
f 1162/1162/1162 1163/1163/1163 1164/1164/1164
f 1031/1031/1031 1162/1162/1162 1160/1160/1160
f 1029/1029/1029 1160/1160/1160 1158/1158/1158
f 1027/1027/1027 1158/1158/1158 1157/1157/1157
f 1026/1026/1026 1157/1157/1157 1156/1156/1156
f 1025/1025/1025 1156/1156/1156 1155/1155/1155
f 1155/1155/1155 1161/1161/1161 1025/1025/1025
f 1160/1160/1160 1159/1159/1159 1153/1153/1153
f 1158/1158/1158 1153/1153/1153 1151/1151/1151
f 1157/1157/1157 1151/1151/1151 1150/1150/1150
f 1156/1156/1156 1150/1150/1150 1149/1149/1149
f 1155/1155/1155 1149/1149/1149 1148/1148/1148
f 1155/1155/1155 1147/1147/1147 1154/1154/1154
f 1153/1153/1153 1152/1152/1152 1146/1146/1146
f 1151/1151/1151 1146/1146/1146 1144/1144/1144
f 1150/1150/1150 1144/1144/1144 1143/1143/1143
f 1149/1149/1149 1143/1143/1143 1142/1142/1142
f 1148/1148/1148 1142/1142/1142 1141/1141/1141
f 1148/1148/1148 1140/1140/1140 1147/1147/1147
f 1146/1146/1146 1145/1145/1145 1139/1139/1139
f 1144/1144/1144 1139/1139/1139 1137/1137/1137
f 1143/1143/1143 1137/1137/1137 1136/1136/1136
f 1142/1142/1142 1136/1136/1136 1135/1135/1135
f 1141/1141/1141 1135/1135/1135 1134/1134/1134
f 1141/1141/1141 1133/1133/1133 1140/1140/1140
f 1139/1139/1139 1138/1138/1138 1132/1132/1132
f 1137/1137/1137 1132/1132/1132 1130/1130/1130
f 1136/1136/1136 1130/1130/1130 1129/1129/1129
f 1135/1135/1135 1129/1129/1129 1128/1128/1128
f 1134/1134/1134 1128/1128/1128 1127/1127/1127
f 1134/1134/1134 1126/1126/1126 1133/1133/1133
f 1132/1132/1132 1131/1131/1131 1125/1125/1125
f 1130/1130/1130 1125/1125/1125 1123/1123/1123
f 1129/1129/1129 1123/1123/1123 1122/1122/1122
f 1128/1128/1128 1122/1122/1122 1121/1121/1121
f 1127/1127/1127 1121/1121/1121 1120/1120/1120
f 1127/1127/1127 1119/1119/1119 1126/1126/1126
f 1125/1125/1125 1124/1124/1124 1118/1118/1118
f 1123/1123/1123 1118/1118/1118 1116/1116/1116
f 1122/1122/1122 1116/1116/1116 1115/1115/1115
f 1121/1121/1121 1115/1115/1115 1114/1114/1114
f 1120/1120/1120 1114/1114/1114 1113/1113/1113
f 1120/1120/1120 1112/1112/1112 1119/1119/1119
f 1118/1118/1118 1117/1117/1117 1111/1111/1111
f 1116/1116/1116 1111/1111/1111 1109/1109/1109
f 1115/1115/1115 1109/1109/1109 1108/1108/1108
f 1114/1114/1114 1108/1108/1108 1107/1107/1107
f 1113/1113/1113 1107/1107/1107 1106/1106/1106
f 1113/1113/1113 1105/1105/1105 1112/1112/1112
f 1111/1111/1111 1110/1110/1110 1104/1104/1104
f 1109/1109/1109 1104/1104/1104 1102/1102/1102
f 1108/1108/1108 1102/1102/1102 1101/1101/1101
f 1107/1107/1107 1101/1101/1101 1100/1100/1100
f 1106/1106/1106 1100/1100/1100 1099/1099/1099
f 1106/1106/1106 1098/1098/1098 1105/1105/1105
f 1104/1104/1104 1103/1103/1103 1097/1097/1097
f 1102/1102/1102 1097/1097/1097 1095/1095/1095
f 1101/1101/1101 1095/1095/1095 1094/1094/1094
f 1100/1100/1100 1094/1094/1094 1093/1093/1093
f 1099/1099/1099 1093/1093/1093 1092/1092/1092
f 1099/1099/1099 1091/1091/1091 1098/1098/1098
f 1097/1097/1097 1096/1096/1096 1090/1090/1090
f 1095/1095/1095 1090/1090/1090 1088/1088/1088
f 1094/1094/1094 1088/1088/1088 1087/1087/1087
f 1093/1093/1093 1087/1087/1087 1086/1086/1086
f 1092/1092/1092 1086/1086/1086 1085/1085/1085
f 1092/1092/1092 1084/1084/1084 1091/1091/1091
f 1090/1090/1090 1089/1089/1089 1083/1083/1083
f 1088/1088/1088 1083/1083/1083 1081/1081/1081
f 1087/1087/1087 1081/1081/1081 1080/1080/1080
f 1086/1086/1086 1080/1080/1080 1079/1079/1079
f 1085/1085/1085 1079/1079/1079 1078/1078/1078
f 1078/1078/1078 1084/1084/1084 1085/1085/1085
f 1083/1083/1083 1082/1082/1082 1076/1076/1076
f 1081/1081/1081 1076/1076/1076 1074/1074/1074
f 1080/1080/1080 1074/1074/1074 1073/1073/1073
f 1079/1079/1079 1073/1073/1073 1072/1072/1072
f 1078/1078/1078 1072/1072/1072 1071/1071/1071
f 1071/1071/1071 1077/1077/1077 1078/1078/1078
f 1076/1076/1076 1075/1075/1075 1069/1069/1069
f 1074/1074/1074 1069/1069/1069 1067/1067/1067
f 1073/1073/1073 1067/1067/1067 1066/1066/1066
f 1072/1072/1072 1066/1066/1066 1065/1065/1065
f 1071/1071/1071 1065/1065/1065 1064/1064/1064
f 1064/1064/1064 1070/1070/1070 1071/1071/1071
f 1069/1069/1069 1068/1068/1068 1062/1062/1062
f 1067/1067/1067 1062/1062/1062 1060/1060/1060
f 1066/1066/1066 1060/1060/1060 1059/1059/1059
f 1065/1065/1065 1059/1059/1059 1058/1058/1058
f 1064/1064/1064 1058/1058/1058 1057/1057/1057
f 1057/1057/1057 1063/1063/1063 1064/1064/1064
f 1062/1062/1062 1061/1061/1061 1055/1055/1055
f 1060/1060/1060 1055/1055/1055 1053/1053/1053
f 1059/1059/1059 1053/1053/1053 1052/1052/1052
f 1058/1058/1058 1052/1052/1052 1051/1051/1051
f 1057/1057/1057 1051/1051/1051 1050/1050/1050
f 1050/1050/1050 1056/1056/1056 1057/1057/1057
f 1055/1055/1055 1054/1054/1054 1048/1048/1048
f 1053/1053/1053 1048/1048/1048 1046/1046/1046
f 1052/1052/1052 1046/1046/1046 1045/1045/1045
f 1051/1051/1051 1045/1045/1045 1044/1044/1044
f 1050/1050/1050 1044/1044/1044 1043/1043/1043
f 1027/1027/1027 1028/1028/1028 1030/1030/1030
f 1547/1547/1547 1548/1548/1548 1550/1550/1550
f 1549/1549/1549 1550/1550/1550 1552/1552/1552
f 1551/1551/1551 1552/1552/1552 1554/1554/1554
f 1553/1553/1553 1554/1554/1554 1556/1556/1556
f 1555/1555/1555 1556/1556/1556 1558/1558/1558
f 1557/1557/1557 1558/1558/1558 1560/1560/1560
f 1559/1559/1559 1560/1560/1560 1561/1561/1561
f 1559/1559/1559 1562/1562/1562 1563/1563/1563
f 1563/1563/1563 1564/1564/1564 1565/1565/1565
f 1565/1565/1565 1566/1566/1566 1567/1567/1567
f 1567/1567/1567 1568/1568/1568 1569/1569/1569
f 1569/1569/1569 1570/1570/1570 1571/1571/1571
f 1571/1571/1571 1572/1572/1572 1573/1573/1573
f 1573/1573/1573 1574/1574/1574 1575/1575/1575
f 1575/1575/1575 1576/1576/1576 1577/1577/1577
f 1577/1577/1577 1578/1578/1578 1579/1579/1579
f 1579/1579/1579 1580/1580/1580 1581/1581/1581
f 1543/1543/1543 1580/1580/1580 1544/1544/1544
f 1582/1582/1582 1584/1584/1584 1586/1586/1586
f 1585/1585/1585 1586/1586/1586 1588/1588/1588
f 1587/1587/1587 1588/1588/1588 1590/1590/1590
f 1589/1589/1589 1590/1590/1590 1592/1592/1592
f 1591/1591/1591 1592/1592/1592 1594/1594/1594
f 1593/1593/1593 1594/1594/1594 1596/1596/1596
f 1595/1595/1595 1596/1596/1596 1598/1598/1598
f 1597/1597/1597 1598/1598/1598 1600/1600/1600
f 1599/1599/1599 1600/1600/1600 1601/1601/1601
f 1599/1599/1599 1602/1602/1602 1603/1603/1603
f 1603/1603/1603 1604/1604/1604 1605/1605/1605
f 1605/1605/1605 1606/1606/1606 1607/1607/1607
f 1607/1607/1607 1608/1608/1608 1609/1609/1609
f 1609/1609/1609 1610/1610/1610 1611/1611/1611
f 1611/1611/1611 1612/1612/1612 1613/1613/1613
f 1613/1613/1613 1614/1614/1614 1615/1615/1615
f 1615/1615/1615 1616/1616/1616 1617/1617/1617
f 1617/1617/1617 1618/1618/1618 1619/1619/1619
f 1619/1619/1619 1620/1620/1620 1621/1621/1621
f 1583/1583/1583 1620/1620/1620 1584/1584/1584
f 1622/1622/1622 1624/1624/1624 1626/1626/1626
f 1625/1625/1625 1626/1626/1626 1628/1628/1628
f 1627/1627/1627 1628/1628/1628 1630/1630/1630
f 1629/1629/1629 1630/1630/1630 1632/1632/1632
f 1631/1631/1631 1632/1632/1632 1634/1634/1634
f 1633/1633/1633 1634/1634/1634 1636/1636/1636
f 1635/1635/1635 1636/1636/1636 1638/1638/1638
f 1637/1637/1637 1638/1638/1638 1640/1640/1640
f 1639/1639/1639 1640/1640/1640 1641/1641/1641
f 1639/1639/1639 1642/1642/1642 1643/1643/1643
f 1643/1643/1643 1644/1644/1644 1645/1645/1645
f 1645/1645/1645 1646/1646/1646 1647/1647/1647
f 1647/1647/1647 1648/1648/1648 1649/1649/1649
f 1649/1649/1649 1650/1650/1650 1651/1651/1651
f 1651/1651/1651 1652/1652/1652 1653/1653/1653
f 1653/1653/1653 1654/1654/1654 1655/1655/1655
f 1655/1655/1655 1656/1656/1656 1657/1657/1657
f 1657/1657/1657 1658/1658/1658 1659/1659/1659
f 1659/1659/1659 1660/1660/1660 1661/1661/1661
f 1623/1623/1623 1660/1660/1660 1624/1624/1624
f 1662/1662/1662 1664/1664/1664 1666/1666/1666
f 1665/1665/1665 1666/1666/1666 1668/1668/1668
f 1667/1667/1667 1668/1668/1668 1670/1670/1670
f 1669/1669/1669 1670/1670/1670 1672/1672/1672
f 1671/1671/1671 1672/1672/1672 1674/1674/1674
f 1673/1673/1673 1674/1674/1674 1676/1676/1676
f 1675/1675/1675 1676/1676/1676 1678/1678/1678
f 1677/1677/1677 1678/1678/1678 1680/1680/1680
f 1679/1679/1679 1680/1680/1680 1681/1681/1681
f 1679/1679/1679 1682/1682/1682 1683/1683/1683
f 1683/1683/1683 1684/1684/1684 1685/1685/1685
f 1685/1685/1685 1686/1686/1686 1687/1687/1687
f 1687/1687/1687 1688/1688/1688 1689/1689/1689
f 1689/1689/1689 1690/1690/1690 1691/1691/1691
f 1691/1691/1691 1692/1692/1692 1693/1693/1693
f 1693/1693/1693 1694/1694/1694 1695/1695/1695
f 1695/1695/1695 1696/1696/1696 1698/1698/1698
f 1659/1659/1659 1696/1696/1696 1657/1657/1657
f 1697/1697/1697 1661/1661/1661 1699/1699/1699
f 1699/1699/1699 1664/1664/1664 1663/1663/1663
f 1700/1700/1700 1701/1701/1701 1703/1703/1703
f 1702/1702/1702 1701/1701/1701 1705/1705/1705
f 1704/1704/1704 1705/1705/1705 1707/1707/1707
f 1706/1706/1706 1707/1707/1707 1709/1709/1709
f 1708/1708/1708 1709/1709/1709 1711/1711/1711
f 1710/1710/1710 1711/1711/1711 1713/1713/1713
f 1712/1712/1712 1713/1713/1713 1715/1715/1715
f 1714/1714/1714 1715/1715/1715 1717/1717/1717
f 1716/1716/1716 1717/1717/1717 1718/1718/1718
f 1716/1716/1716 1719/1719/1719 1720/1720/1720
f 1720/1720/1720 1721/1721/1721 1722/1722/1722
f 1722/1722/1722 1723/1723/1723 1724/1724/1724
f 1724/1724/1724 1725/1725/1725 1726/1726/1726
f 1726/1726/1726 1727/1727/1727 1728/1728/1728
f 1728/1728/1728 1729/1729/1729 1730/1730/1730
f 1730/1730/1730 1731/1731/1731 1733/1733/1733
f 1698/1698/1698 1731/1731/1731 1695/1695/1695
f 1732/1732/1732 1697/1697/1697 1734/1734/1734
f 1734/1734/1734 1699/1699/1699 1735/1735/1735
f 1700/1700/1700 1699/1699/1699 1663/1663/1663
f 1736/1736/1736 1700/1700/1700 1703/1703/1703
f 1736/1736/1736 1738/1738/1738 1740/1740/1740
f 1739/1739/1739 1738/1738/1738 1742/1742/1742
f 1545/1545/1545 1546/1546/1546 1548/1548/1548
f 1743/1743/1743 1744/1744/1744 1746/1746/1746
f 1745/1745/1745 1746/1746/1746 1748/1748/1748
f 1747/1747/1747 1748/1748/1748 1750/1750/1750
f 1749/1749/1749 1750/1750/1750 1752/1752/1752
f 1751/1751/1751 1752/1752/1752 1753/1753/1753
f 1751/1751/1751 1754/1754/1754 1755/1755/1755
f 1755/1755/1755 1756/1756/1756 1757/1757/1757
f 1757/1757/1757 1758/1758/1758 1759/1759/1759
f 1759/1759/1759 1760/1760/1760 1761/1761/1761
f 1542/1542/1542 1544/1544/1544 1546/1546/1546
f 1763/1763/1763 1764/1764/1764 1766/1766/1766
f 1733/1733/1733 1764/1764/1764 1730/1730/1730
f 1765/1765/1765 1732/1732/1732 1767/1767/1767
f 1767/1767/1767 1734/1734/1734 1768/1768/1768
f 1768/1768/1768 1735/1735/1735 1769/1769/1769
f 1737/1737/1737 1735/1735/1735 1700/1700/1700
f 1736/1736/1736 1771/1771/1771 1737/1737/1737
f 1740/1740/1740 1770/1770/1770 1736/1736/1736
f 1773/1773/1773 1740/1740/1740 1739/1739/1739
f 1774/1774/1774 1739/1739/1739 1741/1741/1741
f 1743/1743/1743 1774/1774/1774 1741/1741/1741
f 1745/1745/1745 1775/1775/1775 1743/1743/1743
f 1778/1778/1778 1745/1745/1745 1747/1747/1747
f 1779/1779/1779 1747/1747/1747 1749/1749/1749
f 1749/1749/1749 1781/1781/1781 1779/1779/1779
f 1751/1751/1751 1782/1782/1782 1780/1780/1780
f 1782/1782/1782 1757/1757/1757 1809/1809/1809
f 1757/1757/1757 1783/1783/1783 1809/1809/1809
f 1759/1759/1759 1784/1784/1784 1783/1783/1783
f 1784/1784/1784 1763/1763/1763 1808/1808/1808
f 1763/1763/1763 1766/1766/1766 1808/1808/1808
f 1766/1766/1766 1785/1785/1785 1808/1808/1808
f 1785/1785/1785 1767/1767/1767 1787/1787/1787
f 1767/1767/1767 1768/1768/1768 1787/1787/1787
f 1786/1786/1786 1768/1768/1768 1769/1769/1769
f 1771/1771/1771 1769/1769/1769 1737/1737/1737
f 1586/1586/1586 1543/1543/1543 1542/1542/1542
f 1588/1588/1588 1542/1542/1542 1545/1545/1545
f 1590/1590/1590 1545/1545/1545 1547/1547/1547
f 1592/1592/1592 1547/1547/1547 1549/1549/1549
f 1594/1594/1594 1549/1549/1549 1551/1551/1551
f 1596/1596/1596 1551/1551/1551 1553/1553/1553
f 1598/1598/1598 1553/1553/1553 1555/1555/1555
f 1600/1600/1600 1555/1555/1555 1557/1557/1557
f 1601/1601/1601 1557/1557/1557 1559/1559/1559
f 1601/1601/1601 1563/1563/1563 1602/1602/1602
f 1602/1602/1602 1565/1565/1565 1604/1604/1604
f 1604/1604/1604 1567/1567/1567 1606/1606/1606
f 1606/1606/1606 1569/1569/1569 1608/1608/1608
f 1608/1608/1608 1571/1571/1571 1610/1610/1610
f 1610/1610/1610 1573/1573/1573 1612/1612/1612
f 1612/1612/1612 1575/1575/1575 1614/1614/1614
f 1614/1614/1614 1577/1577/1577 1616/1616/1616
f 1616/1616/1616 1579/1579/1579 1618/1618/1618
f 1618/1618/1618 1581/1581/1581 1620/1620/1620
f 1584/1584/1584 1581/1581/1581 1543/1543/1543
f 1626/1626/1626 1583/1583/1583 1582/1582/1582
f 1628/1628/1628 1582/1582/1582 1585/1585/1585
f 1630/1630/1630 1585/1585/1585 1587/1587/1587
f 1632/1632/1632 1587/1587/1587 1589/1589/1589
f 1634/1634/1634 1589/1589/1589 1591/1591/1591
f 1636/1636/1636 1591/1591/1591 1593/1593/1593
f 1638/1638/1638 1593/1593/1593 1595/1595/1595
f 1640/1640/1640 1595/1595/1595 1597/1597/1597
f 1641/1641/1641 1597/1597/1597 1599/1599/1599
f 1641/1641/1641 1603/1603/1603 1642/1642/1642
f 1642/1642/1642 1605/1605/1605 1644/1644/1644
f 1644/1644/1644 1607/1607/1607 1646/1646/1646
f 1646/1646/1646 1609/1609/1609 1648/1648/1648
f 1648/1648/1648 1611/1611/1611 1650/1650/1650
f 1650/1650/1650 1613/1613/1613 1652/1652/1652
f 1652/1652/1652 1615/1615/1615 1654/1654/1654
f 1654/1654/1654 1617/1617/1617 1656/1656/1656
f 1656/1656/1656 1619/1619/1619 1658/1658/1658
f 1658/1658/1658 1621/1621/1621 1660/1660/1660
f 1624/1624/1624 1621/1621/1621 1583/1583/1583
f 1666/1666/1666 1623/1623/1623 1622/1622/1622
f 1668/1668/1668 1622/1622/1622 1625/1625/1625
f 1670/1670/1670 1625/1625/1625 1627/1627/1627
f 1672/1672/1672 1627/1627/1627 1629/1629/1629
f 1674/1674/1674 1629/1629/1629 1631/1631/1631
f 1676/1676/1676 1631/1631/1631 1633/1633/1633
f 1678/1678/1678 1633/1633/1633 1635/1635/1635
f 1680/1680/1680 1635/1635/1635 1637/1637/1637
f 1681/1681/1681 1637/1637/1637 1639/1639/1639
f 1681/1681/1681 1643/1643/1643 1682/1682/1682
f 1682/1682/1682 1645/1645/1645 1684/1684/1684
f 1684/1684/1684 1647/1647/1647 1686/1686/1686
f 1686/1686/1686 1649/1649/1649 1688/1688/1688
f 1688/1688/1688 1651/1651/1651 1690/1690/1690
f 1690/1690/1690 1653/1653/1653 1692/1692/1692
f 1692/1692/1692 1655/1655/1655 1694/1694/1694
f 1694/1694/1694 1657/1657/1657 1696/1696/1696
f 1705/1705/1705 1662/1662/1662 1665/1665/1665
f 1707/1707/1707 1665/1665/1665 1667/1667/1667
f 1709/1709/1709 1667/1667/1667 1669/1669/1669
f 1711/1711/1711 1669/1669/1669 1671/1671/1671
f 1713/1713/1713 1671/1671/1671 1673/1673/1673
f 1715/1715/1715 1673/1673/1673 1675/1675/1675
f 1717/1717/1717 1675/1675/1675 1677/1677/1677
f 1718/1718/1718 1677/1677/1677 1679/1679/1679
f 1718/1718/1718 1683/1683/1683 1719/1719/1719
f 1719/1719/1719 1685/1685/1685 1721/1721/1721
f 1721/1721/1721 1687/1687/1687 1723/1723/1723
f 1723/1723/1723 1689/1689/1689 1725/1725/1725
f 1725/1725/1725 1691/1691/1691 1727/1727/1727
f 1727/1727/1727 1693/1693/1693 1729/1729/1729
f 1729/1729/1729 1695/1695/1695 1731/1731/1731
f 1742/1742/1742 1702/1702/1702 1704/1704/1704
f 1744/1744/1744 1704/1704/1704 1706/1706/1706
f 1746/1746/1746 1706/1706/1706 1708/1708/1708
f 1748/1748/1748 1708/1708/1708 1710/1710/1710
f 1750/1750/1750 1710/1710/1710 1712/1712/1712
f 1752/1752/1752 1712/1712/1712 1714/1714/1714
f 1753/1753/1753 1714/1714/1714 1716/1716/1716
f 1753/1753/1753 1720/1720/1720 1754/1754/1754
f 1754/1754/1754 1722/1722/1722 1756/1756/1756
f 1756/1756/1756 1724/1724/1724 1758/1758/1758
f 1758/1758/1758 1726/1726/1726 1760/1760/1760
f 1760/1760/1760 1728/1728/1728 1762/1762/1762
f 1762/1762/1762 1730/1730/1730 1764/1764/1764
f 1544/1544/1544 1789/1789/1789 1546/1546/1546
f 1791/1791/1791 1548/1548/1548 1546/1546/1546
f 1548/1548/1548 1793/1793/1793 1550/1550/1550
f 1550/1550/1550 1794/1794/1794 1552/1552/1552
f 1794/1794/1794 1554/1554/1554 1552/1552/1552
f 1795/1795/1795 1556/1556/1556 1554/1554/1554
f 1556/1556/1556 1796/1796/1796 1558/1558/1558
f 1797/1797/1797 1558/1558/1558 1796/1796/1796
f 1561/1561/1561 1797/1797/1797 1798/1798/1798
f 1562/1562/1562 1798/1798/1798 1799/1799/1799
f 1564/1564/1564 1799/1799/1799 1800/1800/1800
f 1566/1566/1566 1800/1800/1800 1801/1801/1801
f 1568/1568/1568 1801/1801/1801 1802/1802/1802
f 1570/1570/1570 1802/1802/1802 1803/1803/1803
f 1572/1572/1572 1803/1803/1803 1804/1804/1804
f 1574/1574/1574 1804/1804/1804 1805/1805/1805
f 1576/1576/1576 1805/1805/1805 1806/1806/1806
f 1806/1806/1806 1578/1578/1578 1576/1576/1576
f 1761/1761/1761 1762/1762/1762 1763/1763/1763
f 1741/1741/1741 1742/1742/1742 1744/1744/1744
f 1544/1544/1544 1542/1542/1542 1543/1543/1543
f 1546/1546/1546 1545/1545/1545 1542/1542/1542
f 1548/1548/1548 1547/1547/1547 1545/1545/1545
f 1550/1550/1550 1549/1549/1549 1547/1547/1547
f 1552/1552/1552 1551/1551/1551 1549/1549/1549
f 1554/1554/1554 1553/1553/1553 1551/1551/1551
f 1556/1556/1556 1555/1555/1555 1553/1553/1553
f 1558/1558/1558 1557/1557/1557 1555/1555/1555
f 1560/1560/1560 1559/1559/1559 1557/1557/1557
f 1562/1562/1562 1559/1559/1559 1561/1561/1561
f 1564/1564/1564 1563/1563/1563 1562/1562/1562
f 1566/1566/1566 1565/1565/1565 1564/1564/1564
f 1568/1568/1568 1567/1567/1567 1566/1566/1566
f 1570/1570/1570 1569/1569/1569 1568/1568/1568
f 1572/1572/1572 1571/1571/1571 1570/1570/1570
f 1574/1574/1574 1573/1573/1573 1572/1572/1572
f 1576/1576/1576 1575/1575/1575 1574/1574/1574
f 1578/1578/1578 1577/1577/1577 1576/1576/1576
f 1580/1580/1580 1579/1579/1579 1578/1578/1578
f 1580/1580/1580 1543/1543/1543 1581/1581/1581
f 1584/1584/1584 1582/1582/1582 1583/1583/1583
f 1586/1586/1586 1585/1585/1585 1582/1582/1582
f 1588/1588/1588 1587/1587/1587 1585/1585/1585
f 1590/1590/1590 1589/1589/1589 1587/1587/1587
f 1592/1592/1592 1591/1591/1591 1589/1589/1589
f 1594/1594/1594 1593/1593/1593 1591/1591/1591
f 1596/1596/1596 1595/1595/1595 1593/1593/1593
f 1598/1598/1598 1597/1597/1597 1595/1595/1595
f 1600/1600/1600 1599/1599/1599 1597/1597/1597
f 1602/1602/1602 1599/1599/1599 1601/1601/1601
f 1604/1604/1604 1603/1603/1603 1602/1602/1602
f 1606/1606/1606 1605/1605/1605 1604/1604/1604
f 1608/1608/1608 1607/1607/1607 1606/1606/1606
f 1610/1610/1610 1609/1609/1609 1608/1608/1608
f 1612/1612/1612 1611/1611/1611 1610/1610/1610
f 1614/1614/1614 1613/1613/1613 1612/1612/1612
f 1616/1616/1616 1615/1615/1615 1614/1614/1614
f 1618/1618/1618 1617/1617/1617 1616/1616/1616
f 1620/1620/1620 1619/1619/1619 1618/1618/1618
f 1620/1620/1620 1583/1583/1583 1621/1621/1621
f 1624/1624/1624 1622/1622/1622 1623/1623/1623
f 1626/1626/1626 1625/1625/1625 1622/1622/1622
f 1628/1628/1628 1627/1627/1627 1625/1625/1625
f 1630/1630/1630 1629/1629/1629 1627/1627/1627
f 1632/1632/1632 1631/1631/1631 1629/1629/1629
f 1634/1634/1634 1633/1633/1633 1631/1631/1631
f 1636/1636/1636 1635/1635/1635 1633/1633/1633
f 1638/1638/1638 1637/1637/1637 1635/1635/1635
f 1640/1640/1640 1639/1639/1639 1637/1637/1637
f 1642/1642/1642 1639/1639/1639 1641/1641/1641
f 1644/1644/1644 1643/1643/1643 1642/1642/1642
f 1646/1646/1646 1645/1645/1645 1644/1644/1644
f 1648/1648/1648 1647/1647/1647 1646/1646/1646
f 1650/1650/1650 1649/1649/1649 1648/1648/1648
f 1652/1652/1652 1651/1651/1651 1650/1650/1650
f 1654/1654/1654 1653/1653/1653 1652/1652/1652
f 1656/1656/1656 1655/1655/1655 1654/1654/1654
f 1658/1658/1658 1657/1657/1657 1656/1656/1656
f 1660/1660/1660 1659/1659/1659 1658/1658/1658
f 1660/1660/1660 1623/1623/1623 1661/1661/1661
f 1664/1664/1664 1662/1662/1662 1663/1663/1663
f 1666/1666/1666 1665/1665/1665 1662/1662/1662
f 1668/1668/1668 1667/1667/1667 1665/1665/1665
f 1670/1670/1670 1669/1669/1669 1667/1667/1667
f 1672/1672/1672 1671/1671/1671 1669/1669/1669
f 1674/1674/1674 1673/1673/1673 1671/1671/1671
f 1676/1676/1676 1675/1675/1675 1673/1673/1673
f 1678/1678/1678 1677/1677/1677 1675/1675/1675
f 1680/1680/1680 1679/1679/1679 1677/1677/1677
f 1682/1682/1682 1679/1679/1679 1681/1681/1681
f 1684/1684/1684 1683/1683/1683 1682/1682/1682
f 1686/1686/1686 1685/1685/1685 1684/1684/1684
f 1688/1688/1688 1687/1687/1687 1686/1686/1686
f 1690/1690/1690 1689/1689/1689 1688/1688/1688
f 1692/1692/1692 1691/1691/1691 1690/1690/1690
f 1694/1694/1694 1693/1693/1693 1692/1692/1692
f 1696/1696/1696 1695/1695/1695 1694/1694/1694
f 1696/1696/1696 1697/1697/1697 1698/1698/1698
f 1697/1697/1697 1696/1696/1696 1659/1659/1659
f 1661/1661/1661 1697/1697/1697 1659/1659/1659
f 1664/1664/1664 1699/1699/1699 1661/1661/1661
f 1664/1664/1664 1661/1661/1661 1623/1623/1623
f 1701/1701/1701 1700/1700/1700 1663/1663/1663
f 1701/1701/1701 1663/1663/1663 1662/1662/1662
f 1701/1701/1701 1702/1702/1702 1703/1703/1703
f 1705/1705/1705 1704/1704/1704 1702/1702/1702
f 1707/1707/1707 1706/1706/1706 1704/1704/1704
f 1709/1709/1709 1708/1708/1708 1706/1706/1706
f 1711/1711/1711 1710/1710/1710 1708/1708/1708
f 1713/1713/1713 1712/1712/1712 1710/1710/1710
f 1715/1715/1715 1714/1714/1714 1712/1712/1712
f 1717/1717/1717 1716/1716/1716 1714/1714/1714
f 1719/1719/1719 1716/1716/1716 1718/1718/1718
f 1721/1721/1721 1720/1720/1720 1719/1719/1719
f 1723/1723/1723 1722/1722/1722 1721/1721/1721
f 1725/1725/1725 1724/1724/1724 1723/1723/1723
f 1727/1727/1727 1726/1726/1726 1725/1725/1725
f 1729/1729/1729 1728/1728/1728 1727/1727/1727
f 1731/1731/1731 1730/1730/1730 1729/1729/1729
f 1731/1731/1731 1732/1732/1732 1733/1733/1733
f 1732/1732/1732 1731/1731/1731 1698/1698/1698
f 1697/1697/1697 1732/1732/1732 1698/1698/1698
f 1699/1699/1699 1734/1734/1734 1697/1697/1697
f 1699/1699/1699 1700/1700/1700 1735/1735/1735
f 1700/1700/1700 1736/1736/1736 1737/1737/1737
f 1738/1738/1738 1736/1736/1736 1703/1703/1703
f 1738/1738/1738 1703/1703/1703 1702/1702/1702
f 1738/1738/1738 1739/1739/1739 1740/1740/1740
f 1742/1742/1742 1741/1741/1741 1739/1739/1739
f 1744/1744/1744 1743/1743/1743 1741/1741/1741
f 1746/1746/1746 1745/1745/1745 1743/1743/1743
f 1748/1748/1748 1747/1747/1747 1745/1745/1745
f 1750/1750/1750 1749/1749/1749 1747/1747/1747
f 1752/1752/1752 1751/1751/1751 1749/1749/1749
f 1754/1754/1754 1751/1751/1751 1753/1753/1753
f 1756/1756/1756 1755/1755/1755 1754/1754/1754
f 1758/1758/1758 1757/1757/1757 1756/1756/1756
f 1760/1760/1760 1759/1759/1759 1758/1758/1758
f 1762/1762/1762 1761/1761/1761 1760/1760/1760
f 1764/1764/1764 1763/1763/1763 1762/1762/1762
f 1764/1764/1764 1765/1765/1765 1766/1766/1766
f 1765/1765/1765 1764/1764/1764 1733/1733/1733
f 1732/1732/1732 1765/1765/1765 1733/1733/1733
f 1734/1734/1734 1767/1767/1767 1732/1732/1732
f 1735/1735/1735 1768/1768/1768 1734/1734/1734
f 1735/1735/1735 1737/1737/1737 1769/1769/1769
f 1771/1771/1771 1736/1736/1736 1770/1770/1770
f 1770/1770/1770 1740/1740/1740 1772/1772/1772
f 1740/1740/1740 1773/1773/1773 1772/1772/1772
f 1739/1739/1739 1774/1774/1774 1773/1773/1773
f 1774/1774/1774 1743/1743/1743 1775/1775/1775
f 1775/1775/1775 1745/1745/1745 1776/1776/1776
f 1776/1776/1776 1745/1745/1745 1777/1777/1777
f 1745/1745/1745 1778/1778/1778 1777/1777/1777
f 1747/1747/1747 1779/1779/1779 1778/1778/1778
f 1781/1781/1781 1751/1751/1751 1780/1780/1780
f 1751/1751/1751 1781/1781/1781 1749/1749/1749
f 1782/1782/1782 1751/1751/1751 1755/1755/1755
f 1757/1757/1757 1782/1782/1782 1755/1755/1755
f 1783/1783/1783 1757/1757/1757 1759/1759/1759
f 1784/1784/1784 1759/1759/1759 1761/1761/1761
f 1763/1763/1763 1784/1784/1784 1761/1761/1761
f 1785/1785/1785 1766/1766/1766 1765/1765/1765
f 1767/1767/1767 1785/1785/1785 1765/1765/1765
f 1768/1768/1768 1786/1786/1786 1787/1787/1787
f 1769/1769/1769 1771/1771/1771 1786/1786/1786
f 1543/1543/1543 1586/1586/1586 1584/1584/1584
f 1542/1542/1542 1588/1588/1588 1586/1586/1586
f 1545/1545/1545 1590/1590/1590 1588/1588/1588
f 1547/1547/1547 1592/1592/1592 1590/1590/1590
f 1549/1549/1549 1594/1594/1594 1592/1592/1592
f 1551/1551/1551 1596/1596/1596 1594/1594/1594
f 1553/1553/1553 1598/1598/1598 1596/1596/1596
f 1555/1555/1555 1600/1600/1600 1598/1598/1598
f 1557/1557/1557 1601/1601/1601 1600/1600/1600
f 1563/1563/1563 1601/1601/1601 1559/1559/1559
f 1565/1565/1565 1602/1602/1602 1563/1563/1563
f 1567/1567/1567 1604/1604/1604 1565/1565/1565
f 1569/1569/1569 1606/1606/1606 1567/1567/1567
f 1571/1571/1571 1608/1608/1608 1569/1569/1569
f 1573/1573/1573 1610/1610/1610 1571/1571/1571
f 1575/1575/1575 1612/1612/1612 1573/1573/1573
f 1577/1577/1577 1614/1614/1614 1575/1575/1575
f 1579/1579/1579 1616/1616/1616 1577/1577/1577
f 1581/1581/1581 1618/1618/1618 1579/1579/1579
f 1581/1581/1581 1584/1584/1584 1620/1620/1620
f 1583/1583/1583 1626/1626/1626 1624/1624/1624
f 1582/1582/1582 1628/1628/1628 1626/1626/1626
f 1585/1585/1585 1630/1630/1630 1628/1628/1628
f 1587/1587/1587 1632/1632/1632 1630/1630/1630
f 1589/1589/1589 1634/1634/1634 1632/1632/1632
f 1591/1591/1591 1636/1636/1636 1634/1634/1634
f 1593/1593/1593 1638/1638/1638 1636/1636/1636
f 1595/1595/1595 1640/1640/1640 1638/1638/1638
f 1597/1597/1597 1641/1641/1641 1640/1640/1640
f 1603/1603/1603 1641/1641/1641 1599/1599/1599
f 1605/1605/1605 1642/1642/1642 1603/1603/1603
f 1607/1607/1607 1644/1644/1644 1605/1605/1605
f 1609/1609/1609 1646/1646/1646 1607/1607/1607
f 1611/1611/1611 1648/1648/1648 1609/1609/1609
f 1613/1613/1613 1650/1650/1650 1611/1611/1611
f 1615/1615/1615 1652/1652/1652 1613/1613/1613
f 1617/1617/1617 1654/1654/1654 1615/1615/1615
f 1619/1619/1619 1656/1656/1656 1617/1617/1617
f 1621/1621/1621 1658/1658/1658 1619/1619/1619
f 1621/1621/1621 1624/1624/1624 1660/1660/1660
f 1623/1623/1623 1666/1666/1666 1664/1664/1664
f 1622/1622/1622 1668/1668/1668 1666/1666/1666
f 1625/1625/1625 1670/1670/1670 1668/1668/1668
f 1627/1627/1627 1672/1672/1672 1670/1670/1670
f 1629/1629/1629 1674/1674/1674 1672/1672/1672
f 1631/1631/1631 1676/1676/1676 1674/1674/1674
f 1633/1633/1633 1678/1678/1678 1676/1676/1676
f 1635/1635/1635 1680/1680/1680 1678/1678/1678
f 1637/1637/1637 1681/1681/1681 1680/1680/1680
f 1643/1643/1643 1681/1681/1681 1639/1639/1639
f 1645/1645/1645 1682/1682/1682 1643/1643/1643
f 1647/1647/1647 1684/1684/1684 1645/1645/1645
f 1649/1649/1649 1686/1686/1686 1647/1647/1647
f 1651/1651/1651 1688/1688/1688 1649/1649/1649
f 1653/1653/1653 1690/1690/1690 1651/1651/1651
f 1655/1655/1655 1692/1692/1692 1653/1653/1653
f 1657/1657/1657 1694/1694/1694 1655/1655/1655
f 1662/1662/1662 1705/1705/1705 1701/1701/1701
f 1665/1665/1665 1707/1707/1707 1705/1705/1705
f 1667/1667/1667 1709/1709/1709 1707/1707/1707
f 1669/1669/1669 1711/1711/1711 1709/1709/1709
f 1671/1671/1671 1713/1713/1713 1711/1711/1711
f 1673/1673/1673 1715/1715/1715 1713/1713/1713
f 1675/1675/1675 1717/1717/1717 1715/1715/1715
f 1677/1677/1677 1718/1718/1718 1717/1717/1717
f 1683/1683/1683 1718/1718/1718 1679/1679/1679
f 1685/1685/1685 1719/1719/1719 1683/1683/1683
f 1687/1687/1687 1721/1721/1721 1685/1685/1685
f 1689/1689/1689 1723/1723/1723 1687/1687/1687
f 1691/1691/1691 1725/1725/1725 1689/1689/1689
f 1693/1693/1693 1727/1727/1727 1691/1691/1691
f 1695/1695/1695 1729/1729/1729 1693/1693/1693
f 1702/1702/1702 1742/1742/1742 1738/1738/1738
f 1704/1704/1704 1744/1744/1744 1742/1742/1742
f 1706/1706/1706 1746/1746/1746 1744/1744/1744
f 1708/1708/1708 1748/1748/1748 1746/1746/1746
f 1710/1710/1710 1750/1750/1750 1748/1748/1748
f 1712/1712/1712 1752/1752/1752 1750/1750/1750
f 1714/1714/1714 1753/1753/1753 1752/1752/1752
f 1720/1720/1720 1753/1753/1753 1716/1716/1716
f 1722/1722/1722 1754/1754/1754 1720/1720/1720
f 1724/1724/1724 1756/1756/1756 1722/1722/1722
f 1726/1726/1726 1758/1758/1758 1724/1724/1724
f 1728/1728/1728 1760/1760/1760 1726/1726/1726
f 1730/1730/1730 1762/1762/1762 1728/1728/1728
f 1789/1789/1789 1544/1544/1544 1788/1788/1788
f 1788/1788/1788 1544/1544/1544 1790/1790/1790
f 1548/1548/1548 1791/1791/1791 1792/1792/1792
f 1791/1791/1791 1546/1546/1546 1789/1789/1789
f 1793/1793/1793 1548/1548/1548 1792/1792/1792
f 1794/1794/1794 1550/1550/1550 1793/1793/1793
f 1554/1554/1554 1794/1794/1794 1795/1795/1795
f 1556/1556/1556 1795/1795/1795 1796/1796/1796
f 1558/1558/1558 1797/1797/1797 1560/1560/1560
f 1797/1797/1797 1561/1561/1561 1560/1560/1560
f 1798/1798/1798 1562/1562/1562 1561/1561/1561
f 1799/1799/1799 1564/1564/1564 1562/1562/1562
f 1800/1800/1800 1566/1566/1566 1564/1564/1564
f 1801/1801/1801 1568/1568/1568 1566/1566/1566
f 1802/1802/1802 1570/1570/1570 1568/1568/1568
f 1803/1803/1803 1572/1572/1572 1570/1570/1570
f 1804/1804/1804 1574/1574/1574 1572/1572/1572
f 1805/1805/1805 1576/1576/1576 1574/1574/1574
f 1578/1578/1578 1806/1806/1806 1807/1807/1807
f 1580/1580/1580 1790/1790/1790 1544/1544/1544
f 1790/1790/1790 1580/1580/1580 1807/1807/1807
f 1578/1578/1578 1807/1807/1807 1580/1580/1580
f 1810/1810/1810 1828/1828/1828 1829/1829/1829
f 1810/1810/1810 1827/1827/1827 1828/1828/1828
f 1810/1810/1810 1826/1826/1826 1827/1827/1827
f 1810/1810/1810 1825/1825/1825 1826/1826/1826
f 1810/1810/1810 1824/1824/1824 1825/1825/1825
f 1810/1810/1810 1823/1823/1823 1824/1824/1824
f 1810/1810/1810 1822/1822/1822 1823/1823/1823
f 1810/1810/1810 1821/1821/1821 1822/1822/1822
f 1810/1810/1810 1820/1820/1820 1821/1821/1821
f 1810/1810/1810 1819/1819/1819 1820/1820/1820
f 1810/1810/1810 1818/1818/1818 1819/1819/1819
f 1810/1810/1810 1817/1817/1817 1818/1818/1818
f 1810/1810/1810 1816/1816/1816 1817/1817/1817
f 1810/1810/1810 1815/1815/1815 1816/1816/1816
f 1810/1810/1810 1814/1814/1814 1815/1815/1815
f 1810/1810/1810 1813/1813/1813 1814/1814/1814
f 1810/1810/1810 1812/1812/1812 1813/1813/1813
f 1812/1812/1812 1810/1810/1810 1811/1811/1811
f 1810/1810/1810 1830/1830/1830 1811/1811/1811
f 1810/1810/1810 1829/1829/1829 1830/1830/1830
f 578/578/578 587/587/587 588/588/588
f 588/588/588 582/582/582 578/578/578
f 589/589/589 584/584/584 582/582/582
f 590/590/590 586/586/586 584/584/584
f 592/592/592 591/591/591 586/586/586
f 594/594/594 587/587/587 593/593/593
f 594/594/594 589/589/589 588/588/588
f 595/595/595 590/590/590 589/589/589
f 596/596/596 592/592/592 590/590/590
f 598/598/598 597/597/597 592/592/592
f 600/600/600 593/593/593 599/599/599
f 600/600/600 595/595/595 594/594/594
f 601/601/601 596/596/596 595/595/595
f 602/602/602 598/598/598 596/596/596
f 604/604/604 603/603/603 598/598/598
f 606/606/606 599/599/599 605/605/605
f 606/606/606 601/601/601 600/600/600
f 607/607/607 602/602/602 601/601/601
f 608/608/608 604/604/604 602/602/602
f 610/610/610 609/609/609 604/604/604
f 612/612/612 605/605/605 611/611/611
f 612/612/612 607/607/607 606/606/606
f 613/613/613 608/608/608 607/607/607
f 614/614/614 610/610/610 608/608/608
f 616/616/616 615/615/615 610/610/610
f 618/618/618 611/611/611 617/617/617
f 618/618/618 613/613/613 612/612/612
f 619/619/619 614/614/614 613/613/613
f 620/620/620 616/616/616 614/614/614
f 622/622/622 621/621/621 616/616/616
f 624/624/624 617/617/617 623/623/623
f 624/624/624 619/619/619 618/618/618
f 625/625/625 620/620/620 619/619/619
f 626/626/626 622/622/622 620/620/620
f 628/628/628 627/627/627 622/622/622
f 630/630/630 623/623/623 629/629/629
f 630/630/630 625/625/625 624/624/624
f 631/631/631 626/626/626 625/625/625
f 632/632/632 628/628/628 626/626/626
f 634/634/634 633/633/633 628/628/628
f 636/636/636 629/629/629 635/635/635
f 636/636/636 631/631/631 630/630/630
f 637/637/637 632/632/632 631/631/631
f 638/638/638 634/634/634 632/632/632
f 640/640/640 639/639/639 634/634/634
f 642/642/642 635/635/635 641/641/641
f 642/642/642 637/637/637 636/636/636
f 643/643/643 638/638/638 637/637/637
f 644/644/644 640/640/640 638/638/638
f 646/646/646 645/645/645 640/640/640
f 642/642/642 647/647/647 648/648/648
f 648/648/648 643/643/643 642/642/642
f 649/649/649 644/644/644 643/643/643
f 650/650/650 646/646/646 644/644/644
f 652/652/652 651/651/651 646/646/646
f 648/648/648 653/653/653 654/654/654
f 654/654/654 649/649/649 648/648/648
f 655/655/655 650/650/650 649/649/649
f 656/656/656 652/652/652 650/650/650
f 658/658/658 657/657/657 652/652/652
f 654/654/654 659/659/659 660/660/660
f 660/660/660 655/655/655 654/654/654
f 661/661/661 656/656/656 655/655/655
f 662/662/662 658/658/658 656/656/656
f 664/664/664 663/663/663 658/658/658
f 667/667/667 665/665/665 666/666/666
f 668/668/668 585/585/585 665/665/665
f 585/585/585 668/668/668 583/583/583
f 670/670/670 583/583/583 669/669/669
f 669/669/669 583/583/583 671/671/671
f 581/581/581 672/672/672 580/580/580
f 580/580/580 673/673/673 579/579/579
f 579/579/579 674/674/674 675/675/675
f 674/674/674 579/579/579 673/673/673
f 678/678/678 676/676/676 677/677/677
f 679/679/679 659/659/659 676/676/676
f 680/680/680 661/661/661 660/660/660
f 680/680/680 660/660/660 679/679/679
f 682/682/682 661/661/661 681/681/681
f 661/661/661 682/682/682 662/662/662
f 683/683/683 664/664/664 662/662/662
f 686/686/686 684/684/684 685/685/685
f 685/685/685 664/664/664 687/687/687
f 664/664/664 685/685/685 684/684/684
f 690/690/690 688/688/688 689/689/689
f 684/684/684 688/688/688 691/691/691
f 663/663/663 691/691/691 692/692/692
f 657/657/657 692/692/692 693/693/693
f 693/693/693 651/651/651 657/657/657
f 694/694/694 645/645/645 651/651/651
f 695/695/695 639/639/639 645/645/645
f 696/696/696 633/633/633 639/639/639
f 586/586/586 585/585/585 583/583/583
f 698/698/698 621/621/621 627/627/627
f 699/699/699 615/615/615 621/621/621
f 615/615/615 700/700/700 609/609/609
f 701/701/701 609/609/609 700/700/700
f 702/702/702 603/603/603 701/701/701
f 591/591/591 703/703/703 704/704/704
f 703/703/703 597/597/597 702/702/702
f 585/585/585 705/705/705 665/665/665
f 666/666/666 705/705/705 706/706/706
f 705/705/705 666/666/666 665/665/665
f 705/705/705 585/585/585 704/704/704
f 591/591/591 704/704/704 585/585/585
f 703/703/703 591/591/591 597/597/597
f 603/603/603 702/702/702 597/597/597
f 609/609/609 701/701/701 603/603/603
f 700/700/700 615/615/615 707/707/707
f 615/615/615 699/699/699 707/707/707
f 621/621/621 698/698/698 699/699/699
f 627/627/627 697/697/697 698/698/698
f 633/633/633 696/696/696 697/697/697
f 639/639/639 695/695/695 696/696/696
f 645/645/645 694/694/694 695/695/695
f 651/651/651 693/693/693 694/694/694
f 692/692/692 657/657/657 663/663/663
f 691/691/691 663/663/663 684/684/684
f 688/688/688 684/684/684 689/689/689
f 688/688/688 690/690/690 708/708/708
f 686/686/686 690/690/690 689/689/689
f 684/684/684 686/686/686 689/689/689
f 664/664/664 683/683/683 687/687/687
f 662/662/662 682/682/682 683/683/683
f 661/661/661 680/680/680 681/681/681
f 659/659/659 679/679/679 660/660/660
f 676/676/676 678/678/678 679/679/679
f 709/709/709 678/678/678 677/677/677
f 674/674/674 710/710/710 711/711/711
f 675/675/675 674/674/674 711/711/711
f 673/673/673 580/580/580 672/672/672
f 672/672/672 581/581/581 670/670/670
f 583/583/583 670/670/670 581/581/581
f 583/583/583 668/668/668 671/671/671
f 665/665/665 667/667/667 668/668/668
f 663/663/663 664/664/664 684/684/684
f 658/658/658 662/662/662 664/664/664
f 656/656/656 661/661/661 662/662/662
f 655/655/655 660/660/660 661/661/661
f 659/659/659 654/654/654 653/653/653
f 657/657/657 658/658/658 663/663/663
f 652/652/652 656/656/656 658/658/658
f 650/650/650 655/655/655 656/656/656
f 649/649/649 654/654/654 655/655/655
f 653/653/653 648/648/648 647/647/647
f 651/651/651 652/652/652 657/657/657
f 646/646/646 650/650/650 652/652/652
f 644/644/644 649/649/649 650/650/650
f 643/643/643 648/648/648 649/649/649
f 647/647/647 642/642/642 641/641/641
f 645/645/645 646/646/646 651/651/651
f 640/640/640 644/644/644 646/646/646
f 638/638/638 643/643/643 644/644/644
f 637/637/637 642/642/642 643/643/643
f 635/635/635 642/642/642 636/636/636
f 639/639/639 640/640/640 645/645/645
f 634/634/634 638/638/638 640/640/640
f 632/632/632 637/637/637 638/638/638
f 631/631/631 636/636/636 637/637/637
f 629/629/629 636/636/636 630/630/630
f 633/633/633 634/634/634 639/639/639
f 628/628/628 632/632/632 634/634/634
f 626/626/626 631/631/631 632/632/632
f 625/625/625 630/630/630 631/631/631
f 623/623/623 630/630/630 624/624/624
f 627/627/627 628/628/628 633/633/633
f 622/622/622 626/626/626 628/628/628
f 620/620/620 625/625/625 626/626/626
f 619/619/619 624/624/624 625/625/625
f 617/617/617 624/624/624 618/618/618
f 621/621/621 622/622/622 627/627/627
f 616/616/616 620/620/620 622/622/622
f 614/614/614 619/619/619 620/620/620
f 613/613/613 618/618/618 619/619/619
f 611/611/611 618/618/618 612/612/612
f 615/615/615 616/616/616 621/621/621
f 610/610/610 614/614/614 616/616/616
f 608/608/608 613/613/613 614/614/614
f 607/607/607 612/612/612 613/613/613
f 605/605/605 612/612/612 606/606/606
f 609/609/609 610/610/610 615/615/615
f 604/604/604 608/608/608 610/610/610
f 602/602/602 607/607/607 608/608/608
f 601/601/601 606/606/606 607/607/607
f 599/599/599 606/606/606 600/600/600
f 603/603/603 604/604/604 609/609/609
f 598/598/598 602/602/602 604/604/604
f 596/596/596 601/601/601 602/602/602
f 595/595/595 600/600/600 601/601/601
f 593/593/593 600/600/600 594/594/594
f 597/597/597 598/598/598 603/603/603
f 592/592/592 596/596/596 598/598/598
f 590/590/590 595/595/595 596/596/596
f 589/589/589 594/594/594 595/595/595
f 587/587/587 594/594/594 588/588/588
f 591/591/591 592/592/592 597/597/597
f 586/586/586 590/590/590 592/592/592
f 584/584/584 589/589/589 590/590/590
f 582/582/582 588/588/588 589/589/589
f 587/587/587 578/578/578 577/577/577
f 585/585/585 586/586/586 591/591/591
f 583/583/583 584/584/584 586/586/586
f 581/581/581 582/582/582 584/584/584
f 580/580/580 578/578/578 582/582/582
f 577/577/577 579/579/579 675/675/675
f 584/584/584 583/583/583 581/581/581
f 582/582/582 581/581/581 580/580/580
f 578/578/578 580/580/580 579/579/579
f 579/579/579 577/577/577 578/578/578
f 697/697/697 627/627/627 633/633/633
f 793/793/793 801/801/801 788/788/788
f 788/788/788 790/790/790 791/791/791
f 794/794/794 792/792/792 793/793/793
f 796/796/796 788/788/788 795/795/795
f 788/788/788 791/791/791 797/797/797
f 792/792/792 794/794/794 798/798/798
f 795/795/795 788/788/788 799/799/799
f 788/788/788 797/797/797 800/800/800
f 793/793/793 792/792/792 801/801/801
f 788/788/788 796/796/796 802/802/802
f 788/788/788 800/800/800 803/803/803
f 788/788/788 802/802/802 793/793/793
f 805/805/805 788/788/788 804/804/804
f 807/807/807 788/788/788 806/806/806
f 788/788/788 803/803/803 808/808/808
f 788/788/788 805/805/805 799/799/799
f 788/788/788 808/808/808 806/806/806
f 788/788/788 807/807/807 804/804/804
f 790/790/790 788/788/788 789/789/789
f 1835/1835/1835 1856/1856/1856 1857/1857/1857
f 1854/1854/1854 1855/1855/1855 1867/1867/1867
f 1852/1852/1852 1853/1853/1853 1855/1855/1855
f 1850/1850/1850 1851/1851/1851 1853/1853/1853
f 1848/1848/1848 1849/1849/1849 1851/1851/1851
f 1846/1846/1846 1847/1847/1847 1849/1849/1849
f 1844/1844/1844 1845/1845/1845 1847/1847/1847
f 1842/1842/1842 1843/1843/1843 1845/1845/1845
f 1840/1840/1840 1841/1841/1841 1843/1843/1843
f 1838/1838/1838 1839/1839/1839 1841/1841/1841
f 1836/1836/1836 1837/1837/1837 1839/1839/1839
f 1834/1834/1834 1835/1835/1835 1837/1837/1837
f 1831/1831/1831 1833/1833/1833 1835/1835/1835
f 1837/1837/1837 1857/1857/1857 1858/1858/1858
f 1833/1833/1833 1831/1831/1831 1832/1832/1832
f 1835/1835/1835 1834/1834/1834 1831/1831/1831
f 1837/1837/1837 1836/1836/1836 1834/1834/1834
f 1839/1839/1839 1838/1838/1838 1836/1836/1836
f 1841/1841/1841 1840/1840/1840 1838/1838/1838
f 1843/1843/1843 1842/1842/1842 1840/1840/1840
f 1845/1845/1845 1844/1844/1844 1842/1842/1842
f 1847/1847/1847 1846/1846/1846 1844/1844/1844
f 1849/1849/1849 1848/1848/1848 1846/1846/1846
f 1851/1851/1851 1850/1850/1850 1848/1848/1848
f 1853/1853/1853 1852/1852/1852 1850/1850/1850
f 1855/1855/1855 1854/1854/1854 1852/1852/1852
f 1856/1856/1856 1835/1835/1835 1833/1833/1833
f 1857/1857/1857 1837/1837/1837 1835/1835/1835
f 1858/1858/1858 1839/1839/1839 1837/1837/1837
f 1859/1859/1859 1841/1841/1841 1839/1839/1839
f 1860/1860/1860 1843/1843/1843 1841/1841/1841
f 1861/1861/1861 1845/1845/1845 1843/1843/1843
f 1862/1862/1862 1847/1847/1847 1845/1845/1845
f 1863/1863/1863 1849/1849/1849 1847/1847/1847
f 1864/1864/1864 1851/1851/1851 1849/1849/1849
f 1865/1865/1865 1853/1853/1853 1851/1851/1851
f 1866/1866/1866 1855/1855/1855 1853/1853/1853
f 1868/1868/1868 1867/1867/1867 1855/1855/1855
f 1869/1869/1869 1857/1857/1857 1856/1856/1856
f 1870/1870/1870 1858/1858/1858 1857/1857/1857
f 1871/1871/1871 1859/1859/1859 1858/1858/1858
f 1872/1872/1872 1860/1860/1860 1859/1859/1859
f 1873/1873/1873 1861/1861/1861 1860/1860/1860
f 1874/1874/1874 1862/1862/1862 1861/1861/1861
f 1875/1875/1875 1863/1863/1863 1862/1862/1862
f 1876/1876/1876 1864/1864/1864 1863/1863/1863
f 1877/1877/1877 1865/1865/1865 1864/1864/1864
f 1878/1878/1878 1866/1866/1866 1865/1865/1865
f 1879/1879/1879 1868/1868/1868 1866/1866/1866
f 1881/1881/1881 1880/1880/1880 1868/1868/1868
f 1882/1882/1882 1870/1870/1870 1869/1869/1869
f 1883/1883/1883 1871/1871/1871 1870/1870/1870
f 1884/1884/1884 1872/1872/1872 1871/1871/1871
f 1885/1885/1885 1873/1873/1873 1872/1872/1872
f 1886/1886/1886 1874/1874/1874 1873/1873/1873
f 1887/1887/1887 1875/1875/1875 1874/1874/1874
f 1888/1888/1888 1876/1876/1876 1875/1875/1875
f 1889/1889/1889 1877/1877/1877 1876/1876/1876
f 1890/1890/1890 1878/1878/1878 1877/1877/1877
f 1891/1891/1891 1879/1879/1879 1878/1878/1878
f 1892/1892/1892 1881/1881/1881 1879/1879/1879
f 1894/1894/1894 1893/1893/1893 1881/1881/1881
f 1895/1895/1895 1883/1883/1883 1882/1882/1882
f 1896/1896/1896 1884/1884/1884 1883/1883/1883
f 1897/1897/1897 1885/1885/1885 1884/1884/1884
f 1898/1898/1898 1886/1886/1886 1885/1885/1885
f 1899/1899/1899 1887/1887/1887 1886/1886/1886
f 1900/1900/1900 1888/1888/1888 1887/1887/1887
f 1901/1901/1901 1889/1889/1889 1888/1888/1888
f 1902/1902/1902 1890/1890/1890 1889/1889/1889
f 1903/1903/1903 1891/1891/1891 1890/1890/1890
f 1904/1904/1904 1892/1892/1892 1891/1891/1891
f 1905/1905/1905 1894/1894/1894 1892/1892/1892
f 1907/1907/1907 1906/1906/1906 1894/1894/1894
f 1908/1908/1908 1896/1896/1896 1895/1895/1895
f 1909/1909/1909 1897/1897/1897 1896/1896/1896
f 1910/1910/1910 1898/1898/1898 1897/1897/1897
f 1911/1911/1911 1899/1899/1899 1898/1898/1898
f 1912/1912/1912 1900/1900/1900 1899/1899/1899
f 1913/1913/1913 1901/1901/1901 1900/1900/1900
f 1914/1914/1914 1902/1902/1902 1901/1901/1901
f 1915/1915/1915 1903/1903/1903 1902/1902/1902
f 1916/1916/1916 1904/1904/1904 1903/1903/1903
f 1917/1917/1917 1905/1905/1905 1904/1904/1904
f 1918/1918/1918 1907/1907/1907 1905/1905/1905
f 1920/1920/1920 1919/1919/1919 1907/1907/1907
f 1921/1921/1921 1909/1909/1909 1908/1908/1908
f 1922/1922/1922 1910/1910/1910 1909/1909/1909
f 1923/1923/1923 1911/1911/1911 1910/1910/1910
f 1924/1924/1924 1912/1912/1912 1911/1911/1911
f 1925/1925/1925 1913/1913/1913 1912/1912/1912
f 1926/1926/1926 1914/1914/1914 1913/1913/1913
f 1927/1927/1927 1915/1915/1915 1914/1914/1914
f 1928/1928/1928 1916/1916/1916 1915/1915/1915
f 1929/1929/1929 1917/1917/1917 1916/1916/1916
f 1930/1930/1930 1918/1918/1918 1917/1917/1917
f 1931/1931/1931 1920/1920/1920 1918/1918/1918
f 1933/1933/1933 1932/1932/1932 1920/1920/1920
f 1934/1934/1934 1922/1922/1922 1921/1921/1921
f 1935/1935/1935 1923/1923/1923 1922/1922/1922
f 1936/1936/1936 1924/1924/1924 1923/1923/1923
f 1937/1937/1937 1925/1925/1925 1924/1924/1924
f 1938/1938/1938 1926/1926/1926 1925/1925/1925
f 1939/1939/1939 1927/1927/1927 1926/1926/1926
f 1940/1940/1940 1928/1928/1928 1927/1927/1927
f 1941/1941/1941 1929/1929/1929 1928/1928/1928
f 1942/1942/1942 1930/1930/1930 1929/1929/1929
f 1943/1943/1943 1931/1931/1931 1930/1930/1930
f 1944/1944/1944 1933/1933/1933 1931/1931/1931
f 1946/1946/1946 1945/1945/1945 1933/1933/1933
f 1947/1947/1947 1935/1935/1935 1934/1934/1934
f 1948/1948/1948 1936/1936/1936 1935/1935/1935
f 1949/1949/1949 1937/1937/1937 1936/1936/1936
f 1950/1950/1950 1938/1938/1938 1937/1937/1937
f 1951/1951/1951 1939/1939/1939 1938/1938/1938
f 1952/1952/1952 1940/1940/1940 1939/1939/1939
f 1953/1953/1953 1941/1941/1941 1940/1940/1940
f 1954/1954/1954 1942/1942/1942 1941/1941/1941
f 1955/1955/1955 1943/1943/1943 1942/1942/1942
f 1956/1956/1956 1944/1944/1944 1943/1943/1943
f 1957/1957/1957 1946/1946/1946 1944/1944/1944
f 1959/1959/1959 1958/1958/1958 1946/1946/1946
f 1960/1960/1960 1948/1948/1948 1947/1947/1947
f 1961/1961/1961 1949/1949/1949 1948/1948/1948
f 1962/1962/1962 1950/1950/1950 1949/1949/1949
f 1963/1963/1963 1951/1951/1951 1950/1950/1950
f 1964/1964/1964 1952/1952/1952 1951/1951/1951
f 1965/1965/1965 1953/1953/1953 1952/1952/1952
f 1966/1966/1966 1954/1954/1954 1953/1953/1953
f 1967/1967/1967 1955/1955/1955 1954/1954/1954
f 1968/1968/1968 1956/1956/1956 1955/1955/1955
f 1969/1969/1969 1957/1957/1957 1956/1956/1956
f 1970/1970/1970 1959/1959/1959 1957/1957/1957
f 1972/1972/1972 1971/1971/1971 1959/1959/1959
f 1973/1973/1973 1961/1961/1961 1960/1960/1960
f 1974/1974/1974 1962/1962/1962 1961/1961/1961
f 1975/1975/1975 1963/1963/1963 1962/1962/1962
f 1976/1976/1976 1964/1964/1964 1963/1963/1963
f 1977/1977/1977 1965/1965/1965 1964/1964/1964
f 1978/1978/1978 1966/1966/1966 1965/1965/1965
f 1979/1979/1979 1967/1967/1967 1966/1966/1966
f 1980/1980/1980 1968/1968/1968 1967/1967/1967
f 1981/1981/1981 1969/1969/1969 1968/1968/1968
f 1982/1982/1982 1970/1970/1970 1969/1969/1969
f 1983/1983/1983 1972/1972/1972 1970/1970/1970
f 1972/1972/1972 1984/1984/1984 1985/1985/1985
f 1986/1986/1986 1974/1974/1974 1973/1973/1973
f 1987/1987/1987 1975/1975/1975 1974/1974/1974
f 1988/1988/1988 1976/1976/1976 1975/1975/1975
f 1989/1989/1989 1977/1977/1977 1976/1976/1976
f 1990/1990/1990 1978/1978/1978 1977/1977/1977
f 1991/1991/1991 1979/1979/1979 1978/1978/1978
f 1992/1992/1992 1980/1980/1980 1979/1979/1979
f 1993/1993/1993 1981/1981/1981 1980/1980/1980
f 1994/1994/1994 1982/1982/1982 1981/1981/1981
f 1995/1995/1995 1983/1983/1983 1982/1982/1982
f 1997/1997/1997 1996/1996/1996 1983/1983/1983
f 1996/1996/1996 1998/1998/1998 1984/1984/1984
f 1999/1999/1999 1987/1987/1987 1986/1986/1986
f 2000/2000/2000 1988/1988/1988 1987/1987/1987
f 2001/2001/2001 1989/1989/1989 1988/1988/1988
f 2002/2002/2002 1990/1990/1990 1989/1989/1989
f 2003/2003/2003 1991/1991/1991 1990/1990/1990
f 2004/2004/2004 1992/1992/1992 1991/1991/1991
f 2005/2005/2005 1993/1993/1993 1992/1992/1992
f 2006/2006/2006 1994/1994/1994 1993/1993/1993
f 2007/2007/2007 1995/1995/1995 1994/1994/1994
f 2008/2008/2008 1997/1997/1997 1995/1995/1995
f 2010/2010/2010 2009/2009/2009 1997/1997/1997
f 2009/2009/2009 2011/2011/2011 1998/1998/1998
f 2012/2012/2012 2000/2000/2000 1999/1999/1999
f 2013/2013/2013 2001/2001/2001 2000/2000/2000
f 2014/2014/2014 2002/2002/2002 2001/2001/2001
f 2015/2015/2015 2003/2003/2003 2002/2002/2002
f 2016/2016/2016 2004/2004/2004 2003/2003/2003
f 2017/2017/2017 2005/2005/2005 2004/2004/2004
f 2018/2018/2018 2006/2006/2006 2005/2005/2005
f 2019/2019/2019 2007/2007/2007 2006/2006/2006
f 2020/2020/2020 2008/2008/2008 2007/2007/2007
f 2021/2021/2021 2010/2010/2010 2008/2008/2008
f 2023/2023/2023 2022/2022/2022 2010/2010/2010
f 2022/2022/2022 2024/2024/2024 2011/2011/2011
f 2025/2025/2025 2013/2013/2013 2012/2012/2012
f 2026/2026/2026 2014/2014/2014 2013/2013/2013
f 2027/2027/2027 2015/2015/2015 2014/2014/2014
f 2028/2028/2028 2016/2016/2016 2015/2015/2015
f 2029/2029/2029 2017/2017/2017 2016/2016/2016
f 2030/2030/2030 2018/2018/2018 2017/2017/2017
f 2031/2031/2031 2019/2019/2019 2018/2018/2018
f 2032/2032/2032 2020/2020/2020 2019/2019/2019
f 2033/2033/2033 2021/2021/2021 2020/2020/2020
f 2034/2034/2034 2023/2023/2023 2021/2021/2021
f 2036/2036/2036 2035/2035/2035 2023/2023/2023
f 2035/2035/2035 2037/2037/2037 2024/2024/2024
f 2038/2038/2038 2026/2026/2026 2025/2025/2025
f 2039/2039/2039 2027/2027/2027 2026/2026/2026
f 2040/2040/2040 2028/2028/2028 2027/2027/2027
f 2041/2041/2041 2029/2029/2029 2028/2028/2028
f 2042/2042/2042 2030/2030/2030 2029/2029/2029
f 2043/2043/2043 2031/2031/2031 2030/2030/2030
f 2044/2044/2044 2032/2032/2032 2031/2031/2031
f 2045/2045/2045 2033/2033/2033 2032/2032/2032
f 2046/2046/2046 2034/2034/2034 2033/2033/2033
f 2047/2047/2047 2036/2036/2036 2034/2034/2034
f 2049/2049/2049 2048/2048/2048 2036/2036/2036
f 2048/2048/2048 2050/2050/2050 2037/2037/2037
f 2051/2051/2051 2039/2039/2039 2038/2038/2038
f 2052/2052/2052 2040/2040/2040 2039/2039/2039
f 2053/2053/2053 2041/2041/2041 2040/2040/2040
f 2054/2054/2054 2042/2042/2042 2041/2041/2041
f 2055/2055/2055 2043/2043/2043 2042/2042/2042
f 2056/2056/2056 2044/2044/2044 2043/2043/2043
f 2057/2057/2057 2045/2045/2045 2044/2044/2044
f 2058/2058/2058 2046/2046/2046 2045/2045/2045
f 2059/2059/2059 2047/2047/2047 2046/2046/2046
f 2060/2060/2060 2049/2049/2049 2047/2047/2047
f 2062/2062/2062 2061/2061/2061 2049/2049/2049
f 2061/2061/2061 2063/2063/2063 2050/2050/2050
f 2064/2064/2064 2052/2052/2052 2051/2051/2051
f 2065/2065/2065 2053/2053/2053 2052/2052/2052
f 2066/2066/2066 2054/2054/2054 2053/2053/2053
f 2067/2067/2067 2055/2055/2055 2054/2054/2054
f 2068/2068/2068 2056/2056/2056 2055/2055/2055
f 2069/2069/2069 2057/2057/2057 2056/2056/2056
f 2070/2070/2070 2058/2058/2058 2057/2057/2057
f 2071/2071/2071 2059/2059/2059 2058/2058/2058
f 2072/2072/2072 2060/2060/2060 2059/2059/2059
f 2073/2073/2073 2062/2062/2062 2060/2060/2060
f 2075/2075/2075 2074/2074/2074 2062/2062/2062
f 2074/2074/2074 2076/2076/2076 2063/2063/2063
f 2077/2077/2077 2065/2065/2065 2064/2064/2064
f 2078/2078/2078 2066/2066/2066 2065/2065/2065
f 2079/2079/2079 2067/2067/2067 2066/2066/2066
f 2080/2080/2080 2068/2068/2068 2067/2067/2067
f 2081/2081/2081 2069/2069/2069 2068/2068/2068
f 2082/2082/2082 2070/2070/2070 2069/2069/2069
f 2083/2083/2083 2071/2071/2071 2070/2070/2070
f 2084/2084/2084 2072/2072/2072 2071/2071/2071
f 2085/2085/2085 2073/2073/2073 2072/2072/2072
f 2086/2086/2086 2075/2075/2075 2073/2073/2073
f 2088/2088/2088 2087/2087/2087 2075/2075/2075
f 2087/2087/2087 2089/2089/2089 2076/2076/2076
f 1832/1832/1832 2078/2078/2078 2077/2077/2077
f 1831/1831/1831 2079/2079/2079 2078/2078/2078
f 1834/1834/1834 2080/2080/2080 2079/2079/2079
f 1836/1836/1836 2081/2081/2081 2080/2080/2080
f 1838/1838/1838 2082/2082/2082 2081/2081/2081
f 1840/1840/1840 2083/2083/2083 2082/2082/2082
f 1842/1842/1842 2084/2084/2084 2083/2083/2083
f 1844/1844/1844 2085/2085/2085 2084/2084/2084
f 1846/1846/1846 2086/2086/2086 2085/2085/2085
f 1848/1848/1848 2088/2088/2088 2086/2086/2086
f 1850/1850/1850 2090/2090/2090 2088/2088/2088
f 2090/2090/2090 1854/1854/1854 2089/2089/2089
f 1833/1833/1833 2091/2091/2091 2092/2092/2092
f 2091/2091/2091 1832/1832/1832 2093/2093/2093
f 1856/1856/1856 2092/2092/2092 2094/2094/2094
f 1869/1869/1869 2094/2094/2094 2095/2095/2095
f 2095/2095/2095 1882/1882/1882 1869/1869/1869
f 2096/2096/2096 1895/1895/1895 1882/1882/1882
f 2097/2097/2097 1908/1908/1908 1895/1895/1895
f 1921/1921/1921 2098/2098/2098 1934/1934/1934
f 2098/2098/2098 1947/1947/1947 1934/1934/1934
f 2099/2099/2099 1960/1960/1960 1947/1947/1947
f 2100/2100/2100 1973/1973/1973 1960/1960/1960
f 2101/2101/2101 1986/1986/1986 1973/1973/1973
f 1986/1986/1986 2102/2102/2102 1999/1999/1999
f 2103/2103/2103 1999/1999/1999 2102/2102/2102
f 2012/2012/2012 2104/2104/2104 2025/2025/2025
f 2105/2105/2105 2025/2025/2025 2104/2104/2104
f 2106/2106/2106 2038/2038/2038 2105/2105/2105
f 2107/2107/2107 2064/2064/2064 2106/2106/2106
f 2077/2077/2077 2093/2093/2093 1832/1832/1832
f 2093/2093/2093 2077/2077/2077 2107/2107/2107
f 2064/2064/2064 2107/2107/2107 2077/2077/2077
f 2051/2051/2051 2106/2106/2106 2064/2064/2064
f 2038/2038/2038 2106/2106/2106 2051/2051/2051
f 2025/2025/2025 2105/2105/2105 2038/2038/2038
f 2104/2104/2104 2012/2012/2012 2103/2103/2103
f 1999/1999/1999 2103/2103/2103 2012/2012/2012
f 2102/2102/2102 1986/1986/1986 2108/2108/2108
f 1986/1986/1986 2101/2101/2101 2108/2108/2108
f 1973/1973/1973 2100/2100/2100 2101/2101/2101
f 1960/1960/1960 2099/2099/2099 2100/2100/2100
f 1947/1947/1947 2098/2098/2098 2099/2099/2099
f 2098/2098/2098 1921/1921/1921 2109/2109/2109
f 1908/1908/1908 2109/2109/2109 1921/1921/1921
f 1908/1908/1908 2097/2097/2097 2109/2109/2109
f 1895/1895/1895 2096/2096/2096 2097/2097/2097
f 1882/1882/1882 2095/2095/2095 2096/2096/2096
f 2094/2094/2094 1869/1869/1869 1856/1856/1856
f 2092/2092/2092 1856/1856/1856 1833/1833/1833
f 2091/2091/2091 1833/1833/1833 1832/1832/1832
f 1854/1854/1854 2090/2090/2090 1852/1852/1852
f 2090/2090/2090 1850/1850/1850 1852/1852/1852
f 2088/2088/2088 1848/1848/1848 1850/1850/1850
f 2086/2086/2086 1846/1846/1846 1848/1848/1848
f 2085/2085/2085 1844/1844/1844 1846/1846/1846
f 2084/2084/2084 1842/1842/1842 1844/1844/1844
f 2083/2083/2083 1840/1840/1840 1842/1842/1842
f 2082/2082/2082 1838/1838/1838 1840/1840/1840
f 2081/2081/2081 1836/1836/1836 1838/1838/1838
f 2080/2080/2080 1834/1834/1834 1836/1836/1836
f 2079/2079/2079 1831/1831/1831 1834/1834/1834
f 2078/2078/2078 1832/1832/1832 1831/1831/1831
f 2089/2089/2089 2087/2087/2087 2090/2090/2090
f 2087/2087/2087 2088/2088/2088 2090/2090/2090
f 2075/2075/2075 2086/2086/2086 2088/2088/2088
f 2073/2073/2073 2085/2085/2085 2086/2086/2086
f 2072/2072/2072 2084/2084/2084 2085/2085/2085
f 2071/2071/2071 2083/2083/2083 2084/2084/2084
f 2070/2070/2070 2082/2082/2082 2083/2083/2083
f 2069/2069/2069 2081/2081/2081 2082/2082/2082
f 2068/2068/2068 2080/2080/2080 2081/2081/2081
f 2067/2067/2067 2079/2079/2079 2080/2080/2080
f 2066/2066/2066 2078/2078/2078 2079/2079/2079
f 2065/2065/2065 2077/2077/2077 2078/2078/2078
f 2076/2076/2076 2074/2074/2074 2087/2087/2087
f 2074/2074/2074 2075/2075/2075 2087/2087/2087
f 2062/2062/2062 2073/2073/2073 2075/2075/2075
f 2060/2060/2060 2072/2072/2072 2073/2073/2073
f 2059/2059/2059 2071/2071/2071 2072/2072/2072
f 2058/2058/2058 2070/2070/2070 2071/2071/2071
f 2057/2057/2057 2069/2069/2069 2070/2070/2070
f 2056/2056/2056 2068/2068/2068 2069/2069/2069
f 2055/2055/2055 2067/2067/2067 2068/2068/2068
f 2054/2054/2054 2066/2066/2066 2067/2067/2067
f 2053/2053/2053 2065/2065/2065 2066/2066/2066
f 2052/2052/2052 2064/2064/2064 2065/2065/2065
f 2063/2063/2063 2061/2061/2061 2074/2074/2074
f 2061/2061/2061 2062/2062/2062 2074/2074/2074
f 2049/2049/2049 2060/2060/2060 2062/2062/2062
f 2047/2047/2047 2059/2059/2059 2060/2060/2060
f 2046/2046/2046 2058/2058/2058 2059/2059/2059
f 2045/2045/2045 2057/2057/2057 2058/2058/2058
f 2044/2044/2044 2056/2056/2056 2057/2057/2057
f 2043/2043/2043 2055/2055/2055 2056/2056/2056
f 2042/2042/2042 2054/2054/2054 2055/2055/2055
f 2041/2041/2041 2053/2053/2053 2054/2054/2054
f 2040/2040/2040 2052/2052/2052 2053/2053/2053
f 2039/2039/2039 2051/2051/2051 2052/2052/2052
f 2050/2050/2050 2048/2048/2048 2061/2061/2061
f 2048/2048/2048 2049/2049/2049 2061/2061/2061
f 2036/2036/2036 2047/2047/2047 2049/2049/2049
f 2034/2034/2034 2046/2046/2046 2047/2047/2047
f 2033/2033/2033 2045/2045/2045 2046/2046/2046
f 2032/2032/2032 2044/2044/2044 2045/2045/2045
f 2031/2031/2031 2043/2043/2043 2044/2044/2044
f 2030/2030/2030 2042/2042/2042 2043/2043/2043
f 2029/2029/2029 2041/2041/2041 2042/2042/2042
f 2028/2028/2028 2040/2040/2040 2041/2041/2041
f 2027/2027/2027 2039/2039/2039 2040/2040/2040
f 2026/2026/2026 2038/2038/2038 2039/2039/2039
f 2037/2037/2037 2035/2035/2035 2048/2048/2048
f 2035/2035/2035 2036/2036/2036 2048/2048/2048
f 2023/2023/2023 2034/2034/2034 2036/2036/2036
f 2021/2021/2021 2033/2033/2033 2034/2034/2034
f 2020/2020/2020 2032/2032/2032 2033/2033/2033
f 2019/2019/2019 2031/2031/2031 2032/2032/2032
f 2018/2018/2018 2030/2030/2030 2031/2031/2031
f 2017/2017/2017 2029/2029/2029 2030/2030/2030
f 2016/2016/2016 2028/2028/2028 2029/2029/2029
f 2015/2015/2015 2027/2027/2027 2028/2028/2028
f 2014/2014/2014 2026/2026/2026 2027/2027/2027
f 2013/2013/2013 2025/2025/2025 2026/2026/2026
f 2024/2024/2024 2022/2022/2022 2035/2035/2035
f 2022/2022/2022 2023/2023/2023 2035/2035/2035
f 2010/2010/2010 2021/2021/2021 2023/2023/2023
f 2008/2008/2008 2020/2020/2020 2021/2021/2021
f 2007/2007/2007 2019/2019/2019 2020/2020/2020
f 2006/2006/2006 2018/2018/2018 2019/2019/2019
f 2005/2005/2005 2017/2017/2017 2018/2018/2018
f 2004/2004/2004 2016/2016/2016 2017/2017/2017
f 2003/2003/2003 2015/2015/2015 2016/2016/2016
f 2002/2002/2002 2014/2014/2014 2015/2015/2015
f 2001/2001/2001 2013/2013/2013 2014/2014/2014
f 2000/2000/2000 2012/2012/2012 2013/2013/2013
f 2011/2011/2011 2009/2009/2009 2022/2022/2022
f 2009/2009/2009 2010/2010/2010 2022/2022/2022
f 1997/1997/1997 2008/2008/2008 2010/2010/2010
f 1995/1995/1995 2007/2007/2007 2008/2008/2008
f 1994/1994/1994 2006/2006/2006 2007/2007/2007
f 1993/1993/1993 2005/2005/2005 2006/2006/2006
f 1992/1992/1992 2004/2004/2004 2005/2005/2005
f 1991/1991/1991 2003/2003/2003 2004/2004/2004
f 1990/1990/1990 2002/2002/2002 2003/2003/2003
f 1989/1989/1989 2001/2001/2001 2002/2002/2002
f 1988/1988/1988 2000/2000/2000 2001/2001/2001
f 1987/1987/1987 1999/1999/1999 2000/2000/2000
f 1998/1998/1998 1996/1996/1996 2009/2009/2009
f 1996/1996/1996 1997/1997/1997 2009/2009/2009
f 1983/1983/1983 1995/1995/1995 1997/1997/1997
f 1982/1982/1982 1994/1994/1994 1995/1995/1995
f 1981/1981/1981 1993/1993/1993 1994/1994/1994
f 1980/1980/1980 1992/1992/1992 1993/1993/1993
f 1979/1979/1979 1991/1991/1991 1992/1992/1992
f 1978/1978/1978 1990/1990/1990 1991/1991/1991
f 1977/1977/1977 1989/1989/1989 1990/1990/1990
f 1976/1976/1976 1988/1988/1988 1989/1989/1989
f 1975/1975/1975 1987/1987/1987 1988/1988/1988
f 1974/1974/1974 1986/1986/1986 1987/1987/1987
f 1984/1984/1984 1972/1972/1972 1996/1996/1996
f 1972/1972/1972 1983/1983/1983 1996/1996/1996
f 1970/1970/1970 1982/1982/1982 1983/1983/1983
f 1969/1969/1969 1981/1981/1981 1982/1982/1982
f 1968/1968/1968 1980/1980/1980 1981/1981/1981
f 1967/1967/1967 1979/1979/1979 1980/1980/1980
f 1966/1966/1966 1978/1978/1978 1979/1979/1979
f 1965/1965/1965 1977/1977/1977 1978/1978/1978
f 1964/1964/1964 1976/1976/1976 1977/1977/1977
f 1963/1963/1963 1975/1975/1975 1976/1976/1976
f 1962/1962/1962 1974/1974/1974 1975/1975/1975
f 1961/1961/1961 1973/1973/1973 1974/1974/1974
f 1971/1971/1971 1972/1972/1972 1985/1985/1985
f 1959/1959/1959 1970/1970/1970 1972/1972/1972
f 1957/1957/1957 1969/1969/1969 1970/1970/1970
f 1956/1956/1956 1968/1968/1968 1969/1969/1969
f 1955/1955/1955 1967/1967/1967 1968/1968/1968
f 1954/1954/1954 1966/1966/1966 1967/1967/1967
f 1953/1953/1953 1965/1965/1965 1966/1966/1966
f 1952/1952/1952 1964/1964/1964 1965/1965/1965
f 1951/1951/1951 1963/1963/1963 1964/1964/1964
f 1950/1950/1950 1962/1962/1962 1963/1963/1963
f 1949/1949/1949 1961/1961/1961 1962/1962/1962
f 1948/1948/1948 1960/1960/1960 1961/1961/1961
f 1958/1958/1958 1959/1959/1959 1971/1971/1971
f 1946/1946/1946 1957/1957/1957 1959/1959/1959
f 1944/1944/1944 1956/1956/1956 1957/1957/1957
f 1943/1943/1943 1955/1955/1955 1956/1956/1956
f 1942/1942/1942 1954/1954/1954 1955/1955/1955
f 1941/1941/1941 1953/1953/1953 1954/1954/1954
f 1940/1940/1940 1952/1952/1952 1953/1953/1953
f 1939/1939/1939 1951/1951/1951 1952/1952/1952
f 1938/1938/1938 1950/1950/1950 1951/1951/1951
f 1937/1937/1937 1949/1949/1949 1950/1950/1950
f 1936/1936/1936 1948/1948/1948 1949/1949/1949
f 1935/1935/1935 1947/1947/1947 1948/1948/1948
f 1945/1945/1945 1946/1946/1946 1958/1958/1958
f 1933/1933/1933 1944/1944/1944 1946/1946/1946
f 1931/1931/1931 1943/1943/1943 1944/1944/1944
f 1930/1930/1930 1942/1942/1942 1943/1943/1943
f 1929/1929/1929 1941/1941/1941 1942/1942/1942
f 1928/1928/1928 1940/1940/1940 1941/1941/1941
f 1927/1927/1927 1939/1939/1939 1940/1940/1940
f 1926/1926/1926 1938/1938/1938 1939/1939/1939
f 1925/1925/1925 1937/1937/1937 1938/1938/1938
f 1924/1924/1924 1936/1936/1936 1937/1937/1937
f 1923/1923/1923 1935/1935/1935 1936/1936/1936
f 1922/1922/1922 1934/1934/1934 1935/1935/1935
f 1932/1932/1932 1933/1933/1933 1945/1945/1945
f 1920/1920/1920 1931/1931/1931 1933/1933/1933
f 1918/1918/1918 1930/1930/1930 1931/1931/1931
f 1917/1917/1917 1929/1929/1929 1930/1930/1930
f 1916/1916/1916 1928/1928/1928 1929/1929/1929
f 1915/1915/1915 1927/1927/1927 1928/1928/1928
f 1914/1914/1914 1926/1926/1926 1927/1927/1927
f 1913/1913/1913 1925/1925/1925 1926/1926/1926
f 1912/1912/1912 1924/1924/1924 1925/1925/1925
f 1911/1911/1911 1923/1923/1923 1924/1924/1924
f 1910/1910/1910 1922/1922/1922 1923/1923/1923
f 1909/1909/1909 1921/1921/1921 1922/1922/1922
f 1919/1919/1919 1920/1920/1920 1932/1932/1932
f 1907/1907/1907 1918/1918/1918 1920/1920/1920
f 1905/1905/1905 1917/1917/1917 1918/1918/1918
f 1904/1904/1904 1916/1916/1916 1917/1917/1917
f 1903/1903/1903 1915/1915/1915 1916/1916/1916
f 1902/1902/1902 1914/1914/1914 1915/1915/1915
f 1901/1901/1901 1913/1913/1913 1914/1914/1914
f 1900/1900/1900 1912/1912/1912 1913/1913/1913
f 1899/1899/1899 1911/1911/1911 1912/1912/1912
f 1898/1898/1898 1910/1910/1910 1911/1911/1911
f 1897/1897/1897 1909/1909/1909 1910/1910/1910
f 1896/1896/1896 1908/1908/1908 1909/1909/1909
f 1906/1906/1906 1907/1907/1907 1919/1919/1919
f 1894/1894/1894 1905/1905/1905 1907/1907/1907
f 1892/1892/1892 1904/1904/1904 1905/1905/1905
f 1891/1891/1891 1903/1903/1903 1904/1904/1904
f 1890/1890/1890 1902/1902/1902 1903/1903/1903
f 1889/1889/1889 1901/1901/1901 1902/1902/1902
f 1888/1888/1888 1900/1900/1900 1901/1901/1901
f 1887/1887/1887 1899/1899/1899 1900/1900/1900
f 1886/1886/1886 1898/1898/1898 1899/1899/1899
f 1885/1885/1885 1897/1897/1897 1898/1898/1898
f 1884/1884/1884 1896/1896/1896 1897/1897/1897
f 1883/1883/1883 1895/1895/1895 1896/1896/1896
f 1893/1893/1893 1894/1894/1894 1906/1906/1906
f 1881/1881/1881 1892/1892/1892 1894/1894/1894
f 1879/1879/1879 1891/1891/1891 1892/1892/1892
f 1878/1878/1878 1890/1890/1890 1891/1891/1891
f 1877/1877/1877 1889/1889/1889 1890/1890/1890
f 1876/1876/1876 1888/1888/1888 1889/1889/1889
f 1875/1875/1875 1887/1887/1887 1888/1888/1888
f 1874/1874/1874 1886/1886/1886 1887/1887/1887
f 1873/1873/1873 1885/1885/1885 1886/1886/1886
f 1872/1872/1872 1884/1884/1884 1885/1885/1885
f 1871/1871/1871 1883/1883/1883 1884/1884/1884
f 1870/1870/1870 1882/1882/1882 1883/1883/1883
f 1880/1880/1880 1881/1881/1881 1893/1893/1893
f 1868/1868/1868 1879/1879/1879 1881/1881/1881
f 1866/1866/1866 1878/1878/1878 1879/1879/1879
f 1865/1865/1865 1877/1877/1877 1878/1878/1878
f 1864/1864/1864 1876/1876/1876 1877/1877/1877
f 1863/1863/1863 1875/1875/1875 1876/1876/1876
f 1862/1862/1862 1874/1874/1874 1875/1875/1875
f 1861/1861/1861 1873/1873/1873 1874/1874/1874
f 1860/1860/1860 1872/1872/1872 1873/1873/1873
f 1859/1859/1859 1871/1871/1871 1872/1872/1872
f 1858/1858/1858 1870/1870/1870 1871/1871/1871
f 1857/1857/1857 1869/1869/1869 1870/1870/1870
f 1867/1867/1867 1868/1868/1868 1880/1880/1880
f 1855/1855/1855 1866/1866/1866 1868/1868/1868
f 1853/1853/1853 1865/1865/1865 1866/1866/1866
f 1851/1851/1851 1864/1864/1864 1865/1865/1865
f 1849/1849/1849 1863/1863/1863 1864/1864/1864
f 1847/1847/1847 1862/1862/1862 1863/1863/1863
f 1845/1845/1845 1861/1861/1861 1862/1862/1862
f 1843/1843/1843 1860/1860/1860 1861/1861/1861
f 1841/1841/1841 1859/1859/1859 1860/1860/1860
f 1839/1839/1839 1858/1858/1858 1859/1859/1859
f 2110/2110/2110 2112/2112/2112 2113/2113/2113
f 2110/2110/2110 2113/2113/2113 2114/2114/2114
f 2110/2110/2110 2114/2114/2114 2115/2115/2115
f 2110/2110/2110 2115/2115/2115 2116/2116/2116
f 2110/2110/2110 2116/2116/2116 2117/2117/2117
f 2110/2110/2110 2117/2117/2117 2118/2118/2118
f 2110/2110/2110 2118/2118/2118 2119/2119/2119
f 2110/2110/2110 2119/2119/2119 2120/2120/2120
f 2110/2110/2110 2120/2120/2120 2121/2121/2121
f 2110/2110/2110 2121/2121/2121 2122/2122/2122
f 2110/2110/2110 2122/2122/2122 2123/2123/2123
f 2110/2110/2110 2123/2123/2123 2124/2124/2124
f 2110/2110/2110 2124/2124/2124 2125/2125/2125
f 2110/2110/2110 2125/2125/2125 2126/2126/2126
f 2110/2110/2110 2126/2126/2126 2127/2127/2127
f 2110/2110/2110 2127/2127/2127 2128/2128/2128
f 2110/2110/2110 2128/2128/2128 2129/2129/2129
f 2110/2110/2110 2129/2129/2129 2130/2130/2130
f 2112/2112/2112 2110/2110/2110 2111/2111/2111
f 2110/2110/2110 2130/2130/2130 2111/2111/2111
