# Wavefront .OBJ file for tesselated shape: Part1-1 path: C:\Users\Jamiul\OneDrive - UW-Madison\Design\chronoMotor\Part1.SLDPRT

g body_1
v 0.000000 0.000000 -2.000000
v -3.271452 1.355080 -2.000000
v -2.503861 2.503861 -2.000000
v -1.355080 3.271452 -2.000000
v 0.000000 3.540995 -2.000000
v 1.355080 3.271452 -2.000000
v 2.503861 2.503861 -2.000000
v 3.271452 1.355080 -2.000000
v 3.540995 0.000000 -2.000000
v 3.271452 -1.355080 -2.000000
v 2.503861 -2.503861 -2.000000
v 1.355080 -3.271452 -2.000000
v 0.000000 -3.540995 -2.000000
v -1.355080 -3.271452 -2.000000
v -2.503861 -2.503861 -2.000000
v -3.271452 -1.355080 -2.000000
v -3.540995 0.000000 -2.000000
v 3.271452 -1.355080 -2.000000
v 3.540995 0.000000 -2.000000
v 3.540995 0.000000 -5.000000
v 2.503861 -2.503861 -2.000000
v 3.271452 -1.355080 -5.000000
v 1.355080 -3.271452 -2.000000
v 2.503861 -2.503861 -5.000000
v 0.000000 -3.540995 -2.000000
v 1.355080 -3.271452 -5.000000
v -1.355080 -3.271452 -2.000000
v 0.000000 -3.540995 -5.000000
v -2.503861 -2.503861 -2.000000
v -1.355080 -3.271452 -5.000000
v -3.271452 -1.355080 -2.000000
v -2.503861 -2.503861 -5.000000
v -3.540995 0.000000 -2.000000
v -3.271452 -1.355080 -5.000000
v -3.271452 1.355080 -2.000000
v -3.540995 0.000000 -5.000000
v -2.503861 2.503861 -2.000000
v -3.271452 1.355080 -5.000000
v -1.355080 3.271452 -2.000000
v -2.503861 2.503861 -5.000000
v 0.000000 3.540995 -2.000000
v -1.355080 3.271452 -5.000000
v 1.355080 3.271452 -2.000000
v 0.000000 3.540995 -5.000000
v 2.503861 2.503861 -2.000000
v 1.355080 3.271452 -5.000000
v 3.271452 1.355080 -2.000000
v 2.503861 2.503861 -5.000000
v 3.271452 1.355080 -5.000000
v -4.744268 0.791678 -5.000000
v -4.230153 2.289244 -5.000000
v -3.271452 1.355080 -5.000000
v 2.630749 -4.026661 -5.000000
v 1.355080 -3.271452 -5.000000
v 2.503861 -2.503861 -5.000000
v -3.540995 0.000000 -5.000000
v -4.809869 0.000000 -5.000000
v -3.257635 3.538735 -5.000000
v -2.503861 2.503861 -5.000000
v 2.630749 4.026661 -5.000000
v 3.795662 2.954283 -5.000000
v 2.503861 2.503861 -5.000000
v 3.795662 -2.954283 -5.000000
v 3.271452 -1.355080 -5.000000
v 1.180753 -4.662688 -5.000000
v -0.397196 -4.793441 -5.000000
v 0.000000 -3.540995 -5.000000
v -1.932102 -4.404750 -5.000000
v -1.355080 -3.271452 -5.000000
v -1.932102 4.404750 -5.000000
v -1.355080 3.271452 -5.000000
v -0.397196 4.793441 -5.000000
v 0.000000 3.540995 -5.000000
v 1.180753 4.662688 -5.000000
v 1.355080 3.271452 -5.000000
v 4.549257 1.561762 -5.000000
v 3.271452 1.355080 -5.000000
v 4.809869 0.000000 -5.000000
v 3.540995 0.000000 -5.000000
v 4.549257 -1.561762 -5.000000
v -3.257635 -3.538735 -5.000000
v -2.503861 -2.503861 -5.000000
v -4.230153 -2.289244 -5.000000
v -3.271452 -1.355080 -5.000000
v -4.744268 -0.791678 -5.000000
v 4.809869 0.000000 -2.000000
v 4.809869 0.000000 -5.000000
v 4.549257 1.561762 -5.000000
v 4.549257 1.561762 -2.000000
v 3.795662 2.954283 -5.000000
v 3.795662 2.954283 -2.000000
v 2.630749 4.026661 -5.000000
v 2.630749 4.026661 -2.000000
v 1.180753 4.662688 -5.000000
v 1.180753 4.662688 -2.000000
v -0.397196 4.793441 -5.000000
v -0.397196 4.793441 -2.000000
v -1.932102 4.404750 -5.000000
v -1.932102 4.404750 -2.000000
v -3.257635 3.538735 -5.000000
v -3.257635 3.538735 -2.000000
v -4.230153 2.289244 -5.000000
v -4.230153 2.289244 -2.000000
v -4.744268 0.791678 -5.000000
v -4.744268 -0.791678 -5.000000
v -4.744268 -0.791678 -2.000000
v -4.809869 0.000000 -2.000000
v -4.744268 0.791678 -2.000000
v -4.809869 0.000000 -5.000000
v -4.230153 -2.289244 -5.000000
v -4.230153 -2.289244 -2.000000
v -3.257635 -3.538735 -5.000000
v -3.257635 -3.538735 -2.000000
v -1.932102 -4.404750 -5.000000
v -1.932102 -4.404750 -2.000000
v -0.397196 -4.793441 -5.000000
v -0.397196 -4.793441 -2.000000
v 1.180753 -4.662688 -5.000000
v 1.180753 -4.662688 -2.000000
v 2.630749 -4.026661 -5.000000
v 2.630749 -4.026661 -2.000000
v 3.795662 -2.954283 -5.000000
v 3.795662 -2.954283 -2.000000
v 4.549257 -1.561762 -5.000000
v 4.549257 -1.561762 -2.000000
v 7.552987 4.122368 -2.000000
v 8.337656 2.127211 -2.000000
v 4.549257 1.561762 -2.000000
v 7.443461 4.574217 -2.000000
v 3.795662 2.954283 -2.000000
v 2.630749 4.026661 -2.000000
v 8.604739 0.000000 -2.000000
v 4.809869 0.000000 -2.000000
v 13.430736 1.365772 -2.000000
v 10.349226 1.037566 -2.000000
v 9.937280 3.071398 -2.000000
v 13.430736 -1.365772 -2.000000
v 10.349226 -1.037566 -2.000000
v 1.180753 4.662688 -2.000000
v 7.552987 -4.122368 -2.000000
v 3.795662 -2.954283 -2.000000
v 4.549257 -1.561762 -2.000000
v 12.880880 4.041402 -2.000000
v 9.129786 4.982974 -2.000000
v 12.880880 -4.041402 -2.000000
v 9.937280 -3.071398 -2.000000
v 11.803679 -6.551576 -2.000000
v 9.129786 -4.982974 -2.000000
v 8.337656 -2.127211 -2.000000
v 7.443461 -4.574217 -2.000000
v -7.574533 -5.020293 -2.000000
v -0.397196 -4.793441 -2.000000
v -12.405930 5.323804 -2.000000
v -9.129786 4.982974 -2.000000
v -9.937280 3.071398 -2.000000
v -3.257635 -3.538735 -2.000000
v -7.443461 -4.574217 -2.000000
v -7.552987 -4.122368 -2.000000
v 2.630749 -4.026661 -2.000000
v 11.803679 6.551576 -2.000000
v 8.809009 5.319524 -2.000000
v -13.223654 2.717530 -2.000000
v -10.349226 1.037566 -2.000000
v -7.141014 11.456697 -2.000000
v -7.911083 5.341070 -2.000000
v -8.362933 5.450596 -2.000000
v -4.230153 -2.289244 -2.000000
v -8.337656 -2.127211 -2.000000
v -4.744268 -0.791678 -2.000000
v -8.604739 0.000000 -2.000000
v -4.809869 0.000000 -2.000000
v 1.180753 -4.662688 -2.000000
v 7.574533 5.020293 -2.000000
v -0.397196 4.793441 -2.000000
v -8.337656 2.127211 -2.000000
v -4.744268 0.791678 -2.000000
v -7.552987 4.122368 -2.000000
v -4.230153 2.289244 -2.000000
v -3.257635 3.538735 -2.000000
v 0.683764 13.482673 -2.000000
v 3.383809 13.069041 -2.000000
v 10.243235 -8.793529 -2.000000
v 8.809009 -5.319524 -2.000000
v -11.080306 7.712121 -2.000000
v -9.301053 9.784703 -2.000000
v -8.809009 5.319524 -2.000000
v -1.932102 -4.404750 -2.000000
v -7.574533 5.020293 -2.000000
v -7.443461 4.574217 -2.000000
v -1.932102 4.404750 -2.000000
v -2.044275 13.344322 -2.000000
v 7.911083 5.341070 -2.000000
v 5.945321 12.120361 -2.000000
v 8.263431 10.675472 -2.000000
v 8.362933 -5.450596 -2.000000
v 7.911083 -5.341070 -2.000000
v 8.263431 -10.675472 -2.000000
v 7.574533 -5.020293 -2.000000
v 3.383809 -13.069041 -2.000000
v -12.405930 -5.323804 -2.000000
v -13.223654 -2.717530 -2.000000
v -9.937280 -3.071398 -2.000000
v -13.500000 0.000000 -2.000000
v -10.349226 -1.037566 -2.000000
v -4.688621 12.659654 -2.000000
v 5.945321 -12.120361 -2.000000
v 0.683764 -13.482673 -2.000000
v -8.362933 -5.450596 -2.000000
v -7.141014 -11.456697 -2.000000
v -4.688621 -12.659654 -2.000000
v -9.129786 -4.982974 -2.000000
v -11.080306 -7.712121 -2.000000
v 8.362933 5.450596 -2.000000
v 10.243235 8.793529 -2.000000
v -2.044275 -13.344322 -2.000000
v -9.301053 -9.784703 -2.000000
v -8.809009 -5.319524 -2.000000
v -7.911083 -5.341070 -2.000000
v 7.443461 -4.574217 -2.000000
v 7.552987 -4.122368 -2.000000
v 7.552987 -4.122368 0.000000
v 7.574533 -5.020293 -2.000000
v 7.443461 -4.574217 0.000000
v 7.911083 -5.341070 -2.000000
v 7.574533 -5.020293 0.000000
v 8.362933 -5.450596 -2.000000
v 7.911083 -5.341070 0.000000
v 8.809009 -5.319524 -2.000000
v 8.362933 -5.450596 0.000000
v 9.129786 -4.982974 -2.000000
v 8.809009 -5.319524 0.000000
v 9.129786 -4.982974 0.000000
v 9.937280 -3.071398 -2.000000
v 9.129786 -4.982974 -2.000000
v 9.129786 -4.982974 0.000000
v 10.349226 -1.037566 -2.000000
v 9.937280 -3.071398 0.000000
v 10.349226 1.037566 -2.000000
v 10.349226 -1.037566 0.000000
v 9.937280 3.071398 -2.000000
v 10.349226 1.037566 0.000000
v 9.129786 4.982974 -2.000000
v 9.937280 3.071398 0.000000
v 9.129786 4.982974 0.000000
v 8.809009 5.319524 -2.000000
v 9.129786 4.982974 -2.000000
v 9.129786 4.982974 0.000000
v 8.362933 5.450596 -2.000000
v 8.809009 5.319524 0.000000
v 7.911083 5.341070 -2.000000
v 8.362933 5.450596 0.000000
v 7.574533 5.020293 -2.000000
v 7.911083 5.341070 0.000000
v 7.443461 4.574217 -2.000000
v 7.574533 5.020293 0.000000
v 7.552987 4.122368 -2.000000
v 7.443461 4.574217 0.000000
v 7.552987 4.122368 0.000000
v 7.552987 4.122368 -2.000000
v 7.552987 4.122368 0.000000
v 8.337656 2.127211 0.000000
v 8.337656 2.127211 -2.000000
v 8.604739 0.000000 0.000000
v 8.604739 0.000000 -2.000000
v 8.337656 -2.127211 0.000000
v 8.337656 -2.127211 -2.000000
v 7.552987 -4.122368 0.000000
v 7.552987 -4.122368 -2.000000
v -8.809009 -5.319524 -2.000000
v -9.129786 -4.982974 -2.000000
v -9.129786 -4.982974 0.000000
v -8.362933 -5.450596 -2.000000
v -8.809009 -5.319524 0.000000
v -7.911083 -5.341070 -2.000000
v -8.362933 -5.450596 0.000000
v -7.574533 -5.020293 -2.000000
v -7.911083 -5.341070 0.000000
v -7.443461 -4.574217 -2.000000
v -7.574533 -5.020293 0.000000
v -7.552987 -4.122368 -2.000000
v -7.443461 -4.574217 0.000000
v -7.552987 -4.122368 0.000000
v -7.552987 -4.122368 -2.000000
v -7.552987 -4.122368 0.000000
v -8.337656 -2.127211 0.000000
v -8.337656 -2.127211 -2.000000
v -8.604739 0.000000 0.000000
v -8.604739 0.000000 -2.000000
v -8.337656 2.127211 0.000000
v -8.337656 2.127211 -2.000000
v -7.552987 4.122368 0.000000
v -7.552987 4.122368 -2.000000
v -7.443461 4.574217 -2.000000
v -7.552987 4.122368 -2.000000
v -7.552987 4.122368 0.000000
v -7.574533 5.020293 -2.000000
v -7.443461 4.574217 0.000000
v -7.911083 5.341070 -2.000000
v -7.574533 5.020293 0.000000
v -8.362933 5.450596 -2.000000
v -7.911083 5.341070 0.000000
v -8.809009 5.319524 -2.000000
v -8.362933 5.450596 0.000000
v -9.129786 4.982974 -2.000000
v -8.809009 5.319524 0.000000
v -9.129786 4.982974 0.000000
v -9.937280 3.071398 -2.000000
v -9.129786 4.982974 -2.000000
v -9.129786 4.982974 0.000000
v -10.349226 1.037566 -2.000000
v -9.937280 3.071398 0.000000
v -10.349226 -1.037566 -2.000000
v -10.349226 1.037566 0.000000
v -9.937280 -3.071398 -2.000000
v -10.349226 -1.037566 0.000000
v -9.129786 -4.982974 -2.000000
v -9.937280 -3.071398 0.000000
v -9.129786 -4.982974 0.000000
v -16.500000 0.000000 0.000000
v -16.219056 -3.031867 0.000000
v -10.349226 -1.037566 0.000000
v -16.219056 3.031867 0.000000
v -10.349226 1.037566 0.000000
v -9.937280 3.071398 0.000000
v -15.385792 -5.960487 0.000000
v -9.937280 -3.071398 0.000000
v -15.385792 5.960487 0.000000
v -9.129786 4.982974 0.000000
v -7.911083 5.341070 0.000000
v 7.552987 -4.122368 0.000000
v 8.337656 -2.127211 0.000000
v -14.028583 -8.686131 0.000000
v -9.129786 -4.982974 0.000000
v 8.604739 0.000000 0.000000
v -14.028583 8.686131 0.000000
v -8.809009 5.319524 0.000000
v 8.337656 2.127211 0.000000
v -12.193647 -11.115978 0.000000
v -8.809009 -5.319524 0.000000
v -9.943472 -13.167284 0.000000
v -8.362933 -5.450596 0.000000
v 7.911083 -5.341070 0.000000
v -8.337656 2.127211 0.000000
v -8.604739 0.000000 0.000000
v 7.443461 4.574217 0.000000
v 7.574533 5.020293 0.000000
v 7.443461 -4.574217 0.000000
v -7.911083 -5.341070 0.000000
v -7.354683 -14.770194 0.000000
v -7.574533 -5.020293 0.000000
v -1.522428 -16.429614 0.000000
v 15.385792 -5.960487 0.000000
v 9.937280 -3.071398 0.000000
v 9.129786 -4.982974 0.000000
v 16.219056 -3.031867 0.000000
v 10.349226 -1.037566 0.000000
v 16.500000 0.000000 0.000000
v 16.219056 3.031867 0.000000
v 10.349226 1.037566 0.000000
v -7.552987 4.122368 0.000000
v 15.385792 5.960487 0.000000
v 9.937280 3.071398 0.000000
v 14.028583 8.686131 0.000000
v 9.129786 4.982974 0.000000
v -7.354683 14.770194 0.000000
v -8.362933 5.450596 0.000000
v 7.552987 4.122368 0.000000
v -9.943472 13.167284 0.000000
v -12.193647 11.115978 0.000000
v -4.515439 -15.870123 0.000000
v 1.522428 -16.429614 0.000000
v 8.362933 -5.450596 0.000000
v -7.443461 -4.574217 0.000000
v -8.337656 -2.127211 0.000000
v 12.193647 11.115978 0.000000
v 8.809009 5.319524 0.000000
v 9.943472 13.167284 0.000000
v 8.362933 5.450596 0.000000
v 7.911083 5.341070 0.000000
v 7.354683 14.770194 0.000000
v -1.522428 16.429614 0.000000
v -4.515439 15.870123 0.000000
v 1.522428 16.429614 0.000000
v 4.515439 -15.870123 0.000000
v 7.354683 -14.770194 0.000000
v 9.943472 -13.167284 0.000000
v 12.193647 -11.115978 0.000000
v 8.809009 -5.319524 0.000000
v 14.028583 -8.686131 0.000000
v -7.552987 -4.122368 0.000000
v 4.515439 15.870123 0.000000
v -7.443461 4.574217 0.000000
v 7.574533 -5.020293 0.000000
v -7.574533 5.020293 0.000000
v -13.500000 0.000000 -2.000000
v -13.500000 0.000000 -1.000000
v -13.223654 2.717530 -1.000000
v -13.223654 2.717530 -2.000000
v -12.405930 5.323804 -1.000000
v -12.405930 5.323804 -2.000000
v -11.080306 7.712121 -1.000000
v -11.080306 7.712121 -2.000000
v -9.301053 9.784703 -1.000000
v -9.301053 9.784703 -2.000000
v -7.141014 11.456697 -1.000000
v -7.141014 11.456697 -2.000000
v -4.688621 12.659654 -1.000000
v -4.688621 12.659654 -2.000000
v -2.044275 13.344322 -1.000000
v -2.044275 13.344322 -2.000000
v 0.683764 13.482673 -1.000000
v 0.683764 13.482673 -2.000000
v 3.383809 13.069041 -1.000000
v 3.383809 13.069041 -2.000000
v 5.945321 12.120361 -1.000000
v 5.945321 12.120361 -2.000000
v 8.263431 10.675472 -1.000000
v 8.263431 10.675472 -2.000000
v 10.243235 8.793529 -1.000000
v 10.243235 8.793529 -2.000000
v 11.803679 6.551576 -1.000000
v 11.803679 6.551576 -2.000000
v 12.880880 4.041402 -1.000000
v 12.880880 4.041402 -2.000000
v 13.430736 1.365772 -1.000000
v 13.430736 1.365772 -2.000000
v 13.430736 -1.365772 -1.000000
v 13.430736 -1.365772 -2.000000
v 12.880880 -4.041402 -1.000000
v 12.880880 -4.041402 -2.000000
v 11.803679 -6.551576 -1.000000
v 11.803679 -6.551576 -2.000000
v 10.243235 -8.793529 -1.000000
v 10.243235 -8.793529 -2.000000
v 8.263431 -10.675472 -1.000000
v 8.263431 -10.675472 -2.000000
v 5.945321 -12.120361 -1.000000
v 5.945321 -12.120361 -2.000000
v 3.383809 -13.069041 -1.000000
v 3.383809 -13.069041 -2.000000
v 0.683764 -13.482673 -1.000000
v 0.683764 -13.482673 -2.000000
v -2.044275 -13.344322 -1.000000
v -2.044275 -13.344322 -2.000000
v -4.688621 -12.659654 -1.000000
v -4.688621 -12.659654 -2.000000
v -7.141014 -11.456697 -1.000000
v -7.141014 -11.456697 -2.000000
v -9.301053 -9.784703 -1.000000
v -9.301053 -9.784703 -2.000000
v -11.080306 -7.712121 -1.000000
v -11.080306 -7.712121 -2.000000
v -12.405930 -5.323804 -1.000000
v -12.405930 -5.323804 -2.000000
v -13.223654 -2.717530 -1.000000
v -13.223654 -2.717530 -2.000000
v -14.980018 1.255347 -1.000000
v -10.911072 13.682051 -1.000000
v -12.405930 5.323804 -1.000000
v 3.894116 17.061238 -1.000000
v 3.383809 13.069041 -1.000000
v 0.683764 13.482673 -1.000000
v 6.877938 16.091736 -1.000000
v 5.945321 12.120361 -1.000000
v -11.080306 7.712121 -1.000000
v 9.640697 14.605032 -1.000000
v 8.263431 10.675472 -1.000000
v -14.539199 0.960801 -1.000000
v -14.820611 1.176736 -1.000000
v -8.292702 15.410422 -1.000000
v -5.407797 16.643489 -1.000000
v -4.688621 12.659654 -1.000000
v -2.349082 17.341621 -1.000000
v -2.044275 13.344322 -1.000000
v 12.093596 12.648910 -1.000000
v 10.243235 8.793529 -1.000000
v 15.197496 1.324677 -1.000000
v 12.880880 4.041402 -1.000000
v 12.093596 -12.648910 -1.000000
v 9.640697 -14.605032 -1.000000
v 8.263431 -10.675472 -1.000000
v 6.877938 -16.091736 -1.000000
v 5.945321 -12.120361 -1.000000
v 3.894116 -17.061238 -1.000000
v 3.383809 -13.069041 -1.000000
v 0.785135 -17.482379 -1.000000
v 0.683764 -13.482673 -1.000000
v -9.301053 9.784703 -1.000000
v -7.141014 11.456697 -1.000000
v 0.785135 17.482379 -1.000000
v 11.803679 6.551576 -1.000000
v -2.349082 -17.341621 -1.000000
v -2.044275 -13.344322 -1.000000
v -5.407797 -16.643489 -1.000000
v -4.688621 -12.659654 -1.000000
v 14.820611 1.176736 -1.000000
v 15.010342 -1.267483 -1.000000
v 11.803679 -6.551576 -1.000000
v -8.292702 -15.410422 -1.000000
v -7.141014 -11.456697 -1.000000
v -10.911072 -13.682051 -1.000000
v -9.301053 -9.784703 -1.000000
v -15.500000 1.358778 -1.000000
v -15.022854 8.975737 -1.000000
v 13.430736 1.365772 -1.000000
v 10.243235 -8.793529 -1.000000
v -12.405930 -5.323804 -1.000000
v -11.080306 -7.712121 -1.000000
v -14.980018 -1.255347 -1.000000
v -13.223654 -2.717530 -1.000000
v -14.820611 -1.176736 -1.000000
v -14.539199 -0.960801 -1.000000
v -13.178751 11.513928 -1.000000
v 14.157797 10.286242 -1.000000
v 15.766955 7.592965 -1.000000
v 14.606857 -1.023999 -1.000000
v 14.820611 -1.176736 -1.000000
v -14.244653 0.519982 -1.000000
v -14.323264 0.679389 -1.000000
v 15.500000 1.358778 -1.000000
v 16.869350 4.655645 -1.000000
v -13.500000 0.000000 -1.000000
v 15.693396 1.344945 -1.000000
v 16.869350 -4.655645 -1.000000
v 16.179389 -1.176736 -1.000000
v 16.338772 -1.068990 -1.000000
v 12.880880 -4.041402 -1.000000
v -13.178751 -11.513928 -1.000000
v -15.022854 -8.975737 -1.000000
v 14.412977 0.815267 -1.000000
v 14.323264 0.679389 -1.000000
v 17.429550 1.568688 -1.000000
v 16.741893 0.551344 -1.000000
v 16.676736 0.679389 -1.000000
v 15.918342 -1.292775 -1.000000
v 15.500000 -1.358778 -1.000000
v 15.766955 -7.592965 -1.000000
v 14.323264 -0.679389 -1.000000
v 14.210346 0.427867 -1.000000
v 16.179389 1.176736 -1.000000
v 16.516883 0.901237 -1.000000
v 16.858778 0.000000 -1.000000
v 17.429550 -1.568688 -1.000000
v 16.835915 -0.248212 -1.000000
v 14.157797 -10.286242 -1.000000
v -15.500000 -1.358778 -1.000000
v -17.218768 -3.124746 -1.000000
v -17.500000 0.000000 -1.000000
v -16.755347 -0.519982 -1.000000
v -16.019982 1.255347 -1.000000
v -17.218768 3.124746 -1.000000
v -14.141222 0.000000 -1.000000
v 16.676736 -0.679389 -1.000000
v 13.430736 -1.365772 -1.000000
v 14.141222 0.000000 -1.000000
v -16.676736 -0.679389 -1.000000
v -16.676736 0.679389 -1.000000
v -16.755347 0.519982 -1.000000
v -16.179389 1.176736 -1.000000
v -16.384110 6.149059 -1.000000
v 14.154241 -0.187649 -1.000000
v -16.384110 -6.149059 -1.000000
v -16.460801 -0.960801 -1.000000
v -16.179389 -1.176736 -1.000000
v -16.858778 0.000000 -1.000000
v -16.460801 0.960801 -1.000000
v -16.019982 -1.255347 -1.000000
v -14.244653 -0.519982 -1.000000
v -13.223654 2.717530 -1.000000
v -14.323264 -0.679389 -1.000000
v -17.218768 -3.124746 -2.000000
v -17.500000 0.000000 -2.000000
v -17.500000 0.000000 -1.000000
v -16.384110 -6.149059 -2.000000
v -17.218768 -3.124746 -1.000000
v -15.022854 -8.975737 -2.000000
v -16.384110 -6.149059 -1.000000
v -13.178751 -11.513928 -2.000000
v -15.022854 -8.975737 -1.000000
v -10.911072 -13.682051 -2.000000
v -13.178751 -11.513928 -1.000000
v -8.292702 -15.410422 -2.000000
v -10.911072 -13.682051 -1.000000
v -5.407797 -16.643489 -2.000000
v -8.292702 -15.410422 -1.000000
v -2.349082 -17.341621 -2.000000
v -5.407797 -16.643489 -1.000000
v 0.785135 -17.482379 -2.000000
v -2.349082 -17.341621 -1.000000
v 3.894116 -17.061238 -2.000000
v 0.785135 -17.482379 -1.000000
v 6.877938 -16.091736 -2.000000
v 3.894116 -17.061238 -1.000000
v 9.640697 -14.605032 -2.000000
v 6.877938 -16.091736 -1.000000
v 12.093596 -12.648910 -2.000000
v 9.640697 -14.605032 -1.000000
v 14.157797 -10.286242 -2.000000
v 12.093596 -12.648910 -1.000000
v 15.766955 -7.592965 -2.000000
v 14.157797 -10.286242 -1.000000
v 16.869350 -4.655645 -2.000000
v 15.766955 -7.592965 -1.000000
v 17.429550 -1.568688 -2.000000
v 16.869350 -4.655645 -1.000000
v 17.429550 1.568688 -2.000000
v 17.429550 -1.568688 -1.000000
v 16.869350 4.655645 -2.000000
v 17.429550 1.568688 -1.000000
v 15.766955 7.592965 -2.000000
v 16.869350 4.655645 -1.000000
v 14.157797 10.286242 -2.000000
v 15.766955 7.592965 -1.000000
v 12.093596 12.648910 -2.000000
v 14.157797 10.286242 -1.000000
v 9.640697 14.605032 -2.000000
v 12.093596 12.648910 -1.000000
v 6.877938 16.091736 -2.000000
v 9.640697 14.605032 -1.000000
v 3.894116 17.061238 -2.000000
v 6.877938 16.091736 -1.000000
v 0.785135 17.482379 -2.000000
v 3.894116 17.061238 -1.000000
v -2.349082 17.341621 -2.000000
v 0.785135 17.482379 -1.000000
v -5.407797 16.643489 -2.000000
v -2.349082 17.341621 -1.000000
v -8.292702 15.410422 -2.000000
v -5.407797 16.643489 -1.000000
v -10.911072 13.682051 -2.000000
v -8.292702 15.410422 -1.000000
v -13.178751 11.513928 -2.000000
v -10.911072 13.682051 -1.000000
v -15.022854 8.975737 -2.000000
v -13.178751 11.513928 -1.000000
v -16.384110 6.149059 -2.000000
v -15.022854 8.975737 -1.000000
v -17.218768 3.124746 -2.000000
v -16.384110 6.149059 -1.000000
v -17.218768 3.124746 -1.000000
v -11.891571 14.171822 -2.000000
v -10.911072 13.682051 -2.000000
v -13.178751 11.513928 -2.000000
v -9.250000 16.021470 -2.000000
v -8.292702 15.410422 -2.000000
v -14.171822 11.891571 -2.000000
v -15.022854 8.975737 -2.000000
v -17.384313 6.327373 -2.000000
v -16.384110 6.149059 -2.000000
v -17.218768 3.124746 -2.000000
v -16.021470 9.250000 -2.000000
v -6.327373 17.384313 -2.000000
v -5.407797 16.643489 -2.000000
v -18.218943 3.212491 -2.000000
v -17.500000 0.000000 -2.000000
v -3.212491 18.218943 -2.000000
v -2.349082 17.341621 -2.000000
v 17.384313 6.327373 -2.000000
v 16.869350 4.655645 -2.000000
v 15.766955 7.592965 -2.000000
v 18.218943 3.212491 -2.000000
v 17.429550 1.568688 -2.000000
v 18.500000 0.000000 -2.000000
v 18.218943 -3.212491 -2.000000
v 17.429550 -1.568688 -2.000000
v 0.000000 18.500000 -2.000000
v 0.785135 17.482379 -2.000000
v 3.212491 18.218943 -2.000000
v 3.894116 17.061238 -2.000000
v 6.327373 17.384313 -2.000000
v 6.877938 16.091736 -2.000000
v 9.250000 16.021470 -2.000000
v 9.640697 14.605032 -2.000000
v 11.891571 14.171822 -2.000000
v 12.093596 12.648910 -2.000000
v 14.171822 11.891571 -2.000000
v 14.157797 10.286242 -2.000000
v 16.021470 9.250000 -2.000000
v 17.384313 -6.327373 -2.000000
v 16.869350 -4.655645 -2.000000
v 11.891571 -14.171822 -2.000000
v 9.250000 -16.021470 -2.000000
v 9.640697 -14.605032 -2.000000
v 6.327373 -17.384313 -2.000000
v 6.877938 -16.091736 -2.000000
v 16.021470 -9.250000 -2.000000
v 15.766955 -7.592965 -2.000000
v 14.171822 -11.891571 -2.000000
v 14.157797 -10.286242 -2.000000
v 12.093596 -12.648910 -2.000000
v 3.212491 -18.218943 -2.000000
v 3.894116 -17.061238 -2.000000
v -9.250000 -16.021470 -2.000000
v -11.891571 -14.171822 -2.000000
v -10.911072 -13.682051 -2.000000
v -14.171822 -11.891571 -2.000000
v -13.178751 -11.513928 -2.000000
v 0.000000 -18.500000 -2.000000
v 0.785135 -17.482379 -2.000000
v -3.212491 -18.218943 -2.000000
v -2.349082 -17.341621 -2.000000
v -6.327373 -17.384313 -2.000000
v -8.292702 -15.410422 -2.000000
v -5.407797 -16.643489 -2.000000
v -16.021470 -9.250000 -2.000000
v -17.384313 -6.327373 -2.000000
v -16.384110 -6.149059 -2.000000
v -18.218943 -3.212491 -2.000000
v -17.218768 -3.124746 -2.000000
v -15.022854 -8.975737 -2.000000
v -18.500000 0.000000 -2.000000
v -17.383932 -0.237202 -2.223157
v -17.281525 0.282764 -2.209314
v -17.681940 0.077829 -3.377062
v -16.988434 0.723642 -2.183022
v -17.393107 0.518550 -3.321245
v -16.549281 1.018312 -2.148285
v -16.959076 0.813105 -3.247549
v -16.030923 1.121913 -2.110392
v -16.445923 0.916651 -3.167194
v -15.512275 1.018673 -2.075110
v -15.931770 0.813424 -3.092412
v -15.072296 0.724310 -2.047812
v -15.494894 0.519139 -3.034590
v -14.777969 0.283637 -2.032653
v -15.201804 0.078598 -3.002528
v -14.674103 -0.236257 -2.031941
v -14.776511 -0.756224 -2.045785
v -15.196782 -0.960920 -3.030550
v -15.097121 -0.441129 -3.001110
v -15.069602 -1.197101 -2.072077
v -15.485614 -1.401641 -3.086367
v -15.508754 -1.491771 -2.106813
v -15.919646 -1.696196 -3.160063
v -16.027113 -1.595373 -2.144707
v -16.432799 -1.799742 -3.240418
v -16.545761 -1.492133 -2.179989
v -16.946951 -1.696515 -3.315199
v -16.985740 -1.197769 -2.207287
v -17.383828 -1.402230 -3.373022
v -17.280067 -0.757096 -2.222446
v -17.676917 -0.961690 -3.405083
v -17.361596 -0.481004 -2.224684
v -17.781600 -0.441962 -3.406502
v -18.053395 -0.614088 -4.537458
v -17.958268 -0.094697 -4.491327
v -18.119231 -0.238638 -5.564323
v -17.676751 0.345504 -4.403933
v -17.848457 0.200529 -5.443816
v -17.251704 0.639498 -4.288582
v -17.436801 0.493306 -5.284760
v -16.747836 0.742527 -4.162834
v -16.946935 0.595120 -5.111370
v -16.241856 0.638906 -4.045834
v -16.453436 0.490472 -4.950042
v -15.810794 0.344409 -3.955394
v -16.031435 0.195291 -4.825338
v -15.520278 -0.096127 -3.905282
v -15.745178 -0.245481 -4.756242
v -15.414533 -0.615637 -3.903127
v -15.509661 -1.135028 -3.949258
v -15.726914 -1.283441 -4.816885
v -15.638244 -0.764743 -4.753273
v -15.791177 -1.575229 -4.036652
v -15.997688 -1.722608 -4.937392
v -16.216224 -1.869223 -4.152003
v -16.409343 -2.015385 -5.096448
v -16.720093 -1.972252 -4.277751
v -16.899209 -2.117199 -5.269838
v -17.226073 -1.868630 -4.394751
v -17.392708 -2.012550 -5.431166
v -17.657134 -1.574134 -4.485191
v -17.814709 -1.717370 -5.555870
v -17.947651 -1.133598 -4.535303
v -18.100967 -1.276597 -5.624966
v -18.029487 -0.857685 -4.542620
v -18.207900 -0.757336 -5.627934
v -18.249219 -0.870325 -6.649064
v -18.168788 -0.352649 -6.568130
v -18.116408 -0.442422 -7.532362
v -17.912073 0.084876 -6.414712
v -17.877627 -0.007307 -7.346090
v -17.518156 0.375640 -6.212165
v -17.506570 0.280433 -7.100048
v -17.047008 0.475378 -5.991325
v -17.059727 0.376992 -6.831692
v -16.570356 0.368905 -5.785813
v -16.605125 0.267670 -6.581877
v -16.160767 0.072431 -5.626917
v -16.211974 -0.030890 -6.388636
v -15.880597 -0.368909 -5.538827
v -15.940128 -0.473235 -6.281387
v -15.772499 -0.887925 -5.534954
v -15.852930 -1.405601 -5.615887
v -15.901125 -1.508270 -6.374601
v -15.830972 -0.992022 -6.276459
v -16.109645 -1.843126 -5.769306
v -16.139906 -1.943385 -6.560872
v -16.503562 -2.133891 -5.971853
v -16.510963 -2.231125 -6.806915
v -16.974710 -2.233629 -6.192693
v -16.957806 -2.327684 -7.075271
v -17.451362 -2.127156 -6.398204
v -17.412408 -2.218362 -7.325086
v -17.860951 -1.830681 -6.557100
v -17.805559 -1.919802 -7.518327
v -18.141121 -1.389341 -6.645191
v -18.077405 -1.477457 -7.625576
v -18.222630 -1.113534 -6.658089
v -18.186561 -0.958670 -7.630504
v -18.024130 -1.023588 -8.569164
v -17.966310 -0.509226 -8.454435
v -17.725591 -0.554923 -9.333111
v -17.749499 -0.077410 -8.236284
v -17.533695 -0.127291 -9.085540
v -17.406705 0.206119 -7.947923
v -17.223315 0.150810 -8.758060
v -16.990114 0.298197 -7.633252
v -16.841704 0.237042 -8.400527
v -16.563149 0.184806 -7.340177
v -16.446958 0.118276 -8.067371
v -16.190811 -0.116791 -7.113315
v -16.099174 -0.187406 -7.809313
v -15.929786 -0.560679 -6.987205
v -15.851298 -0.633467 -7.665640
v -15.819812 -1.079280 -6.981046
v -15.877632 -1.593642 -7.095775
v -15.785266 -1.664059 -7.788196
v -15.741068 -1.151999 -7.658225
v -16.094443 -2.025457 -7.313926
v -15.977161 -2.091691 -8.035767
v -16.437238 -2.308987 -7.602287
v -16.287541 -2.369792 -8.363247
v -16.853829 -2.401065 -7.916959
v -16.669153 -2.456023 -8.720780
v -17.280794 -2.287674 -8.210034
v -17.063899 -2.337257 -9.053936
v -17.653131 -1.986077 -8.436895
v -17.411683 -2.031575 -9.311994
v -17.914156 -1.542189 -8.563005
v -17.659558 -1.585514 -9.455667
v -17.994011 -1.266232 -8.581730
v -17.769788 -1.066983 -9.463082
v -17.438568 -1.090631 -10.298038
v -17.408142 -0.581166 -10.154587
v -17.018622 -0.590669 -10.932272
v -17.242241 -0.158429 -9.881124
v -16.878892 -0.173519 -10.636400
v -16.966125 0.113220 -9.519282
v -16.637813 0.090660 -10.245031
v -16.621827 0.192426 -9.124148
v -16.332089 0.161647 -9.817746
v -16.261766 0.067131 -8.755877
v -16.008263 0.028637 -9.419595
v -15.940756 -0.243591 -8.470536
v -15.715634 -0.288122 -9.111194
v -15.498753 -0.740406 -8.939493
v -15.407748 -1.765974 -9.085963
v -15.390638 -1.259358 -8.930634
v -15.794317 -2.143269 -8.720079
v -16.070434 -2.414919 -9.081921
v -15.788556 -2.447303 -9.773204
v -15.547478 -2.183124 -9.381835
v -16.414731 -2.494125 -9.477055
v -16.094280 -2.518290 -10.200489
v -16.774793 -2.368829 -9.845325
v -16.418107 -2.385280 -10.598640
v -17.095802 -2.058108 -10.130667
v -16.710735 -2.068521 -10.907041
v -17.328889 -1.609264 -10.289638
v -16.927616 -1.616237 -11.078742
v -17.035732 -1.097284 -11.087601
v -16.553533 -1.088445 -11.856330
v -16.548850 -0.584958 -11.690288
v -16.018231 -0.565237 -12.404524
v -16.434954 -0.174194 -11.375020
v -15.927921 -0.161542 -12.072904
v -16.229183 0.081312 -10.958522
v -15.755305 0.084248 -11.635994
v -15.962864 0.142661 -10.504203
v -15.526662 0.134714 -11.160311
v -15.676543 0.000513 -10.081227
v -15.276800 -0.017828 -10.718273
v -15.413808 -0.323490 -9.753991
v -15.043760 -0.350153 -10.377176
v -15.214659 -0.780023 -9.572311
v -14.863019 -0.811669 -10.188949
v -14.762094 -1.332114 -10.182248
v -14.756349 -1.832255 -10.358094
v -14.846659 -2.235950 -10.689714
v -15.019275 -2.481740 -11.126624
v -15.247919 -2.532206 -11.602307
v -15.986405 -2.388540 -11.338951
v -16.249140 -2.064537 -11.666187
v -15.730820 -2.047339 -12.385442
v -15.497780 -2.379665 -12.044345
v -16.448289 -1.608004 -11.847867
v -15.911561 -1.585823 -12.573669
v -16.012486 -1.065378 -12.580370
v -14.749348 -0.486056 -13.761512
v -15.395411 -1.027862 -13.289497
v -14.730592 -0.978117 -13.958123
v -15.340282 -0.136096 -12.757288
v -15.198859 0.098268 -12.303246
v -14.583063 0.121407 -12.933799
v -15.006564 0.135871 -11.810611
v -14.423339 0.144328 -12.428708
v -14.792671 -0.029010 -11.354382
v -14.242685 -0.034682 -11.963441
v -14.068606 -0.388369 -11.608829
v -13.927602 -0.862888 -11.418859
v -13.822386 -1.878060 -11.619064
v -13.841141 -1.385998 -11.422453
v -13.874191 -2.264161 -11.978758
v -13.988670 -2.485523 -12.446777
v -14.148395 -2.508443 -12.951867
v -14.329048 -2.329433 -13.417135
v -14.503128 -1.975746 -13.771747
v -15.300725 -1.549501 -13.286640
v -14.644131 -1.501227 -13.961717
v -13.964829 -0.910663 -14.639419
v -13.984640 -0.424322 -14.429014
v -13.171212 -0.349256 -15.052404
v -13.946461 -0.050451 -14.054898
v -13.141104 0.008464 -14.662245
v -13.856104 0.154031 -13.574027
v -13.069706 0.191233 -14.169708
v -13.727325 0.157995 -13.059609
v -12.967886 0.171226 -13.649776
v -13.579729 -0.039164 -12.589959
v -12.851147 -0.048511 -13.181605
v -13.435787 -0.407430 -12.236578
v -12.737261 -0.434526 -12.836469
v -12.643566 -0.928050 -12.666912
v -12.584325 -1.453949 -12.698748
v -12.568559 -1.932161 -12.927130
v -12.598667 -2.289881 -13.317289
v -12.670066 -2.472650 -13.809826
v -12.771885 -2.452643 -14.329758
v -12.888624 -2.232906 -14.797929
v -13.002511 -1.846892 -15.143065
v -13.890043 -1.435433 -14.654080
v -13.155446 -0.827468 -15.280786
v -13.133224 -1.067980 -15.320840
v -11.422360 -0.222882 -16.235460
v -12.295608 -0.732514 -15.895461
v -11.413851 -0.685764 -16.493813
v -11.404720 0.107026 -15.820818
v -11.363616 0.253735 -15.313012
v -11.305307 0.194910 -14.789353
v -11.238669 -0.060494 -14.329561
v -11.173847 -0.473594 -14.003637
v -11.903577 -0.976530 -13.270651
v -11.120710 -0.981499 -13.861198
v -11.863084 -1.502234 -13.325605
v -11.855516 -1.969348 -13.576178
v -11.078839 -1.969767 -14.182285
v -11.087348 -1.506885 -13.923931
v -11.882023 -2.306756 -13.984222
v -11.096479 -2.299675 -14.596927
v -11.938572 -2.463091 -14.487616
v -11.137583 -2.446384 -15.104732
v -12.016551 -2.414553 -15.009724
v -11.195892 -2.387559 -15.628391
v -12.104091 -2.168532 -15.471058
v -11.262530 -2.132155 -16.088183
v -12.187864 -1.762481 -15.801385
v -11.327352 -1.719055 -16.414107
v -12.255116 -1.258218 -15.950415
v -11.380489 -1.211150 -16.556546
v -12.280829 -0.971540 -15.946238
v -8.726499 -0.214776 -17.926600
v -10.075856 -0.671554 -17.353356
v -8.711540 -0.681758 -18.177409
v -8.728861 0.121131 -17.516225
v -8.718267 0.274826 -17.008762
v -8.696330 0.222909 -16.481466
v -8.666390 -0.026716 -16.014613
v -8.633005 -0.436045 -15.679279
v -8.601257 -0.942762 -15.526513
v -8.561021 -1.936706 -15.830384
v -8.575979 -1.469724 -15.579575
v -8.558659 -2.272614 -16.240759
v -8.569253 -2.426308 -16.748222
v -8.591190 -2.374391 -17.275518
v -8.621130 -2.124767 -17.742371
v -8.654515 -1.715437 -18.077705
v -10.044708 -1.197592 -17.411630
v -8.686263 -1.208720 -18.230470
v -5.105370 -0.428948 -20.053999
v -5.120730 -0.905288 -20.286257
v -6.888315 -0.751200 -19.242224
v -5.086421 -0.077885 -19.657167
v -6.893938 -0.279866 -18.999250
v -5.066766 0.094454 -19.156176
v -6.892721 0.062772 -18.594438
v -5.049399 0.061833 -18.627296
v -6.884849 0.224551 -18.089417
v -6.871519 0.180840 -17.561071
v -6.854763 -0.061705 -17.089837
v -5.036963 -0.170783 -18.151046
v -6.837129 -0.466159 -16.747456
v -5.031351 -0.567979 -17.799929
v -6.821304 -0.970948 -16.586051
v -5.033418 -1.069286 -17.627400
v -6.809696 -1.499222 -16.630197
v -5.042850 -1.598384 -17.659725
v -6.804073 -1.970556 -16.873171
v -5.058209 -2.074724 -17.891984
v -6.805290 -2.313195 -17.277983
v -5.077159 -2.425787 -18.288815
v -6.813162 -2.474973 -17.783004
v -5.096813 -2.598126 -18.789807
v -6.826491 -2.431262 -18.311350
v -6.843248 -2.188717 -18.782584
v -5.126616 -2.332889 -19.794937
v -5.114180 -2.565505 -19.318686
v -6.860881 -1.784263 -19.124965
v -5.132228 -1.935693 -20.146054
v -6.876707 -1.279474 -19.286370
v -5.130161 -1.434386 -20.318583
v -3.569025 -0.650490 -21.009945
v -3.615969 -1.129813 -21.231527
v -3.519773 -0.293220 -20.621368
v -3.475710 -0.112395 -20.124952
v -3.443546 -0.135543 -19.596274
v -3.428176 -0.359141 -19.115818
v -3.431942 -0.749146 -18.756731
v -3.454268 -1.246186 -18.573680
v -3.491758 -1.774590 -18.594533
v -3.538702 -2.253913 -18.816114
v -3.610419 -2.723322 -19.436405
v -3.587954 -2.611182 -19.204692
v -3.632017 -2.792007 -19.701107
v -3.649787 -2.806566 -19.963884
v -3.664181 -2.768859 -20.229785
v -3.679550 -2.545262 -20.710241
v -3.675785 -2.155256 -21.069328
v -3.653458 -1.658217 -21.252379
v -1.924865 -0.947287 -22.056158
v -2.044558 -1.404729 -22.296172
v -1.811732 -0.619452 -21.655026
v -1.722381 -0.471134 -21.153845
v -1.670416 -0.524912 -20.628916
v -1.663748 -0.772600 -20.160154
v -1.703392 -1.176490 -19.818924
v -1.783312 -1.675092 -19.657176
v -1.891342 -2.192500 -19.699533
v -2.011035 -2.649942 -19.939547
v -2.171429 -3.074231 -20.575752
v -2.244567 -3.124947 -21.103839
v -2.265485 -3.072317 -21.366789
v -2.232509 -2.420739 -22.176781
v -2.272153 -2.824628 -21.835551
v -2.152588 -1.922137 -22.338529
v -0.474991 -1.471348 -23.233033
v -0.681232 -1.904043 -23.459569
v -1.323691 -1.626548 -22.869008
v -0.279774 -1.167412 -22.844971
v -1.162273 -1.180860 -22.631295
v -0.125300 -1.038508 -22.354460
v -1.010394 -0.865346 -22.233074
v -0.035087 -1.104261 -21.836177
v -0.891179 -0.728042 -21.734968
v -0.022869 -1.354659 -21.369025
v -0.822775 -0.789850 -21.212811
v -0.815597 -1.041361 -20.746096
v -0.870738 -1.444284 -20.405876
v -0.090507 -1.751582 -21.024125
v -0.979803 -1.937278 -20.243946
v -0.227702 -2.234602 -20.853983
v -0.413568 -2.730184 -20.884503
v -0.619809 -3.162879 -21.111039
v -2.124169 -2.977777 -20.340679
v -2.213520 -3.126095 -20.841860
v -1.558701 -3.343795 -21.418998
v -0.815026 -3.466815 -21.499101
v -0.969500 -3.595718 -21.989612
v -1.627104 -3.281987 -21.941155
v -1.059713 -3.529966 -22.507895
v -1.634282 -3.030476 -22.407871
v -1.579141 -2.627553 -22.748091
v -1.004293 -2.882645 -23.319947
v -1.071930 -3.279568 -22.975046
v -1.470076 -2.134559 -22.910021
v -0.867098 -2.399625 -23.490089
v 0.473728 -2.078955 -24.291614
v 0.186487 -2.482624 -24.480303
v -0.214915 -2.174987 -23.963367
v 0.750969 -1.798649 -23.937174
v 0.031149 -1.755296 -23.752717
v 0.976004 -1.684382 -23.470943
v 0.266136 -1.462068 -23.378737
v 1.114573 -1.753548 -22.963901
v 0.454272 -1.339944 -22.898361
v 1.145579 -1.995618 -22.493240
v 0.566914 -1.407516 -22.384724
v 0.586915 -1.654497 -21.916020
v 0.511229 -2.043287 -21.563608
v 1.064303 -2.373739 -22.130613
v 0.883118 -2.830346 -21.931229
v 0.629607 -3.295923 -21.925440
v 0.342366 -3.699592 -22.114129
v 0.065125 -3.979898 -22.468569
v -0.159910 -4.094165 -22.934800
v -0.298479 -4.024999 -23.441842
v -0.594445 -3.128655 -23.796147
v -0.329485 -3.782929 -23.912503
v -0.434594 -2.657247 -23.978618
v -0.067024 -2.948202 -24.474514
v -0.248209 -3.404808 -24.275129
v 0.733422 -3.127998 -25.445736
v 0.813589 -2.404745 -24.793578
v 1.449147 -2.515042 -25.006189
v 1.093843 -2.763255 -25.311380
v 1.745243 -2.421148 -24.576625
v 1.129932 -2.138811 -24.461490
v 1.937053 -2.495867 -24.088086
v 1.390079 -2.033447 -24.011712
v 1.995375 -2.727824 -23.614947
v 1.554422 -2.104694 -23.512719
v 1.597943 -2.341705 -23.040478
v 1.514017 -2.708396 -22.666884
v 1.911330 -3.081706 -23.229240
v 1.697713 -3.503636 -22.989684
v 1.387047 -3.929381 -22.932751
v 1.026626 -4.294124 -23.067107
v 0.671322 -4.542337 -23.372298
v 0.375226 -4.636231 -23.801862
v 0.183416 -4.561512 -24.290401
v 0.209139 -3.975673 -25.149247
v 0.125094 -4.329555 -24.763540
v 0.422755 -3.553743 -25.388803
v 1.446633 -3.517393 -26.317039
v 1.027200 -3.833584 -26.387361
v 1.868526 -3.311093 -26.071488
v 2.017163 -2.816883 -25.122916
v 2.472175 -3.332288 -25.225218
v 2.228648 -3.246093 -25.688092
v 2.562032 -3.556556 -24.753336
v 2.235046 -2.896513 -24.646309
v 2.308696 -3.124257 -24.173292
v 2.226899 -3.465442 -23.775879
v 2.484538 -3.884754 -24.344285
v 2.251492 -4.266916 -24.060340
v 1.898372 -4.644863 -23.944728
v 1.478939 -4.961054 -24.015050
v 1.057046 -5.167354 -24.260601
v 0.696924 -5.232354 -24.643997
v 0.453397 -5.146159 -25.106871
v 0.441034 -4.593693 -25.987804
v 0.363540 -4.921891 -25.578753
v 0.674080 -4.211531 -26.271749
v 1.104918 -4.664822 -27.403970
v 1.538287 -3.946640 -26.852615
v 2.042321 -4.251572 -27.225351
v 1.567681 -4.406172 -27.403856
v 2.456579 -4.224559 -26.895630
v 1.988989 -3.765345 -26.640351
v 2.747389 -4.329245 -26.464890
v 2.378127 -3.718434 -26.283375
v 2.870476 -4.549693 -25.998708
v 2.646460 -3.813050 -25.836032
v 2.753136 -4.034787 -25.366428
v 2.681915 -4.349889 -24.946055
v 2.807103 -4.852342 -25.568055
v 2.443639 -4.710383 -24.638910
v 2.566917 -5.191116 -25.238494
v 2.074584 -5.061389 -24.491755
v 2.186484 -5.514439 -25.060199
v 1.630935 -5.349467 -24.526992
v 1.249081 -5.927690 -25.238818
v 1.723721 -5.773090 -25.060313
v 0.834823 -5.954703 -25.568539
v 0.544013 -5.850017 -25.999279
v 0.484299 -5.326920 -26.896114
v 0.420925 -5.629568 -26.465461
v 0.724485 -4.988146 -27.225674
v 1.435172 -5.409687 -28.547098
v 0.948710 -5.609914 -28.481700
v 2.027259 -4.764496 -27.820609
v 2.394695 -5.324045 -28.155596
v 1.942934 -5.309303 -28.432586
v 2.721677 -5.451669 -27.758297
v 2.462241 -4.758180 -27.517684
v 2.874101 -5.672745 -27.301175
v 2.772540 -4.873986 -27.103744
v 2.910913 -5.094282 -26.641805
v 2.856296 -5.385530 -26.202196
v 2.828762 -5.953616 -26.853822
v 2.617004 -5.703391 -25.851841
v 2.592562 -6.251522 -26.484344
v 2.229466 -5.999473 -25.644079
v 2.201460 -6.521109 -26.248991
v 1.752681 -6.228700 -25.610541
v 1.207236 -6.821720 -26.298104
v 1.714998 -6.721336 -26.183592
v 0.755476 -6.806978 -26.575095
v 0.428494 -6.679355 -26.972393
v 0.321409 -6.177408 -27.876868
v 0.276069 -6.458279 -27.429515
v 0.557609 -5.879502 -28.246346
v 1.039198 -6.536529 -29.758999
v 0.544209 -6.683074 -29.638101
v 1.563737 -6.487103 -29.699657
v 2.253824 -5.917234 -28.804248
v 2.389699 -6.693776 -29.102450
v 2.037970 -6.542321 -29.469108
v 2.565376 -6.918410 -28.655506
v 2.594547 -6.056846 -28.422812
v 2.759429 -6.279434 -27.970765
v 2.723367 -6.551110 -27.516925
v 2.538257 -7.182026 -28.196316
v 2.491853 -6.830513 -27.130387
v 2.312469 -7.444489 -27.794790
v 2.100131 -7.075108 -26.869996
v 1.922388 -7.665842 -27.512055
v 1.607838 -7.247656 -26.775396
v 0.902860 -7.861812 -27.450499
v 1.427399 -7.812386 -27.391157
v 0.428627 -7.806594 -27.681048
v 0.076898 -7.655139 -28.047706
v -0.071660 -7.166890 -28.953840
v -0.098779 -7.430505 -28.494650
v 0.154128 -6.904427 -29.355366
v 0.348155 -7.823897 -31.078997
v -0.145603 -7.923322 -30.913346
v 0.878157 -7.819918 -31.064736
v 1.363717 -7.911992 -30.872733
v 2.101654 -7.372552 -29.808041
v 1.923838 -8.315738 -30.095033
v 1.730911 -8.086101 -30.532218
v 2.286685 -7.599593 -29.366109
v 2.268089 -7.856058 -28.902461
v 1.913127 -8.565944 -29.627734
v 2.048695 -8.102901 -28.487684
v 1.700407 -8.798627 -29.201464
v 1.661905 -8.302543 -28.184922
v 0.824307 -9.077788 -28.715466
v 1.318065 -8.978362 -28.881118
v 0.294304 -9.081767 -28.729728
v -0.191255 -8.989693 -28.921731
v -0.558449 -8.815584 -29.262245
v -0.740665 -8.335741 -30.166729
v -0.751376 -8.585947 -29.699431
v -0.527945 -8.103058 -30.593000
v -0.701860 -9.324858 -32.556685
v -1.188978 -9.383351 -32.355527
v -0.173272 -9.360750 -32.578498
v 0.316313 -9.485561 -32.417644
v 1.257909 -8.863092 -31.303565
v 0.897619 -9.915294 -31.669970
v 0.692360 -9.680291 -32.098611
v 1.457618 -9.095463 -30.870900
v 1.454299 -9.339989 -30.400501
v 0.900843 -10.154792 -31.196977
v 1.248458 -9.559443 -29.963982
v 0.701539 -10.362325 -30.751641
v 0.871431 -9.720414 -29.627799
v -0.157068 -10.564789 -30.200603
v 0.330050 -10.506296 -30.401761
v -0.685656 -10.528898 -30.178790
v -1.175240 -10.404086 -30.339645
v -1.551287 -10.209356 -30.658677
v -1.759770 -9.734855 -31.560311
v -1.756547 -9.974353 -31.087318
v -1.560467 -9.527323 -32.005647
v -2.193089 -11.088502 -34.233343
v -2.671249 -11.111730 -34.004537
v -1.669570 -11.158872 -34.283319
v -1.180392 -11.312128 -34.146855
v -0.800029 -11.524936 -33.844728
v 0.209907 -10.816257 -32.531561
v 0.219116 -11.051057 -32.056266
v -0.571992 -11.995485 -32.945684
v 0.026180 -11.247333 -31.603000
v -0.759035 -12.181589 -32.485639
v -1.119040 -12.294879 -32.112835
v -1.597200 -12.318106 -31.884028
v -2.120720 -12.247736 -31.834053
v -2.609897 -12.094481 -31.970517
v -2.990260 -11.881673 -32.272644
v -3.218297 -11.411123 -33.171688
v -3.203902 -11.641709 -32.694440
v -3.031254 -11.225019 -33.631733
v -4.222704 -13.164038 -36.148295
v -4.690710 -13.156958 -35.898614
v -3.706625 -13.264060 -36.219516
v -3.221042 -13.441796 -36.101435
v -2.839881 -13.670187 -35.812029
v -1.540314 -12.811362 -34.390440
v -0.586387 -11.764899 -33.422932
v -1.521272 -13.037967 -33.911447
v -2.598206 -14.137437 -34.914853
v -1.702664 -13.214437 -33.445373
v -2.774485 -14.305160 -34.443670
v -3.123169 -14.392099 -34.053541
v -3.591176 -14.385019 -33.803860
v -4.107254 -14.284997 -33.732638
v -4.592837 -14.107261 -33.850719
v -4.973998 -13.878870 -34.140125
v -5.215673 -13.411620 -35.037302
v -5.192709 -13.634593 -34.556798
v -5.039395 -13.243897 -35.508485
v -7.505921 -15.696179 -38.189841
v -5.554464 -14.408560 -37.274086
v -5.042810 -14.522569 -37.354166
v -6.541118 -15.857314 -38.542992
v -6.881116 -15.763302 -38.505786
v -4.559952 -14.711813 -37.243702
v -6.061145 -16.056918 -38.438767
v -6.213370 -15.983972 -38.494414
v -5.681607 -16.299061 -38.158773
v -5.460286 -16.546881 -37.745637
v -4.179401 -14.947482 -36.959512
v -3.959092 -15.193696 -36.544859
v -3.932565 -15.412973 -36.062873
v -5.430876 -16.762650 -37.262255
v -5.428311 -16.624141 -37.588797
v -4.103859 -15.571930 -35.586930
v -5.597856 -16.913517 -36.782217
v -5.521353 -16.872107 -36.937210
v -4.446895 -15.646365 -35.189489
v -5.935802 -16.976516 -36.378605
v -4.909450 -15.624948 -34.931057
v -5.421104 -15.510939 -34.850977
v -6.560608 -16.909393 -36.062660
v -6.393267 -16.942055 -36.112866
v -6.900605 -16.815380 -36.025455
v -5.903962 -15.321695 -34.961441
v -7.228353 -16.688722 -36.074032
v -7.380579 -16.615777 -36.129680
v -7.760117 -16.373633 -36.409674
v -8.013413 -16.048554 -36.979650
v -7.981437 -16.125813 -36.822810
v -8.010847 -15.910045 -37.306192
v -7.920371 -15.800588 -37.631236
v -7.843868 -15.759177 -37.786229
v -16.858778 0.000000 -1.000000
v -16.755347 0.519982 -1.000000
v -16.676736 0.679389 -1.000000
v -16.460801 0.960801 -1.000000
v -16.179389 1.176736 -1.000000
v -16.019982 1.255347 -1.000000
v -15.500000 1.358778 -1.000000
v -14.980018 1.255347 -1.000000
v -14.820611 1.176736 -1.000000
v -14.539199 0.960801 -1.000000
v -14.323264 0.679389 -1.000000
v -14.244653 0.519982 -1.000000
v -14.141222 0.000000 -1.000000
v -14.244653 -0.519982 -1.000000
v -14.323264 -0.679389 -1.000000
v -14.539199 -0.960801 -1.000000
v -14.820611 -1.176736 -1.000000
v -14.980018 -1.255347 -1.000000
v -15.500000 -1.358778 -1.000000
v -16.019982 -1.255347 -1.000000
v -16.179389 -1.176736 -1.000000
v -16.460801 -0.960801 -1.000000
v -16.676736 -0.679389 -1.000000
v -16.755347 -0.519982 -1.000000
v -17.758634 -0.685684 -3.409782
v -18.182762 -1.000759 -5.635054
v -18.158297 -1.201619 -7.641369
v -14.697543 -0.099954 -13.401818
v -13.096206 -1.353368 -15.312622
v -2.621170 -13.914464 -35.395357
v -7.048456 -15.730640 -38.455581
v -6.720862 -16.336347 -37.284223
v -6.881116 -15.763302 -38.505786
v -6.541118 -15.857314 -38.542992
v -6.213370 -15.983972 -38.494414
v -6.061145 -16.056918 -38.438767
v -5.681607 -16.299061 -38.158773
v -5.460286 -16.546881 -37.745637
v -5.428311 -16.624141 -37.588797
v -5.430876 -16.762650 -37.262255
v -5.521353 -16.872107 -36.937210
v -5.597856 -16.913517 -36.782217
v -5.935802 -16.976516 -36.378605
v -6.393267 -16.942055 -36.112866
v -6.560608 -16.909393 -36.062660
v -6.900605 -16.815380 -36.025455
v -7.228353 -16.688722 -36.074032
v -7.380579 -16.615777 -36.129680
v -7.760117 -16.373633 -36.409674
v -7.981437 -16.125813 -36.822810
v -8.013413 -16.048554 -36.979650
v -8.010847 -15.910045 -37.306192
v -7.920371 -15.800588 -37.631236
v -7.843868 -15.759177 -37.786229
v -7.505921 -15.696179 -38.189841
v -7.048456 -15.730640 -38.455581
v 14.261967 0.623913 -2.133171
v 14.386773 0.777892 -3.222167
v 14.305517 0.352484 -3.206229
v 14.469573 1.008662 -2.131060
v 14.599043 1.160066 -3.217937
v 14.818787 1.327694 -2.117355
v 14.950911 1.475278 -3.190902
v 15.259297 1.508403 -2.093206
v 15.391259 1.651512 -3.143341
v 15.754208 1.522740 -2.060237
v 16.215366 1.361193 -2.024105
v 16.338438 1.495427 -3.007374
v 16.569280 1.069470 -1.991185
v 16.685308 1.200788 -2.942642
v 16.788747 0.717102 -1.965465
v 16.897693 0.846878 -2.892093
v 16.896359 0.243220 -1.943537
v 16.997066 0.372707 -2.849031
v 16.835915 -0.248212 -1.000000
v 16.966901 0.047138 -2.832569
v 16.676736 -0.679389 -1.000000
v 16.793417 -0.384437 -2.828526
v 16.363680 -0.897449 -1.944206
v 16.338772 -1.068990 -1.000000
v 16.026905 -0.975387 -2.893439
v 16.449988 -0.761117 -2.850570
v 15.610608 -1.032281 -2.945304
v 15.941158 -1.116082 -1.965966
v 15.035855 -1.079968 -2.028203
v 15.128385 -0.930710 -3.015918
v 14.636863 -0.831814 -2.062818
v 14.736057 -0.679143 -3.083994
v 14.343494 -0.455658 -2.094263
v 14.450654 -0.300777 -3.145806
v 14.197276 0.009436 -2.118525
v 14.312800 0.164986 -3.193464
v 14.186952 0.197128 -2.125030
v 14.821373 0.974022 -5.280149
v 14.727349 0.552018 -5.249943
v 15.041930 1.351419 -5.272225
v 15.396591 1.660508 -5.221184
v 15.832929 1.830310 -5.131318
v 15.883001 1.661114 -3.078453
v 16.753084 1.663410 -4.874285
v 17.081891 1.366149 -4.751875
v 17.277251 1.011613 -4.656261
v 17.358048 0.538891 -4.574776
v 17.317379 0.215531 -4.543598
v 17.133023 -0.211467 -4.535874
v 16.784496 -0.581781 -4.577471
v 16.363719 -0.789618 -4.658461
v 15.954985 -0.841051 -4.756485
v 15.487280 -0.734098 -4.889977
v 15.112573 -0.479105 -5.018701
v 14.846705 -0.099350 -5.135609
v 14.728019 0.365487 -5.225780
v 15.493434 1.044023 -7.318194
v 15.386848 0.626119 -7.275222
v 15.721106 1.417131 -7.308255
v 16.076341 1.721914 -7.238436
v 16.505707 1.888251 -7.114486
v 16.313758 1.833786 -5.008669
v 17.392003 1.718613 -6.758182
v 17.700040 1.422442 -6.587899
v 17.876567 1.070102 -6.454559
v 17.937677 0.601126 -6.340455
v 17.886436 0.280765 -6.296407
v 17.692062 -0.141677 -6.284548
v 17.340541 -0.507181 -6.341124
v 16.924879 -0.711293 -6.452682
v 16.526603 -0.760416 -6.588250
v 16.076916 -0.652264 -6.773354
v 15.722821 -0.397784 -6.952263
v 15.478834 -0.020124 -7.115153
v 15.380691 0.441209 -7.241260
v 16.038940 1.026406 -8.644323
v 16.611379 0.969580 -9.901936
v 16.492237 0.556776 -9.844958
v 16.270581 1.397079 -8.634825
v 16.846268 1.338248 -9.894739
v 16.625966 1.699874 -8.557415
v 17.202298 1.639545 -9.814689
v 17.051111 1.865126 -8.418260
v 16.972152 1.889507 -6.944695
v 18.077435 1.805808 -9.463713
v 17.625000 1.804177 -9.667804
v 18.478185 1.637387 -9.237327
v 18.765764 1.345151 -9.028858
v 18.923676 0.997332 -8.864082
v 18.965249 0.534229 -8.720945
v 18.903464 0.217803 -8.663915
v 18.171553 -0.151544 -7.472011
v 18.344290 -0.560819 -8.707638
v 18.699009 -0.199558 -8.644281
v 17.933453 -0.762745 -8.839145
v 17.818491 -0.514663 -7.534191
v 17.545327 -0.811592 -9.001487
v 17.405978 -0.717444 -7.659183
v 16.574797 -0.658803 -8.021449
v 17.113272 -0.705159 -9.225381
v 16.232718 -0.405986 -8.224586
v 16.779451 -0.454135 -9.443689
v 16.001419 -0.030792 -8.410208
v 16.557067 -0.081368 -9.644309
v 15.915122 0.427528 -8.554694
v 16.479289 0.374156 -9.801778
v 15.925196 0.611231 -8.593885
v 17.857629 0.764256 -12.567528
v 17.734346 0.354580 -12.498065
v 18.097334 1.129842 -12.573861
v 18.458724 1.428254 -12.507909
v 18.886338 1.590799 -12.372957
v 19.342715 1.591407 -12.177291
v 19.745678 1.423258 -11.954141
v 20.033555 1.132405 -11.743727
v 20.190221 0.786646 -11.573220
v 20.228668 0.326661 -11.419326
v 20.163965 0.012567 -11.353275
v 19.954592 -0.401443 -11.319462
v 19.594072 -0.759406 -11.367252
v 19.178147 -0.959014 -11.486118
v 18.786281 -1.006654 -11.640051
v 18.351275 -0.899993 -11.858586
v 17.794935 -0.279283 -12.282733
v 18.016444 -0.649963 -12.076956
v 17.719910 0.173256 -12.450100
v 18.530182 0.622578 -14.247143
v 18.411315 0.212713 -14.171449
v 18.769915 0.987490 -14.269620
v 19.136405 1.284273 -14.230372
v 19.573863 1.444431 -14.128797
v 20.044204 1.442073 -13.970370
v 20.462870 1.270898 -13.781677
v 20.765379 0.977470 -13.597476
v 20.933758 0.629855 -13.442986
v 20.982581 0.168508 -13.296530
v 20.922178 -0.145926 -13.228134
v 20.714673 -0.559575 -13.181105
v 20.350271 -0.916060 -13.202820
v 19.925601 -1.113445 -13.289608
v 19.522688 -1.158653 -13.412007
v 19.072227 -1.048906 -13.594045
v 18.722142 -0.796094 -13.782752
v 18.486436 -0.423077 -13.966987
v 18.400064 0.031044 -14.124001
v 18.938019 0.531049 -15.676022
v 18.828218 0.119217 -15.597365
v 19.174016 0.896732 -15.717266
v 19.543019 1.192889 -15.713937
v 19.989593 1.350956 -15.660613
v 20.475234 1.345141 -15.558899
v 20.912846 1.169718 -15.425370
v 21.234394 0.872046 -15.285729
v 21.419176 0.520794 -15.161147
v 21.484116 0.055897 -15.033349
v 21.431664 -0.260270 -14.966387
v 21.230474 -0.675265 -14.905822
v 20.865508 -1.031551 -14.893523
v 20.433309 -1.227196 -14.934632
v 20.018777 -1.269770 -15.009757
v 19.550276 -1.155968 -15.134502
v 19.180892 -0.898846 -15.274044
v 18.925803 -0.521523 -15.419559
v 18.822326 -0.063627 -15.553592
v 19.027867 0.077378 -16.877285
v 19.355016 0.859954 -17.015310
v 19.126395 0.492167 -16.955328
v 19.721428 1.157145 -17.051924
v 20.171364 1.314823 -17.054677
v 20.666427 1.307132 -17.020807
v 21.118051 1.128625 -16.954986
v 21.455368 0.827306 -16.871613
v 21.655058 0.472483 -16.786324
v 21.736314 0.003537 -16.685521
v 21.693122 -0.315021 -16.623466
v 21.501569 -0.732653 -16.550914
v 21.141222 -1.090481 -16.501556
v 20.707153 -1.286100 -16.490041
v 20.286120 -1.327460 -16.509091
v 19.805020 -1.210962 -16.564207
v 19.420273 -0.950345 -16.642386
v 19.148093 -0.568973 -16.737812
v 19.027794 -0.106940 -16.839754
v 19.025176 0.092530 -18.302792
v 19.327095 0.882135 -18.458256
v 19.110467 0.510891 -18.377862
v 19.683486 1.182492 -18.541008
v 20.127644 1.342375 -18.609935
v 20.677754 1.312472 -17.827757
v 21.078480 1.156610 -18.673266
v 20.622053 1.335639 -18.657198
v 21.424673 0.853537 -18.658772
v 21.133323 1.133298 -17.804157
v 21.635173 0.496243 -18.622362
v 21.476428 0.830714 -17.756451
v 21.731047 0.023654 -18.556355
v 21.682529 0.474338 -17.696618
v 21.697962 -0.297579 -18.501882
v 21.771884 0.003279 -17.614158
v 21.733992 -0.316745 -17.556321
v 21.549112 -0.736345 -17.477999
v 21.519905 -0.718998 -18.417255
v 21.194079 -1.095920 -17.407259
v 21.171476 -1.080472 -18.325533
v 20.762430 -1.292572 -17.364198
v 20.744351 -1.278571 -18.252176
v 20.341234 -1.334257 -17.348998
v 20.325383 -1.321133 -18.204425
v 19.857178 -1.217384 -17.360950
v 19.449229 -0.942733 -18.179122
v 19.841485 -1.204677 -18.175691
v 19.165534 -0.558823 -18.212621
v 19.030907 -0.093285 -18.273714
v 18.879565 0.571849 -19.840032
v 18.805562 0.151881 -19.760924
v 19.083401 0.945216 -19.942107
v 19.425875 1.248186 -20.065656
v 19.857612 1.410717 -20.188968
v 20.342437 1.406404 -20.299821
v 20.793984 1.229123 -20.377449
v 21.140318 0.926901 -20.412410
v 21.354876 0.569634 -20.408929
v 21.459714 0.096179 -20.363040
v 21.434657 -0.226129 -20.309626
v 21.269785 -0.649622 -20.209100
v 20.936520 -1.013842 -20.078614
v 20.522358 -1.214613 -19.953690
v 20.112620 -1.259366 -19.852850
v 19.635581 -1.144971 -19.760062
v 19.245035 -0.884222 -19.708802
v 18.958113 -0.500626 -19.699534
v 18.815447 -0.034432 -19.735651
v 18.418581 0.637273 -21.472103
v 18.358054 0.218056 -21.379555
v 18.605626 1.010645 -21.601958
v 18.928305 1.314481 -21.768354
v 19.340780 1.478684 -21.943095
v 19.808822 1.476742 -22.109497
v 20.249234 1.302128 -22.236817
v 20.591342 1.002392 -22.307932
v 20.807694 0.647114 -22.324843
v 20.921163 0.175423 -22.285392
v 20.905343 -0.146155 -22.225303
v 20.757205 -0.569330 -22.100875
v 20.445004 -0.934209 -21.927875
v 20.050484 -1.136466 -21.753086
v 19.656185 -1.183095 -21.604729
v 19.192800 -1.071325 -21.458584
v 18.809098 -0.813168 -21.365612
v 18.522221 -0.431983 -21.327964
v 18.372429 0.032283 -21.353219
v 17.803394 0.648799 -23.001797
v 17.760879 0.232793 -22.887820
v 17.968936 1.019680 -23.163638
v 18.619698 1.328688 -22.576873
v 19.021305 1.492770 -22.774774
v 18.656602 1.485983 -23.593391
v 18.267125 1.321961 -23.372584
v 19.105522 1.485355 -23.805075
v 19.534342 1.313369 -23.968591
v 19.480011 1.491321 -22.964423
v 19.873524 1.016998 -24.061728
v 20.094165 0.665184 -24.086415
v 20.220456 0.197608 -24.040448
v 20.217198 -0.121420 -23.966888
v 20.090812 -0.541596 -23.812394
v 19.804932 -0.904399 -23.595594
v 19.971336 -0.731367 -23.713176
v 19.434083 -1.106119 -23.375066
v 19.057682 -1.153465 -23.186770
v 18.609160 -1.043880 -22.999870
v 18.231629 -0.788867 -22.879300
v 17.781547 0.048558 -22.855980
v 17.942395 -0.411550 -22.828005
v 17.437256 0.532766 -23.682489
v 17.049712 0.346133 -24.324269
v 17.095017 -0.071270 -24.216666
v 17.128184 0.741968 -24.492510
v 17.344180 1.094915 -24.722126
v 17.566054 0.915316 -23.850401
v 17.673401 1.328721 -24.975700
v 17.829967 1.239666 -24.071923
v 18.091577 1.411491 -25.229896
v 18.194808 1.433176 -24.310192
v 18.526006 1.321847 -25.438302
v 18.631881 1.467081 -24.542857
v 18.902344 1.093110 -25.570955
v 19.064334 1.328573 -24.727181
v 19.420378 1.059142 -24.837498
v 19.665860 0.725309 -24.874074
v 19.179608 0.787778 -25.625322
v 19.829593 0.268790 -24.836106
v 19.392633 0.350967 -25.602997
v 19.854252 -0.049574 -24.763826
v 19.454704 0.036318 -25.537103
v 19.767873 -0.478265 -24.605312
v 19.422755 -0.400768 -25.381149
v 19.230573 -0.811006 -25.146356
v 18.926392 -1.078460 -24.895766
v 18.815513 -1.167846 -23.934159
v 18.369323 -1.093077 -23.725810
v 18.145496 -1.170426 -24.440927
v 17.979556 -0.867835 -23.586454
v 17.741886 -0.989524 -24.278245
v 17.665074 -0.513849 -23.519950
v 17.395542 -0.671829 -24.190139
v 17.151860 -0.248788 -24.191387
v 17.432160 0.114684 -23.568392
v 16.310095 -0.048148 -25.439835
v 16.438596 -0.449517 -25.337915
v 16.299900 0.352181 -25.615754
v 16.425089 0.732825 -25.867929
v 16.679180 1.015173 -26.156477
v 17.046495 1.164058 -26.455509
v 18.000023 1.261520 -26.088608
v 17.858277 0.983825 -26.884425
v 17.464625 1.146753 -26.710834
v 18.388088 1.067996 -26.241895
v 18.688785 0.789224 -26.312055
v 18.176760 0.729823 -26.969216
v 18.941681 0.373734 -26.302740
v 18.463526 0.336658 -26.970659
v 19.035630 0.066144 -26.241448
v 18.586067 0.038625 -26.912052
v 19.052048 -0.371870 -26.085717
v 18.647625 -0.394550 -26.753506
v 18.910867 -0.797708 -25.842667
v 18.556253 -0.827429 -26.498827
v 18.332188 -1.138663 -26.216024
v 18.585537 -1.194984 -24.673023
v 18.042996 -1.308056 -25.956829
v 17.633246 -1.355394 -25.677336
v 17.224470 -1.243730 -25.470875
v 16.839892 -0.988829 -25.344887
v 16.527799 -0.614121 -25.319096
v 15.663153 -0.454652 -26.273235
v 15.854794 -0.829082 -26.168181
v 15.580346 -0.070437 -26.465062
v 15.625481 0.307180 -26.746978
v 15.807024 0.601981 -27.075058
v 16.117029 0.778703 -27.420218
v 16.504189 0.800172 -27.720116
v 16.895584 0.679310 -27.929437
v 17.234658 0.463977 -28.037945
v 17.570135 0.111868 -28.053752
v 17.737345 -0.163690 -27.995758
v 17.873345 -0.574822 -27.825473
v 17.868850 -0.999610 -27.542497
v 17.720180 -1.319464 -27.222188
v 17.485681 -1.508795 -26.924459
v 17.118076 -1.591690 -26.598554
v 16.722196 -1.521527 -26.352545
v 15.966910 -0.979309 -26.152033
v 16.322260 -1.311353 -26.195718
v 15.078127 -0.902136 -26.897285
v 15.324965 -1.240120 -26.784849
v 14.928067 -0.550557 -27.109257
v 14.895306 -0.199723 -27.424942
v 15.002396 0.080290 -27.795539
v 15.249012 0.256562 -28.188400
v 15.595884 0.292596 -28.532682
v 15.974371 0.197284 -28.776007
v 16.323849 0.012483 -28.905538
v 16.696757 -0.298858 -28.931546
v 16.902148 -0.546499 -28.871010
v 17.105695 -0.920727 -28.684401
v 17.184511 -1.313450 -28.368548
v 17.112118 -1.615239 -28.007442
v 16.936429 -1.800004 -27.669387
v 16.619275 -1.891982 -27.296575
v 16.246614 -1.843707 -27.012203
v 15.455943 -1.374252 -26.769629
v 15.842955 -1.666221 -26.827238
v 14.512182 -1.441756 -27.370459
v 14.813309 -1.729828 -27.251686
v 14.292976 -1.142548 -27.601568
v 14.177321 -0.844467 -27.950101
v 14.202425 -0.607122 -28.362578
v 14.810617 -0.076256 -28.518624
v 14.672903 -0.429331 -29.191698
v 14.376145 -0.458467 -28.802869
v 15.030013 -0.511872 -29.469546
v 15.133350 -0.041020 -28.885631
v 15.502043 -0.128341 -29.146366
v 15.854371 -0.299391 -29.286666
v 15.383696 -0.670288 -29.620830
v 16.244347 -0.588547 -29.317903
v 15.789328 -0.936266 -29.658108
v 16.468497 -0.818955 -29.256070
v 16.031583 -1.147440 -29.595811
v 16.706464 -1.167625 -29.061111
v 16.303525 -1.466108 -29.393984
v 16.470127 -1.799956 -29.046315
v 16.480986 -2.055941 -28.645130
v 16.371869 -2.212108 -28.267095
v 16.115138 -2.288881 -27.847378
v 15.774798 -2.246309 -27.524247
v 14.961910 -1.844290 -27.237832
v 15.375178 -2.093876 -27.310395
v 14.039643 -2.005006 -27.653290
v 14.384449 -2.239799 -27.535722
v 13.762631 -1.766115 -27.892714
v 13.575731 -1.533591 -28.260035
v 13.528527 -1.354682 -28.699454
v 13.635955 -1.251034 -29.172776
v 13.884795 -1.244701 -29.594940
v 14.218416 -1.326390 -29.900826
v 14.571114 -1.465516 -30.072005
v 15.000111 -1.689093 -30.123442
v 15.271525 -1.862355 -30.064229
v 15.599918 -2.118831 -29.857481
v 15.841385 -2.381230 -29.492560
v 15.925188 -2.576208 -29.066195
v 15.875958 -2.688998 -28.660964
v 15.675666 -2.733638 -28.207111
v 15.368201 -2.683196 -27.853553
v 14.546556 -2.334633 -27.525307
v 14.977412 -2.546168 -27.614495
v 13.558827 -2.721335 -27.817741
v 13.941576 -2.894783 -27.712799
v 13.229406 -2.555040 -28.051322
v 12.976022 -2.404586 -28.420808
v 12.859598 -2.302146 -28.871061
v 13.260934 -1.734870 -29.294948
v 13.101258 -2.292309 -29.809774
v 12.901718 -2.261387 -29.363451
v 13.408123 -2.382121 -30.140331
v 13.484576 -1.745967 -29.730762
v 13.804853 -1.830765 -30.049748
v 14.155404 -1.961323 -30.231734
v 13.755553 -2.505361 -30.333074
v 14.594109 -2.162267 -30.293182
v 14.201856 -2.684406 -30.406090
v 14.878876 -2.314062 -30.238468
v 14.498095 -2.814740 -30.357805
v 15.234041 -2.534042 -30.034462
v 14.876960 -2.997550 -30.160270
v 15.187739 -3.171547 -29.795807
v 15.340927 -3.287651 -29.360706
v 15.350108 -3.341339 -28.941148
v 15.206748 -3.337651 -28.464465
v 14.934779 -3.268201 -28.086043
v 14.114737 -2.967989 -27.709653
v 14.557296 -3.140832 -27.821625
v 13.102759 -3.587831 -27.828531
v 13.512121 -3.703433 -27.745761
v 12.734254 -3.492057 -28.043192
v 12.429371 -3.423319 -28.398338
v 12.257608 -3.399019 -28.842320
v 12.245746 -3.424827 -29.337718
v 12.741309 -2.874936 -29.831383
v 12.683947 -3.601556 -30.144966
v 12.402578 -3.498105 -29.796166
v 13.035155 -2.971105 -30.171842
v 13.378711 -3.088330 -30.375003
v 13.023010 -3.713969 -30.358161
v 13.830488 -3.246940 -30.460637
v 13.478279 -3.853838 -30.457249
v 14.136154 -3.356668 -30.420306
v 13.791397 -3.944166 -30.426162
v 14.207181 -4.056162 -30.250468
v 14.571106 -4.142774 -29.903691
v 14.779339 -4.178833 -29.477021
v 14.836257 -4.170776 -29.057524
v 14.741201 -4.114078 -28.571954
v 14.501479 -4.020172 -28.177266
v 13.692317 -3.756883 -27.752695
v 14.139299 -3.896607 -27.890566
v 12.706707 -4.547365 -27.688439
v 13.130478 -4.618286 -27.631172
v 12.314703 -4.507318 -27.878004
v 11.977042 -4.504328 -28.209679
v 11.768492 -4.544054 -28.636718
v 11.719180 -4.625701 -29.123857
v 11.844713 -4.736091 -29.584599
v 12.105511 -4.853717 -29.944740
v 12.435345 -4.960294 -30.174760
v 12.892280 -5.071621 -30.299297
v 13.213999 -5.131339 -30.287225
v 13.651301 -5.187816 -30.138833
v 14.048556 -5.204482 -29.818896
v 14.293007 -5.175266 -29.411064
v 14.382574 -5.115858 -29.001336
v 14.322090 -5.013686 -28.517544
v 14.107219 -4.896915 -28.114681
v 13.313758 -4.656868 -27.648671
v 13.759328 -4.773059 -27.810908
v 12.294223 -5.861837 -27.326786
v 12.725768 -5.892928 -27.300190
v 11.886443 -5.872560 -27.484352
v 11.524607 -5.930472 -27.783993
v 11.287158 -6.030466 -28.185346
v 11.206738 -6.165735 -28.656157
v 11.304543 -6.313033 -29.113299
v 11.545271 -6.446458 -29.481816
v 11.863893 -6.550031 -29.728416
v 12.317500 -6.637404 -29.881077
v 12.643146 -6.670085 -29.891456
v 13.094083 -6.676356 -29.777085
v 13.515362 -6.628537 -29.492970
v 13.787857 -6.538132 -29.112783
v 13.904063 -6.429765 -28.720097
v 13.873396 -6.283118 -28.244991
v 13.681733 -6.142507 -27.838046
v 12.909753 -5.918592 -27.329831
v 13.349512 -6.015584 -27.518409
v 11.928833 -7.503993 -26.691034
v 12.362236 -7.504745 -26.695063
v 11.512798 -7.554391 -26.815631
v 11.135795 -7.660790 -27.081152
v 10.878349 -7.809615 -27.453882
v 10.774726 -7.989254 -27.904806
v 10.850228 -8.168167 -28.354789
v 11.073183 -8.316527 -28.728721
v 11.380115 -8.419826 -28.989828
v 11.826815 -8.490319 -29.169181
v 12.152370 -8.502637 -29.201742
v 12.609497 -8.470010 -29.122007
v 13.045258 -8.371121 -28.875646
v 13.336756 -8.231358 -28.525859
v 13.472378 -8.082782 -28.153154
v 13.464983 -7.898650 -27.690393
v 13.293040 -7.736713 -27.282593
v 12.545003 -7.520881 -26.736513
v 12.976075 -7.604881 -26.949733
v 11.639430 -9.551735 -25.706103
v 12.071118 -9.530353 -25.738964
v 11.219779 -9.632003 -25.799150
v 10.833250 -9.775713 -26.031480
v 10.561459 -9.962867 -26.375774
v 10.439739 -10.178130 -26.806180
v 10.496542 -10.383345 -27.247642
v 10.703386 -10.545280 -27.625194
v 10.998527 -10.650239 -27.898934
v 11.436284 -10.709679 -28.102722
v 11.759341 -10.707353 -28.156051
v 12.218099 -10.645743 -28.109258
v 12.662392 -10.507791 -27.899436
v 12.967173 -10.329480 -27.579668
v 13.117575 -10.148875 -27.227260
v 13.129158 -9.934063 -26.777956
v 12.974532 -9.753641 -26.370964
v 12.251534 -9.539823 -25.791374
v 12.672332 -9.615851 -26.026964
v 11.478334 -11.749937 -24.485333
v 11.906610 -11.714621 -24.541726
v 11.209769 -11.805743 -24.513128
v 11.058011 -11.849813 -24.552353
v 10.615019 -12.048975 -24.799168
v 10.384889 -12.232331 -25.077287
v 10.281722 -12.379144 -25.323201
v 10.250097 -12.472854 -25.489970
v 10.299186 -12.707780 -25.944814
v 10.486157 -12.870255 -26.303207
v 10.770945 -12.977879 -26.586699
v 10.662730 -12.946827 -26.497445
v 11.274945 -13.032231 -26.833017
v 11.519388 -13.020101 -26.880264
v 11.971786 -12.941109 -26.861614
v 12.425686 -12.775607 -26.681080
v 12.739006 -12.570820 -26.386574
v 12.566536 -12.697877 -26.575574
v 12.899833 -12.367709 -26.051541
v 12.882369 -12.039072 -25.429929
v 12.784906 -11.936076 -25.208768
v 12.518825 -11.800026 -24.877298
v 12.084366 -11.720144 -24.602995
v 14.210346 0.427867 -1.000000
v 14.323264 0.679389 -1.000000
v 14.412977 0.815267 -1.000000
v 14.820611 1.176736 -1.000000
v 15.197496 1.324677 -1.000000
v 15.500000 1.358778 -1.000000
v 15.693396 1.344945 -1.000000
v 16.179389 1.176736 -1.000000
v 16.516883 0.901237 -1.000000
v 16.676736 0.679389 -1.000000
v 16.741893 0.551344 -1.000000
v 16.858778 0.000000 -1.000000
v 16.179389 -1.176736 -1.000000
v 15.522957 -1.177052 -1.992313
v 15.918342 -1.292775 -1.000000
v 15.010342 -1.267483 -1.000000
v 14.820611 -1.176736 -1.000000
v 14.323264 -0.679389 -1.000000
v 14.154241 -0.187649 -1.000000
v 14.141222 0.000000 -1.000000
v 17.013909 -0.766248 -7.811993
v 19.350222 -0.609768 -25.275365
v 17.468352 -0.067433 -23.538345
v 14.606857 -1.023999 -1.000000
v 15.500000 -1.358778 -1.000000
v 12.925694 -12.130682 -25.614221
v 11.590778 -12.373426 -25.687371
v 11.209769 -11.805743 -24.513128
v 11.058011 -11.849813 -24.552353
v 10.615019 -12.048975 -24.799168
v 10.384889 -12.232331 -25.077287
v 10.281722 -12.379144 -25.323201
v 10.250097 -12.472854 -25.489970
v 10.299186 -12.707780 -25.944814
v 10.486157 -12.870255 -26.303207
v 10.662730 -12.946827 -26.497445
v 10.770945 -12.977879 -26.586699
v 11.274945 -13.032231 -26.833017
v 11.519388 -13.020101 -26.880264
v 11.971786 -12.941109 -26.861614
v 12.425686 -12.775607 -26.681080
v 12.566536 -12.697877 -26.575574
v 12.739006 -12.570820 -26.386574
v 12.899833 -12.367709 -26.051541
v 12.925694 -12.130682 -25.614221
v 12.882369 -12.039072 -25.429929
v 12.784906 -11.936076 -25.208768
v 12.518825 -11.800026 -24.877298
v 12.084366 -11.720144 -24.602995
v 11.906610 -11.714621 -24.541726
v 11.478334 -11.749937 -24.485333
v -16.219056 -3.031867 0.000000
v -16.500000 0.000000 0.000000
v -16.500000 0.000000 55.000000
v -15.385792 -5.960487 0.000000
v -16.219056 -3.031867 55.000000
v -14.028583 -8.686131 0.000000
v -15.385792 -5.960487 55.000000
v -12.193647 -11.115978 0.000000
v -14.028583 -8.686131 55.000000
v 14.028583 -8.686131 0.000000
v 12.193647 -11.115978 0.000000
v 12.193647 -11.115978 55.000000
v 15.385792 -5.960487 0.000000
v 14.028583 -8.686131 55.000000
v 16.219056 -3.031867 0.000000
v 15.385792 -5.960487 55.000000
v 16.500000 0.000000 0.000000
v 16.219056 -3.031867 55.000000
v 16.219056 3.031867 0.000000
v 16.500000 0.000000 55.000000
v 15.385792 5.960487 0.000000
v 16.219056 3.031867 55.000000
v 14.028583 8.686131 0.000000
v 15.385792 5.960487 55.000000
v 12.193647 11.115978 0.000000
v 14.028583 8.686131 55.000000
v -14.028583 8.686131 0.000000
v -12.193647 11.115978 0.000000
v -12.193647 11.115978 55.000000
v -15.385792 5.960487 0.000000
v -14.028583 8.686131 55.000000
v -16.219056 3.031867 0.000000
v -15.385792 5.960487 55.000000
v -16.219056 3.031867 55.000000
v -10.350545 12.849755 12.024586
v -9.943472 13.167284 12.525127
v -10.666217 12.588956 11.433622
v -10.859370 12.422724 10.800048
v -10.927089 12.363201 10.122132
v -9.943472 13.167284 0.000000
v -9.923318 13.182480 7.698814
v -10.351263 12.849177 8.220755
v -10.666217 12.588956 8.810642
v -10.859506 12.422605 9.444892
v -7.354683 14.770194 55.000000
v -9.943472 13.167284 55.000000
v -7.500000 14.696938 13.549221
v -8.175233 14.332326 13.482042
v -9.402322 13.558995 12.972765
v -8.811490 13.950184 13.288349
v -7.354683 14.770194 13.549221
v -4.515439 15.870123 13.549221
v -4.515439 15.870123 55.000000
v -1.522428 16.429614 13.549221
v -1.522428 16.429614 55.000000
v 1.522428 16.429614 13.549221
v 1.522428 16.429614 55.000000
v 4.515439 15.870123 13.549221
v 4.515439 15.870123 55.000000
v 7.354683 14.770194 13.549221
v 7.354683 14.770194 55.000000
v 9.943472 13.167284 55.000000
v 8.177009 14.331313 13.481685
v 8.811490 13.950184 13.288349
v 7.500000 14.696938 13.549221
v 9.402689 13.558740 12.972520
v 10.350545 12.849755 8.219679
v 9.943472 13.167284 7.719137
v 10.666217 12.588956 8.810642
v 10.859370 12.422724 9.444217
v 10.927089 12.363201 10.122132
v 12.193647 11.115978 55.000000
v 10.859506 12.422605 10.799372
v 9.923318 13.182480 12.545450
v 10.351263 12.849177 12.023509
v 10.666217 12.588956 11.433622
v 7.354683 14.770194 0.000000
v 9.943472 13.167284 0.000000
v 8.175233 14.332326 6.762222
v 7.500000 14.696938 6.695043
v 9.402322 13.558995 7.271499
v 8.811490 13.950184 6.955915
v 4.515439 15.870123 0.000000
v 7.354683 14.770194 6.695043
v 1.522428 16.429614 0.000000
v 4.515439 15.870123 6.695043
v -1.522428 16.429614 0.000000
v 1.522428 16.429614 6.695043
v -4.515439 15.870123 0.000000
v -1.522428 16.429614 6.695043
v -7.354683 14.770194 0.000000
v -4.515439 15.870123 6.695043
v -8.177009 14.331313 6.762579
v -8.811490 13.950184 6.955915
v -7.500000 14.696938 6.695043
v -7.354683 14.770194 6.695043
v -9.402689 13.558740 7.271744
v -10.350545 -12.849755 8.219679
v -9.943472 -13.167284 7.719137
v -10.666217 -12.588956 8.810642
v -10.859370 -12.422724 9.444217
v -10.927089 -12.363201 10.122132
v -12.193647 -11.115978 55.000000
v -10.859506 -12.422605 10.799372
v -9.943472 -13.167284 55.000000
v -9.923318 -13.182480 12.545450
v -10.351263 -12.849177 12.023509
v -10.666217 -12.588956 11.433622
v -7.354683 -14.770194 0.000000
v -9.943472 -13.167284 0.000000
v -8.175233 -14.332326 6.762222
v -7.500000 -14.696938 6.695043
v -9.402322 -13.558995 7.271499
v -8.811490 -13.950184 6.955915
v -4.515439 -15.870123 0.000000
v -7.354683 -14.770194 6.695043
v -1.522428 -16.429614 0.000000
v -4.515439 -15.870123 6.695043
v 1.522428 -16.429614 0.000000
v -1.522428 -16.429614 6.695043
v 4.515439 -15.870123 0.000000
v 1.522428 -16.429614 6.695043
v 7.354683 -14.770194 0.000000
v 4.515439 -15.870123 6.695043
v 9.943472 -13.167284 0.000000
v 8.177009 -14.331313 6.762579
v 8.811490 -13.950184 6.955915
v 7.500000 -14.696938 6.695043
v 7.354683 -14.770194 6.695043
v 9.402689 -13.558740 7.271744
v 10.350545 -12.849755 12.024586
v 9.943472 -13.167284 12.525127
v 10.666217 -12.588956 11.433622
v 10.859370 -12.422724 10.800048
v 10.927089 -12.363201 10.122132
v 9.923318 -13.182480 7.698814
v 10.351263 -12.849177 8.220755
v 10.666217 -12.588956 8.810642
v 10.859506 -12.422605 9.444892
v 7.354683 -14.770194 55.000000
v 9.943472 -13.167284 55.000000
v 7.500000 -14.696938 13.549221
v 8.175233 -14.332326 13.482042
v 9.402322 -13.558995 12.972765
v 8.811490 -13.950184 13.288349
v 7.354683 -14.770194 13.549221
v 4.515439 -15.870123 13.549221
v 4.515439 -15.870123 55.000000
v 1.522428 -16.429614 13.549221
v 1.522428 -16.429614 55.000000
v -1.522428 -16.429614 13.549221
v -1.522428 -16.429614 55.000000
v -4.515439 -15.870123 13.549221
v -4.515439 -15.870123 55.000000
v -7.354683 -14.770194 13.549221
v -7.354683 -14.770194 55.000000
v -8.177009 -14.331313 13.481685
v -8.811490 -13.950184 13.288349
v -7.500000 -14.696938 13.549221
v -9.402689 -13.558740 12.972520
v 0.000000 -18.500000 13.549221
v -3.212491 -18.218943 13.549221
v -1.522428 -16.429614 13.549221
v 7.354683 -14.770194 13.549221
v 7.500000 -16.911535 13.549221
v 6.327373 -17.384313 13.549221
v 1.522428 -16.429614 13.549221
v 3.212491 -18.218943 13.549221
v -6.327373 -17.384313 13.549221
v -4.515439 -15.870123 13.549221
v -7.354683 -14.770194 13.549221
v 4.515439 -15.870123 13.549221
v -7.500000 -16.911535 13.549221
v -7.500000 -14.696938 13.549221
v 7.500000 -14.696938 13.549221
v 8.811490 -16.266765 6.955915
v 8.177009 -14.331313 6.762579
v 7.500000 -14.696938 6.695043
v 7.500000 -16.911535 6.695043
v 8.173614 -16.596447 6.761897
v 8.811490 -13.950184 6.955915
v 9.923318 -15.613384 7.698814
v 9.402689 -13.558740 7.271744
v 9.923318 -13.182480 7.698814
v 9.250000 -16.021470 7.175535
v 10.666217 -15.115615 8.810642
v 10.351263 -12.849177 8.220755
v 10.666217 -12.588956 8.810642
v 10.344293 -15.337719 8.210343
v 10.859506 -12.422605 9.444892
v 10.859928 -14.977048 9.446990
v 10.927089 -14.928119 10.122132
v 10.927089 -12.363201 10.122132
v 10.859370 -12.422724 10.800048
v 10.859839 -14.977112 10.797719
v 10.666217 -12.588956 11.433622
v 10.666217 -15.115615 11.433622
v 10.342704 -15.338790 12.036282
v 9.943472 -13.167284 12.525127
v 10.350545 -12.849755 12.024586
v 9.923318 -15.613384 12.545450
v 9.250000 -16.021470 13.068730
v 8.811490 -13.950184 13.288349
v 9.402322 -13.558995 12.972765
v 8.811490 -16.266765 13.288349
v 8.171896 -16.597292 13.482711
v 7.500000 -14.696938 13.549221
v 8.175233 -14.332326 13.482042
v 7.500000 -16.911535 13.549221
v 0.000000 -18.500000 6.695043
v 1.522428 -16.429614 6.695043
v -1.522428 -16.429614 6.695043
v -7.354683 -14.770194 6.695043
v -7.500000 -16.911535 6.695043
v -6.327373 -17.384313 6.695043
v -3.212491 -18.218943 6.695043
v -4.515439 -15.870123 6.695043
v 7.354683 -14.770194 6.695043
v 4.515439 -15.870123 6.695043
v 6.327373 -17.384313 6.695043
v 3.212491 -18.218943 6.695043
v 7.500000 -16.911535 6.695043
v 7.500000 -14.696938 6.695043
v -7.500000 -14.696938 6.695043
v -8.811490 -16.266765 13.288349
v -8.177009 -14.331313 13.481685
v -7.500000 -14.696938 13.549221
v -7.500000 -16.911535 13.549221
v -8.173614 -16.596447 13.482367
v -8.811490 -13.950184 13.288349
v -9.923318 -15.613384 12.545450
v -9.402689 -13.558740 12.972520
v -9.923318 -13.182480 12.545450
v -9.250000 -16.021470 13.068730
v -10.666217 -15.115615 11.433622
v -10.351263 -12.849177 12.023509
v -10.666217 -12.588956 11.433622
v -10.344293 -15.337719 12.033921
v -10.859506 -12.422605 10.799372
v -10.859928 -14.977048 10.797275
v -10.927089 -14.928119 10.122132
v -10.927089 -12.363201 10.122132
v -10.859370 -12.422724 9.444217
v -10.859839 -14.977112 9.446545
v -10.666217 -12.588956 8.810642
v -10.666217 -15.115615 8.810642
v -10.342704 -15.338790 8.207982
v -9.943472 -13.167284 7.719137
v -10.350545 -12.849755 8.219679
v -9.923318 -15.613384 7.698814
v -9.250000 -16.021470 7.175535
v -8.811490 -13.950184 6.955915
v -9.402322 -13.558995 7.271499
v -8.811490 -16.266765 6.955915
v -8.171896 -16.597292 6.761553
v -7.500000 -14.696938 6.695043
v -8.175233 -14.332326 6.762222
v -7.500000 -16.911535 6.695043
v -8.811490 16.266765 6.955915
v -8.177009 14.331313 6.762579
v -7.500000 14.696938 6.695043
v -7.500000 16.911535 6.695043
v -8.173614 16.596447 6.761897
v -8.811490 13.950184 6.955915
v -9.923318 15.613384 7.698814
v -9.402689 13.558740 7.271744
v -9.923318 13.182480 7.698814
v -9.250000 16.021470 7.175535
v -10.666217 15.115615 8.810642
v -10.351263 12.849177 8.220755
v -10.666217 12.588956 8.810642
v -10.344293 15.337719 8.210343
v -10.859506 12.422605 9.444892
v -10.859928 14.977048 9.446990
v -10.927089 14.928119 10.122132
v -10.927089 12.363201 10.122132
v -10.859370 12.422724 10.800048
v -10.859839 14.977112 10.797719
v -10.666217 12.588956 11.433622
v -10.666217 15.115615 11.433622
v -10.342704 15.338790 12.036282
v -9.943472 13.167284 12.525127
v -10.350545 12.849755 12.024586
v -9.923318 15.613384 12.545450
v -9.250000 16.021470 13.068730
v -8.811490 13.950184 13.288349
v -9.402322 13.558995 12.972765
v -8.811490 16.266765 13.288349
v -8.171896 16.597292 13.482711
v -7.500000 14.696938 13.549221
v -8.175233 14.332326 13.482042
v -7.500000 16.911535 13.549221
v 0.000000 18.500000 6.695043
v -1.522428 16.429614 6.695043
v 1.522428 16.429614 6.695043
v 3.212491 18.218943 6.695043
v 4.515439 15.870123 6.695043
v -3.212491 18.218943 6.695043
v -6.327373 17.384313 6.695043
v -4.515439 15.870123 6.695043
v -7.354683 14.770194 6.695043
v 7.354683 14.770194 6.695043
v 7.500000 16.911535 6.695043
v 6.327373 17.384313 6.695043
v -7.500000 16.911535 6.695043
v -7.500000 14.696938 6.695043
v 7.500000 14.696938 6.695043
v 8.811490 16.266765 13.288349
v 8.177009 14.331313 13.481685
v 7.500000 14.696938 13.549221
v 7.500000 16.911535 13.549221
v 8.173614 16.596447 13.482367
v 8.811490 13.950184 13.288349
v 9.923318 15.613384 12.545450
v 9.402689 13.558740 12.972520
v 9.923318 13.182480 12.545450
v 9.250000 16.021470 13.068730
v 10.666217 15.115615 11.433622
v 10.351263 12.849177 12.023509
v 10.666217 12.588956 11.433622
v 10.344293 15.337719 12.033921
v 10.859506 12.422605 10.799372
v 10.859928 14.977048 10.797275
v 10.927089 14.928119 10.122132
v 10.927089 12.363201 10.122132
v 10.859370 12.422724 9.444217
v 10.859839 14.977112 9.446545
v 10.666217 12.588956 8.810642
v 10.666217 15.115615 8.810642
v 10.342704 15.338790 8.207982
v 9.943472 13.167284 7.719137
v 10.350545 12.849755 8.219679
v 9.923318 15.613384 7.698814
v 9.250000 16.021470 7.175535
v 8.811490 13.950184 6.955915
v 9.402322 13.558995 7.271499
v 8.811490 16.266765 6.955915
v 8.171896 16.597292 6.761553
v 7.500000 14.696938 6.695043
v 8.175233 14.332326 6.762222
v 7.500000 16.911535 6.695043
v 0.000000 18.500000 13.549221
v 3.212491 18.218943 13.549221
v 1.522428 16.429614 13.549221
v -3.212491 18.218943 13.549221
v -1.522428 16.429614 13.549221
v -4.515439 15.870123 13.549221
v -7.354683 14.770194 13.549221
v -7.500000 16.911535 13.549221
v -6.327373 17.384313 13.549221
v 6.327373 17.384313 13.549221
v 4.515439 15.870123 13.549221
v 7.354683 14.770194 13.549221
v 7.500000 16.911535 13.549221
v 7.500000 14.696938 13.549221
v -7.500000 14.696938 13.549221
v -18.500000 0.000000 -2.000000
v -18.500000 0.000000 57.000000
v -18.218943 3.212491 57.000000
v -18.218943 3.212491 -2.000000
v -17.384313 6.327373 57.000000
v -17.384313 6.327373 -2.000000
v -16.021470 9.250000 57.000000
v -16.021470 9.250000 -2.000000
v -14.171822 11.891571 57.000000
v -14.171822 11.891571 -2.000000
v -11.891571 14.171822 57.000000
v 11.891571 14.171822 -2.000000
v 11.891571 14.171822 57.000000
v 14.171822 11.891571 57.000000
v 14.171822 11.891571 -2.000000
v 16.021470 9.250000 57.000000
v 16.021470 9.250000 -2.000000
v 17.384313 6.327373 57.000000
v 17.384313 6.327373 -2.000000
v 18.218943 3.212491 57.000000
v 18.218943 3.212491 -2.000000
v 18.500000 0.000000 57.000000
v 18.500000 0.000000 -2.000000
v 18.218943 -3.212491 57.000000
v 18.218943 -3.212491 -2.000000
v 17.384313 -6.327373 57.000000
v 17.384313 -6.327373 -2.000000
v 16.021470 -9.250000 57.000000
v 16.021470 -9.250000 -2.000000
v 14.171822 -11.891571 57.000000
v 14.171822 -11.891571 -2.000000
v 11.891571 -14.171822 57.000000
v -11.891571 -14.171822 -2.000000
v -11.891571 -14.171822 57.000000
v -14.171822 -11.891571 57.000000
v -14.171822 -11.891571 -2.000000
v -16.021470 -9.250000 57.000000
v -16.021470 -9.250000 -2.000000
v -17.384313 -6.327373 57.000000
v -17.384313 -6.327373 -2.000000
v -18.218943 -3.212491 57.000000
v -18.218943 -3.212491 -2.000000
v -9.923318 -15.613384 12.545450
v -9.250000 -16.021470 13.068730
v -10.666217 -15.115615 11.433622
v -10.344293 -15.337719 12.033921
v -10.859928 -14.977048 10.797275
v -10.927089 -14.928119 10.122132
v -9.923318 -15.613384 7.698814
v -10.342704 -15.338790 8.207982
v -9.250000 -16.021470 -2.000000
v -9.250000 -16.021470 7.175535
v -10.666217 -15.115615 8.810642
v -10.859839 -14.977112 9.446545
v -6.327373 -17.384313 57.000000
v -9.250000 -16.021470 57.000000
v -7.500000 -16.911535 13.549221
v -8.173614 -16.596447 13.482367
v -8.811490 -16.266765 13.288349
v -3.212491 -18.218943 13.549221
v -3.212491 -18.218943 57.000000
v 0.000000 -18.500000 13.549221
v 0.000000 -18.500000 57.000000
v 3.212491 -18.218943 13.549221
v 3.212491 -18.218943 57.000000
v 6.327373 -17.384313 13.549221
v 6.327373 -17.384313 57.000000
v 9.250000 -16.021470 57.000000
v 8.171896 -16.597292 13.482711
v 8.811490 -16.266765 13.288349
v 7.500000 -16.911535 13.549221
v 11.891571 -14.171822 -2.000000
v 9.923318 -15.613384 7.698814
v 9.250000 -16.021470 7.175535
v 10.666217 -15.115615 8.810642
v 10.344293 -15.337719 8.210343
v 10.859928 -14.977048 9.446990
v 10.927089 -14.928119 10.122132
v 10.859839 -14.977112 10.797719
v 9.923318 -15.613384 12.545450
v 10.342704 -15.338790 12.036282
v 9.250000 -16.021470 13.068730
v 10.666217 -15.115615 11.433622
v 6.327373 -17.384313 -2.000000
v 9.250000 -16.021470 -2.000000
v 7.500000 -16.911535 6.695043
v 8.173614 -16.596447 6.761897
v 8.811490 -16.266765 6.955915
v 6.327373 -17.384313 6.695043
v 3.212491 -18.218943 6.695043
v 3.212491 -18.218943 -2.000000
v 0.000000 -18.500000 6.695043
v 0.000000 -18.500000 -2.000000
v -3.212491 -18.218943 6.695043
v -3.212491 -18.218943 -2.000000
v -6.327373 -17.384313 6.695043
v -8.171896 -16.597292 6.761553
v -8.811490 -16.266765 6.955915
v -6.327373 -17.384313 -2.000000
v -7.500000 -16.911535 6.695043
v 9.923318 15.613384 12.545450
v 9.250000 16.021470 13.068730
v 10.666217 15.115615 11.433622
v 10.344293 15.337719 12.033921
v 10.859928 14.977048 10.797275
v 10.927089 14.928119 10.122132
v 9.923318 15.613384 7.698814
v 10.342704 15.338790 8.207982
v 9.250000 16.021470 -2.000000
v 9.250000 16.021470 7.175535
v 10.666217 15.115615 8.810642
v 10.859839 14.977112 9.446545
v 6.327373 17.384313 57.000000
v 9.250000 16.021470 57.000000
v 7.500000 16.911535 13.549221
v 8.173614 16.596447 13.482367
v 8.811490 16.266765 13.288349
v 3.212491 18.218943 13.549221
v 3.212491 18.218943 57.000000
v 0.000000 18.500000 13.549221
v 0.000000 18.500000 57.000000
v -3.212491 18.218943 13.549221
v -3.212491 18.218943 57.000000
v -6.327373 17.384313 13.549221
v -6.327373 17.384313 57.000000
v -9.250000 16.021470 57.000000
v -8.171896 16.597292 13.482711
v -8.811490 16.266765 13.288349
v -7.500000 16.911535 13.549221
v -11.891571 14.171822 -2.000000
v -9.923318 15.613384 7.698814
v -9.250000 16.021470 7.175535
v -10.666217 15.115615 8.810642
v -10.344293 15.337719 8.210343
v -10.859928 14.977048 9.446990
v -10.927089 14.928119 10.122132
v -10.859839 14.977112 10.797719
v -9.923318 15.613384 12.545450
v -10.342704 15.338790 12.036282
v -9.250000 16.021470 13.068730
v -10.666217 15.115615 11.433622
v -6.327373 17.384313 -2.000000
v -9.250000 16.021470 -2.000000
v -7.500000 16.911535 6.695043
v -8.173614 16.596447 6.761897
v -8.811490 16.266765 6.955915
v -6.327373 17.384313 6.695043
v -3.212491 18.218943 6.695043
v -3.212491 18.218943 -2.000000
v 0.000000 18.500000 6.695043
v 0.000000 18.500000 -2.000000
v 3.212491 18.218943 6.695043
v 3.212491 18.218943 -2.000000
v 6.327373 17.384313 6.695043
v 8.171896 16.597292 6.761553
v 8.811490 16.266765 6.955915
v 6.327373 17.384313 -2.000000
v 7.500000 16.911535 6.695043
v 6.327373 17.384313 13.549221
v -6.327373 -17.384313 13.549221
v 4.515439 15.870123 55.000000
v 7.354683 14.770194 55.000000
v 2.250000 3.897114 55.000000
v 9.943472 13.167284 55.000000
v 12.193647 11.115978 55.000000
v 3.447200 2.892544 55.000000
v 16.219056 -3.031867 55.000000
v 4.228617 -1.539091 55.000000
v 4.500000 0.000000 55.000000
v 14.028583 -8.686131 55.000000
v 3.447200 -2.892544 55.000000
v -14.028583 8.686131 55.000000
v -3.447200 2.892544 55.000000
v -4.228617 1.539091 55.000000
v -9.943472 13.167284 55.000000
v -2.250000 3.897114 55.000000
v 0.781417 4.431635 55.000000
v 1.522428 16.429614 55.000000
v 14.028583 8.686131 55.000000
v 15.385792 5.960487 55.000000
v 4.228617 1.539091 55.000000
v 16.219056 3.031867 55.000000
v 16.500000 0.000000 55.000000
v 15.385792 -5.960487 55.000000
v -4.515439 -15.870123 55.000000
v -7.354683 -14.770194 55.000000
v -2.250000 -3.897114 55.000000
v -9.943472 -13.167284 55.000000
v -12.193647 -11.115978 55.000000
v -3.447200 -2.892544 55.000000
v -16.219056 3.031867 55.000000
v -4.500000 0.000000 55.000000
v -15.385792 5.960487 55.000000
v -12.193647 11.115978 55.000000
v -4.515439 15.870123 55.000000
v -0.781417 4.431635 55.000000
v 12.193647 -11.115978 55.000000
v 9.943472 -13.167284 55.000000
v 2.250000 -3.897114 55.000000
v 4.515439 -15.870123 55.000000
v 0.781417 -4.431635 55.000000
v -0.781417 -4.431635 55.000000
v -1.522428 -16.429614 55.000000
v -14.028583 -8.686131 55.000000
v -15.385792 -5.960487 55.000000
v -4.228617 -1.539091 55.000000
v -16.500000 0.000000 55.000000
v -7.354683 14.770194 55.000000
v -1.522428 16.429614 55.000000
v 7.354683 -14.770194 55.000000
v 1.522428 -16.429614 55.000000
v -16.219056 -3.031867 55.000000
v -4.228617 -1.539091 55.000000
v -4.500000 0.000000 55.000000
v -4.500000 0.000000 60.000000
v -3.447200 -2.892544 55.000000
v -4.228617 -1.539091 60.000000
v -2.250000 -3.897114 55.000000
v -3.447200 -2.892544 60.000000
v -0.781417 -4.431635 55.000000
v -2.250000 -3.897114 60.000000
v 0.781417 -4.431635 55.000000
v -0.781417 -4.431635 60.000000
v 2.250000 -3.897114 55.000000
v 0.781417 -4.431635 60.000000
v 3.447200 -2.892544 55.000000
v 2.250000 -3.897114 60.000000
v 4.228617 -1.539091 55.000000
v 3.447200 -2.892544 60.000000
v 4.500000 0.000000 55.000000
v 4.228617 -1.539091 60.000000
v 4.228617 1.539091 55.000000
v 4.500000 0.000000 60.000000
v 3.447200 2.892544 55.000000
v 4.228617 1.539091 60.000000
v 2.250000 3.897114 55.000000
v 3.447200 2.892544 60.000000
v 0.781417 4.431635 55.000000
v 2.250000 3.897114 60.000000
v -0.781417 4.431635 55.000000
v 0.781417 4.431635 60.000000
v -2.250000 3.897114 55.000000
v -0.781417 4.431635 60.000000
v -3.447200 2.892544 55.000000
v -2.250000 3.897114 60.000000
v -4.228617 1.539091 55.000000
v -3.447200 2.892544 60.000000
v -4.228617 1.539091 60.000000
v -4.228617 1.539091 60.000000
v -3.993694 1.453586 60.000000
v -4.250000 0.000000 60.000000
v -3.447200 2.892544 60.000000
v -3.255689 2.731847 60.000000
v -2.250000 3.897114 60.000000
v -2.125000 3.680608 60.000000
v -0.781417 4.431635 60.000000
v -0.738005 4.185433 60.000000
v 4.500000 0.000000 60.000000
v 4.250000 0.000000 60.000000
v 3.993694 1.453586 60.000000
v 4.228617 -1.539091 60.000000
v 3.993694 -1.453586 60.000000
v 0.781417 4.431635 60.000000
v 0.738005 4.185433 60.000000
v 2.250000 3.897114 60.000000
v 2.125000 3.680608 60.000000
v 3.447200 -2.892544 60.000000
v 3.255689 -2.731847 60.000000
v 2.250000 -3.897114 60.000000
v 2.125000 -3.680608 60.000000
v 0.781417 -4.431635 60.000000
v 0.738005 -4.185433 60.000000
v 3.447200 2.892544 60.000000
v 3.255689 2.731847 60.000000
v 4.228617 1.539091 60.000000
v -0.781417 -4.431635 60.000000
v -0.738005 -4.185433 60.000000
v -2.250000 -3.897114 60.000000
v -2.125000 -3.680608 60.000000
v -3.447200 -2.892544 60.000000
v -3.255689 -2.731847 60.000000
v -4.228617 -1.539091 60.000000
v -3.993694 -1.453586 60.000000
v -4.500000 0.000000 60.000000
v 0.000000 18.500000 57.000000
v -0.925046 6.433839 57.000000
v 0.925046 6.433839 57.000000
v 3.212491 18.218943 57.000000
v -6.327373 17.384313 57.000000
v -2.700198 5.912608 57.000000
v -9.250000 16.021470 57.000000
v -11.891571 14.171822 57.000000
v -4.256595 4.912372 57.000000
v -14.171822 11.891571 57.000000
v -5.468148 3.514165 57.000000
v 6.327373 17.384313 57.000000
v -3.212491 18.218943 57.000000
v -18.218943 3.212491 57.000000
v -18.500000 0.000000 57.000000
v -6.500000 0.000000 57.000000
v -16.021470 9.250000 57.000000
v -17.384313 6.327373 57.000000
v -6.236704 1.831262 57.000000
v -18.218943 -3.212491 57.000000
v -6.236704 -1.831262 57.000000
v -14.171822 -11.891571 57.000000
v -11.891571 -14.171822 57.000000
v -4.256595 -4.912372 57.000000
v -9.250000 -16.021470 57.000000
v -2.700198 -5.912608 57.000000
v -5.468148 -3.514165 57.000000
v -16.021470 -9.250000 57.000000
v 18.218943 3.212491 57.000000
v 6.236704 1.831262 57.000000
v 6.500000 0.000000 57.000000
v 14.171822 11.891571 57.000000
v 11.891571 14.171822 57.000000
v 4.256595 4.912372 57.000000
v 9.250000 16.021470 57.000000
v 2.700198 5.912608 57.000000
v -17.384313 -6.327373 57.000000
v -6.327373 -17.384313 57.000000
v -3.212491 -18.218943 57.000000
v -0.925046 -6.433839 57.000000
v 9.250000 -16.021470 57.000000
v 11.891571 -14.171822 57.000000
v 4.256595 -4.912372 57.000000
v 18.500000 0.000000 57.000000
v 17.384313 6.327373 57.000000
v 16.021470 9.250000 57.000000
v 5.468148 3.514165 57.000000
v 0.000000 -18.500000 57.000000
v 3.212491 -18.218943 57.000000
v 0.925046 -6.433839 57.000000
v 6.327373 -17.384313 57.000000
v 2.700198 -5.912608 57.000000
v 14.171822 -11.891571 57.000000
v 5.468148 -3.514165 57.000000
v 18.218943 -3.212491 57.000000
v 17.384313 -6.327373 57.000000
v 6.236704 -1.831262 57.000000
v 16.021470 -9.250000 57.000000
v -6.500000 0.000000 57.000000
v -6.500000 0.000000 62.000000
v -6.236704 1.831262 62.000000
v -6.236704 1.831262 57.000000
v -5.468148 3.514165 62.000000
v -5.468148 3.514165 57.000000
v -4.256595 4.912372 62.000000
v -4.256595 4.912372 57.000000
v -2.700198 5.912608 62.000000
v -2.700198 5.912608 57.000000
v -0.925046 6.433839 62.000000
v -0.925046 6.433839 57.000000
v 0.925046 6.433839 62.000000
v 0.925046 6.433839 57.000000
v 2.700198 5.912608 62.000000
v 2.700198 5.912608 57.000000
v 4.256595 4.912372 62.000000
v 4.256595 4.912372 57.000000
v 5.468148 3.514165 62.000000
v 5.468148 3.514165 57.000000
v 6.236704 1.831262 62.000000
v 6.236704 1.831262 57.000000
v 6.500000 0.000000 62.000000
v 6.500000 0.000000 57.000000
v 6.236704 -1.831262 62.000000
v 6.236704 -1.831262 57.000000
v 5.468148 -3.514165 62.000000
v 5.468148 -3.514165 57.000000
v 4.256595 -4.912372 62.000000
v 4.256595 -4.912372 57.000000
v 2.700198 -5.912608 62.000000
v 2.700198 -5.912608 57.000000
v 0.925046 -6.433839 62.000000
v 0.925046 -6.433839 57.000000
v -0.925046 -6.433839 62.000000
v -0.925046 -6.433839 57.000000
v -2.700198 -5.912608 62.000000
v -2.700198 -5.912608 57.000000
v -4.256595 -4.912372 62.000000
v -4.256595 -4.912372 57.000000
v -5.468148 -3.514165 62.000000
v -5.468148 -3.514165 57.000000
v -6.236704 -1.831262 62.000000
v -6.236704 -1.831262 57.000000
v 4.256595 4.912372 62.000000
v 2.700198 5.912608 62.000000
v 2.125000 3.680608 62.000000
v 5.468148 3.514165 62.000000
v 3.255689 2.731847 62.000000
v 3.993694 1.453586 62.000000
v 4.256595 -4.912372 62.000000
v 3.255689 -2.731847 62.000000
v 2.125000 -3.680608 62.000000
v 6.236704 1.831262 62.000000
v 4.250000 0.000000 62.000000
v 0.925046 6.433839 62.000000
v 0.738005 4.185433 62.000000
v -0.925046 6.433839 62.000000
v -0.738005 4.185433 62.000000
v -4.256595 4.912372 62.000000
v -3.255689 2.731847 62.000000
v -2.125000 3.680608 62.000000
v -5.468148 3.514165 62.000000
v -6.236704 1.831262 62.000000
v -3.993694 1.453586 62.000000
v -6.500000 0.000000 62.000000
v -4.250000 0.000000 62.000000
v -6.236704 -1.831262 62.000000
v -3.993694 -1.453586 62.000000
v -5.468148 -3.514165 62.000000
v -3.255689 -2.731847 62.000000
v -4.256595 -4.912372 62.000000
v -2.700198 -5.912608 62.000000
v -2.125000 -3.680608 62.000000
v 2.700198 -5.912608 62.000000
v 0.738005 -4.185433 62.000000
v -2.700198 5.912608 62.000000
v -0.925046 -6.433839 62.000000
v -0.738005 -4.185433 62.000000
v 0.925046 -6.433839 62.000000
v 5.468148 -3.514165 62.000000
v 6.236704 -1.831262 62.000000
v 3.993694 -1.453586 62.000000
v 6.500000 0.000000 62.000000
v 3.993694 -1.453586 62.000000
v 4.250000 0.000000 62.000000
v 4.250000 0.000000 60.000000
v 3.255689 -2.731847 62.000000
v 3.993694 -1.453586 60.000000
v 2.125000 -3.680608 62.000000
v 3.255689 -2.731847 60.000000
v 0.738005 -4.185433 62.000000
v 2.125000 -3.680608 60.000000
v -0.738005 -4.185433 62.000000
v 0.738005 -4.185433 60.000000
v -2.125000 -3.680608 62.000000
v -0.738005 -4.185433 60.000000
v -3.255689 -2.731847 62.000000
v -2.125000 -3.680608 60.000000
v -3.993694 -1.453586 62.000000
v -3.255689 -2.731847 60.000000
v -4.250000 0.000000 62.000000
v -3.993694 -1.453586 60.000000
v -3.993694 1.453586 62.000000
v -4.250000 0.000000 60.000000
v -3.255689 2.731847 62.000000
v -3.993694 1.453586 60.000000
v -2.125000 3.680608 62.000000
v -3.255689 2.731847 60.000000
v -0.738005 4.185433 62.000000
v -2.125000 3.680608 60.000000
v 0.738005 4.185433 62.000000
v -0.738005 4.185433 60.000000
v 2.125000 3.680608 62.000000
v 0.738005 4.185433 60.000000
v 3.255689 2.731847 62.000000
v 2.125000 3.680608 60.000000
v 3.993694 1.453586 62.000000
v 3.255689 2.731847 60.000000
v 3.993694 1.453586 60.000000
vn 0.000 0.000 -1.000
vn 0.000 0.000 -1.000
vn 0.000 0.000 -1.000
vn 0.000 0.000 -1.000
vn 0.000 0.000 -1.000
vn 0.000 0.000 -1.000
vn 0.000 0.000 -1.000
vn 0.000 0.000 -1.000
vn 0.000 0.000 -1.000
vn 0.000 0.000 -1.000
vn 0.000 0.000 -1.000
vn 0.000 0.000 -1.000
vn 0.000 0.000 -1.000
vn 0.000 0.000 -1.000
vn 0.000 0.000 -1.000
vn 0.000 0.000 -1.000
vn 0.000 0.000 -1.000
vn -0.924 0.383 0.000
vn -1.000 0.000 0.000
vn -1.000 0.000 0.000
vn -0.707 0.707 0.000
vn -0.924 0.383 0.000
vn -0.383 0.924 0.000
vn -0.707 0.707 0.000
vn 0.000 1.000 0.000
vn -0.383 0.924 0.000
vn 0.383 0.924 0.000
vn 0.000 1.000 0.000
vn 0.707 0.707 0.000
vn 0.383 0.924 0.000
vn 0.924 0.383 0.000
vn 0.707 0.707 0.000
vn 1.000 0.000 0.000
vn 0.924 0.383 0.000
vn 0.924 -0.383 0.000
vn 1.000 0.000 0.000
vn 0.707 -0.707 0.000
vn 0.924 -0.383 0.000
vn 0.383 -0.924 0.000
vn 0.707 -0.707 0.000
vn 0.000 -1.000 0.000
vn 0.383 -0.924 0.000
vn -0.383 -0.924 0.000
vn 0.000 -1.000 0.000
vn -0.707 -0.707 0.000
vn -0.383 -0.924 0.000
vn -0.924 -0.383 0.000
vn -0.707 -0.707 0.000
vn -0.924 -0.383 0.000
vn 0.000 0.000 -1.000
vn 0.000 0.000 -1.000
vn 0.000 0.000 -1.000
vn 0.000 0.000 -1.000
vn 0.000 0.000 -1.000
vn 0.000 0.000 -1.000
vn 0.000 0.000 -1.000
vn 0.000 0.000 -1.000
vn 0.000 0.000 -1.000
vn 0.000 0.000 -1.000
vn 0.000 0.000 -1.000
vn 0.000 0.000 -1.000
vn 0.000 0.000 -1.000
vn 0.000 0.000 -1.000
vn 0.000 0.000 -1.000
vn 0.000 0.000 -1.000
vn 0.000 0.000 -1.000
vn 0.000 0.000 -1.000
vn 0.000 0.000 -1.000
vn 0.000 0.000 -1.000
vn 0.000 0.000 -1.000
vn 0.000 0.000 -1.000
vn 0.000 0.000 -1.000
vn 0.000 0.000 -1.000
vn 0.000 0.000 -1.000
vn 0.000 0.000 -1.000
vn 0.000 0.000 -1.000
vn 0.000 0.000 -1.000
vn 0.000 0.000 -1.000
vn 0.000 0.000 -1.000
vn 0.000 0.000 -1.000
vn 0.000 0.000 -1.000
vn 0.000 0.000 -1.000
vn 0.000 0.000 -1.000
vn 0.000 0.000 -1.000
vn 0.000 0.000 -1.000
vn 1.000 0.000 0.000
vn 1.000 0.000 0.000
vn 0.946 0.325 0.000
vn 0.946 0.325 0.000
vn 0.789 0.614 0.000
vn 0.789 0.614 0.000
vn 0.547 0.837 0.000
vn 0.547 0.837 0.000
vn 0.245 0.969 0.000
vn 0.245 0.969 0.000
vn -0.083 0.997 0.000
vn -0.083 0.997 0.000
vn -0.402 0.916 0.000
vn -0.402 0.916 0.000
vn -0.677 0.736 0.000
vn -0.677 0.736 0.000
vn -0.879 0.476 0.000
vn -0.879 0.476 0.000
vn -0.986 0.165 0.000
vn -0.986 -0.165 0.000
vn -0.986 -0.165 0.000
vn -1.000 0.000 0.000
vn -0.986 0.165 0.000
vn -1.000 0.000 0.000
vn -0.879 -0.476 0.000
vn -0.879 -0.476 0.000
vn -0.677 -0.736 0.000
vn -0.677 -0.736 0.000
vn -0.402 -0.916 0.000
vn -0.402 -0.916 0.000
vn -0.083 -0.997 0.000
vn -0.083 -0.997 0.000
vn 0.245 -0.969 0.000
vn 0.245 -0.969 0.000
vn 0.547 -0.837 0.000
vn 0.547 -0.837 0.000
vn 0.789 -0.614 0.000
vn 0.789 -0.614 0.000
vn 0.946 -0.325 0.000
vn 0.946 -0.325 0.000
vn 0.000 0.000 -1.000
vn 0.000 0.000 -1.000
vn 0.000 0.000 -1.000
vn 0.000 0.000 -1.000
vn 0.000 0.000 -1.000
vn 0.000 0.000 -1.000
vn 0.000 0.000 -1.000
vn 0.000 0.000 -1.000
vn 0.000 0.000 -1.000
vn 0.000 0.000 -1.000
vn 0.000 0.000 -1.000
vn 0.000 0.000 -1.000
vn 0.000 0.000 -1.000
vn 0.000 0.000 -1.000
vn 0.000 0.000 -1.000
vn 0.000 0.000 -1.000
vn 0.000 0.000 -1.000
vn 0.000 0.000 -1.000
vn 0.000 0.000 -1.000
vn 0.000 0.000 -1.000
vn 0.000 0.000 -1.000
vn 0.000 0.000 -1.000
vn 0.000 0.000 -1.000
vn 0.000 0.000 -1.000
vn 0.000 0.000 -1.000
vn 0.000 0.000 -1.000
vn 0.000 0.000 -1.000
vn 0.000 0.000 -1.000
vn 0.000 0.000 -1.000
vn 0.000 0.000 -1.000
vn 0.000 0.000 -1.000
vn 0.000 0.000 -1.000
vn 0.000 0.000 -1.000
vn 0.000 0.000 -1.000
vn 0.000 0.000 -1.000
vn 0.000 0.000 -1.000
vn 0.000 0.000 -1.000
vn 0.000 0.000 -1.000
vn 0.000 0.000 -1.000
vn 0.000 0.000 -1.000
vn 0.000 0.000 -1.000
vn 0.000 0.000 -1.000
vn 0.000 0.000 -1.000
vn 0.000 0.000 -1.000
vn 0.000 0.000 -1.000
vn 0.000 0.000 -1.000
vn 0.000 0.000 -1.000
vn 0.000 0.000 -1.000
vn 0.000 0.000 -1.000
vn 0.000 0.000 -1.000
vn 0.000 0.000 -1.000
vn 0.000 0.000 -1.000
vn 0.000 0.000 -1.000
vn 0.000 0.000 -1.000
vn 0.000 0.000 -1.000
vn 0.000 0.000 -1.000
vn 0.000 0.000 -1.000
vn 0.000 0.000 -1.000
vn 0.000 0.000 -1.000
vn 0.000 0.000 -1.000
vn 0.000 0.000 -1.000
vn 0.000 0.000 -1.000
vn 0.000 0.000 -1.000
vn 0.000 0.000 -1.000
vn 0.000 0.000 -1.000
vn 0.000 0.000 -1.000
vn 0.000 0.000 -1.000
vn 0.000 0.000 -1.000
vn 0.000 0.000 -1.000
vn 0.000 0.000 -1.000
vn 0.000 0.000 -1.000
vn 0.000 0.000 -1.000
vn 0.000 0.000 -1.000
vn 0.000 0.000 -1.000
vn 0.000 0.000 -1.000
vn 0.000 0.000 -1.000
vn 0.000 0.000 -1.000
vn 0.000 0.000 -1.000
vn 0.000 0.000 -1.000
vn 0.000 0.000 -1.000
vn 0.000 0.000 -1.000
vn 0.000 0.000 -1.000
vn 0.000 0.000 -1.000
vn 0.000 0.000 -1.000
vn 0.000 0.000 -1.000
vn 0.000 0.000 -1.000
vn 0.000 0.000 -1.000
vn 0.000 0.000 -1.000
vn 0.000 0.000 -1.000
vn 0.000 0.000 -1.000
vn 0.000 0.000 -1.000
vn 0.000 0.000 -1.000
vn 0.000 0.000 -1.000
vn 1.000 0.024 0.000
vn 0.878 -0.479 0.000
vn 0.878 -0.479 0.000
vn 0.854 0.521 0.000
vn 1.000 0.024 0.000
vn 0.479 0.878 0.000
vn 0.854 0.521 0.000
vn -0.024 1.000 0.000
vn 0.479 0.878 0.000
vn -0.521 0.854 0.000
vn -0.024 1.000 0.000
vn -0.878 0.479 0.000
vn -0.521 0.854 0.000
vn -0.878 0.479 0.000
vn -0.955 0.295 0.000
vn -0.878 0.479 0.000
vn -0.878 0.479 0.000
vn -0.995 0.100 0.000
vn -0.955 0.295 0.000
vn -0.995 -0.100 0.000
vn -0.995 0.100 0.000
vn -0.955 -0.295 0.000
vn -0.995 -0.100 0.000
vn -0.878 -0.479 0.000
vn -0.955 -0.295 0.000
vn -0.878 -0.479 0.000
vn -0.521 -0.854 0.000
vn -0.878 -0.479 0.000
vn -0.878 -0.479 0.000
vn -0.024 -1.000 0.000
vn -0.521 -0.854 0.000
vn 0.479 -0.878 0.000
vn -0.024 -1.000 0.000
vn 0.854 -0.521 0.000
vn 0.479 -0.878 0.000
vn 1.000 -0.024 0.000
vn 0.854 -0.521 0.000
vn 0.878 0.479 0.000
vn 1.000 -0.024 0.000
vn 0.878 0.479 0.000
vn 0.878 0.479 0.000
vn 0.878 0.479 0.000
vn 0.969 0.247 0.000
vn 0.969 0.247 0.000
vn 1.000 0.000 0.000
vn 1.000 0.000 0.000
vn 0.969 -0.247 0.000
vn 0.969 -0.247 0.000
vn 0.878 -0.479 0.000
vn 0.878 -0.479 0.000
vn 0.521 0.854 0.000
vn 0.878 0.479 0.000
vn 0.878 0.479 0.000
vn 0.024 1.000 0.000
vn 0.521 0.854 0.000
vn -0.479 0.878 0.000
vn 0.024 1.000 0.000
vn -0.854 0.521 0.000
vn -0.479 0.878 0.000
vn -1.000 0.024 0.000
vn -0.854 0.521 0.000
vn -0.878 -0.479 0.000
vn -1.000 0.024 0.000
vn -0.878 -0.479 0.000
vn -0.878 -0.479 0.000
vn -0.878 -0.479 0.000
vn -0.969 -0.247 0.000
vn -0.969 -0.247 0.000
vn -1.000 0.000 0.000
vn -1.000 0.000 0.000
vn -0.969 0.247 0.000
vn -0.969 0.247 0.000
vn -0.878 0.479 0.000
vn -0.878 0.479 0.000
vn -1.000 -0.024 0.000
vn -0.878 0.479 0.000
vn -0.878 0.479 0.000
vn -0.854 -0.521 0.000
vn -1.000 -0.024 0.000
vn -0.479 -0.878 0.000
vn -0.854 -0.521 0.000
vn 0.024 -1.000 0.000
vn -0.479 -0.878 0.000
vn 0.521 -0.854 0.000
vn 0.024 -1.000 0.000
vn 0.878 -0.479 0.000
vn 0.521 -0.854 0.000
vn 0.878 -0.479 0.000
vn 0.955 -0.295 0.000
vn 0.878 -0.479 0.000
vn 0.878 -0.479 0.000
vn 0.995 -0.100 0.000
vn 0.955 -0.295 0.000
vn 0.995 0.100 0.000
vn 0.995 -0.100 0.000
vn 0.955 0.295 0.000
vn 0.995 0.100 0.000
vn 0.878 0.479 0.000
vn 0.955 0.295 0.000
vn 0.878 0.479 0.000
vn 0.000 0.000 1.000
vn 0.000 0.000 1.000
vn 0.000 0.000 1.000
vn 0.000 0.000 1.000
vn 0.000 0.000 1.000
vn 0.000 0.000 1.000
vn 0.000 0.000 1.000
vn 0.000 0.000 1.000
vn 0.000 0.000 1.000
vn 0.000 0.000 1.000
vn 0.000 0.000 1.000
vn 0.000 0.000 1.000
vn 0.000 0.000 1.000
vn 0.000 0.000 1.000
vn 0.000 0.000 1.000
vn 0.000 0.000 1.000
vn 0.000 0.000 1.000
vn 0.000 0.000 1.000
vn 0.000 0.000 1.000
vn 0.000 0.000 1.000
vn 0.000 0.000 1.000
vn 0.000 0.000 1.000
vn 0.000 0.000 1.000
vn 0.000 0.000 1.000
vn 0.000 0.000 1.000
vn 0.000 0.000 1.000
vn 0.000 0.000 1.000
vn 0.000 0.000 1.000
vn 0.000 0.000 1.000
vn 0.000 0.000 1.000
vn 0.000 0.000 1.000
vn 0.000 0.000 1.000
vn 0.000 0.000 1.000
vn 0.000 0.000 1.000
vn 0.000 0.000 1.000
vn 0.000 0.000 1.000
vn 0.000 0.000 1.000
vn 0.000 0.000 1.000
vn 0.000 0.000 1.000
vn 0.000 0.000 1.000
vn 0.000 0.000 1.000
vn 0.000 0.000 1.000
vn 0.000 0.000 1.000
vn 0.000 0.000 1.000
vn 0.000 0.000 1.000
vn 0.000 0.000 1.000
vn 0.000 0.000 1.000
vn 0.000 0.000 1.000
vn 0.000 0.000 1.000
vn 0.000 0.000 1.000
vn 0.000 0.000 1.000
vn 0.000 0.000 1.000
vn 0.000 0.000 1.000
vn 0.000 0.000 1.000
vn 0.000 0.000 1.000
vn 0.000 0.000 1.000
vn 0.000 0.000 1.000
vn 0.000 0.000 1.000
vn 0.000 0.000 1.000
vn 0.000 0.000 1.000
vn 0.000 0.000 1.000
vn 0.000 0.000 1.000
vn 0.000 0.000 1.000
vn 0.000 0.000 1.000
vn 0.000 0.000 1.000
vn 0.000 0.000 1.000
vn 0.000 0.000 1.000
vn 0.000 0.000 1.000
vn 0.000 0.000 1.000
vn 0.000 0.000 1.000
vn 0.000 0.000 1.000
vn 0.000 0.000 1.000
vn 0.000 0.000 1.000
vn 0.000 0.000 1.000
vn 0.000 0.000 1.000
vn 0.000 0.000 1.000
vn -1.000 0.000 0.000
vn -1.000 0.000 0.000
vn -0.980 0.201 0.000
vn -0.980 0.201 0.000
vn -0.919 0.394 0.000
vn -0.919 0.394 0.000
vn -0.821 0.571 0.000
vn -0.821 0.571 0.000
vn -0.689 0.725 0.000
vn -0.689 0.725 0.000
vn -0.529 0.849 0.000
vn -0.529 0.849 0.000
vn -0.347 0.938 0.000
vn -0.347 0.938 0.000
vn -0.151 0.988 0.000
vn -0.151 0.988 0.000
vn 0.051 0.999 0.000
vn 0.051 0.999 0.000
vn 0.251 0.968 0.000
vn 0.251 0.968 0.000
vn 0.440 0.898 0.000
vn 0.440 0.898 0.000
vn 0.612 0.791 0.000
vn 0.612 0.791 0.000
vn 0.759 0.651 0.000
vn 0.759 0.651 0.000
vn 0.874 0.485 0.000
vn 0.874 0.485 0.000
vn 0.954 0.299 0.000
vn 0.954 0.299 0.000
vn 0.995 0.101 0.000
vn 0.995 0.101 0.000
vn 0.995 -0.101 0.000
vn 0.995 -0.101 0.000
vn 0.954 -0.299 0.000
vn 0.954 -0.299 0.000
vn 0.874 -0.485 0.000
vn 0.874 -0.485 0.000
vn 0.759 -0.651 0.000
vn 0.759 -0.651 0.000
vn 0.612 -0.791 0.000
vn 0.612 -0.791 0.000
vn 0.440 -0.898 0.000
vn 0.440 -0.898 0.000
vn 0.251 -0.968 0.000
vn 0.251 -0.968 0.000
vn 0.051 -0.999 0.000
vn 0.051 -0.999 0.000
vn -0.151 -0.988 0.000
vn -0.151 -0.988 0.000
vn -0.347 -0.938 0.000
vn -0.347 -0.938 0.000
vn -0.529 -0.849 0.000
vn -0.529 -0.849 0.000
vn -0.689 -0.725 0.000
vn -0.689 -0.725 0.000
vn -0.821 -0.571 0.000
vn -0.821 -0.571 0.000
vn -0.919 -0.394 0.000
vn -0.919 -0.394 0.000
vn -0.980 -0.201 0.000
vn -0.980 -0.201 0.000
vn 0.000 0.000 -1.000
vn 0.000 0.000 -1.000
vn 0.000 0.000 -1.000
vn 0.000 0.000 -1.000
vn 0.000 0.000 -1.000
vn 0.000 0.000 -1.000
vn 0.000 0.000 -1.000
vn 0.000 0.000 -1.000
vn 0.000 0.000 -1.000
vn 0.000 0.000 -1.000
vn 0.000 0.000 -1.000
vn 0.000 0.000 -1.000
vn 0.000 0.000 -1.000
vn 0.000 0.000 -1.000
vn 0.000 0.000 -1.000
vn 0.000 0.000 -1.000
vn 0.000 0.000 -1.000
vn 0.000 0.000 -1.000
vn 0.000 0.000 -1.000
vn 0.000 0.000 -1.000
vn 0.000 0.000 -1.000
vn 0.000 0.000 -1.000
vn 0.000 0.000 -1.000
vn 0.000 0.000 -1.000
vn 0.000 0.000 -1.000
vn 0.000 0.000 -1.000
vn 0.000 0.000 -1.000
vn 0.000 0.000 -1.000
vn 0.000 0.000 -1.000
vn 0.000 0.000 -1.000
vn 0.000 0.000 -1.000
vn 0.000 0.000 -1.000
vn 0.000 0.000 -1.000
vn 0.000 0.000 -1.000
vn 0.000 0.000 -1.000
vn 0.000 0.000 -1.000
vn 0.000 0.000 -1.000
vn 0.000 0.000 -1.000
vn 0.000 0.000 -1.000
vn 0.000 0.000 -1.000
vn 0.000 0.000 -1.000
vn 0.000 0.000 -1.000
vn 0.000 0.000 -1.000
vn 0.000 0.000 -1.000
vn 0.000 0.000 -1.000
vn 0.000 0.000 -1.000
vn 0.000 0.000 -1.000
vn 0.000 0.000 -1.000
vn 0.000 0.000 -1.000
vn 0.000 0.000 -1.000
vn 0.000 0.000 -1.000
vn 0.000 0.000 -1.000
vn 0.000 0.000 -1.000
vn 0.000 0.000 -1.000
vn 0.000 0.000 -1.000
vn 0.000 0.000 -1.000
vn 0.000 0.000 -1.000
vn 0.000 0.000 -1.000
vn 0.000 0.000 -1.000
vn 0.000 0.000 -1.000
vn 0.000 0.000 -1.000
vn 0.000 0.000 -1.000
vn 0.000 0.000 -1.000
vn 0.000 0.000 -1.000
vn 0.000 0.000 -1.000
vn 0.000 0.000 -1.000
vn 0.000 0.000 -1.000
vn 0.000 0.000 -1.000
vn 0.000 0.000 -1.000
vn 0.000 0.000 -1.000
vn 0.000 0.000 -1.000
vn 0.000 0.000 -1.000
vn 0.000 0.000 -1.000
vn 0.000 0.000 -1.000
vn 0.000 0.000 -1.000
vn 0.000 0.000 -1.000
vn 0.000 0.000 -1.000
vn 0.000 0.000 -1.000
vn 0.000 0.000 -1.000
vn 0.000 0.000 -1.000
vn 0.000 0.000 -1.000
vn 0.000 0.000 -1.000
vn 0.000 0.000 -1.000
vn 0.000 0.000 -1.000
vn 0.000 0.000 -1.000
vn 0.000 0.000 -1.000
vn 0.000 0.000 -1.000
vn 0.000 0.000 -1.000
vn 0.000 0.000 -1.000
vn 0.000 0.000 -1.000
vn 0.000 0.000 -1.000
vn 0.000 0.000 -1.000
vn 0.000 0.000 -1.000
vn 0.000 0.000 -1.000
vn 0.000 0.000 -1.000
vn 0.000 0.000 -1.000
vn 0.000 0.000 -1.000
vn 0.000 0.000 -1.000
vn 0.000 0.000 -1.000
vn 0.000 0.000 -1.000
vn 0.000 0.000 -1.000
vn 0.000 0.000 -1.000
vn 0.000 0.000 -1.000
vn 0.000 0.000 -1.000
vn 0.000 0.000 -1.000
vn 0.000 0.000 -1.000
vn 0.000 0.000 -1.000
vn 0.000 0.000 -1.000
vn 0.000 0.000 -1.000
vn 0.000 0.000 -1.000
vn 0.000 0.000 -1.000
vn 0.000 0.000 -1.000
vn 0.000 0.000 -1.000
vn 0.000 0.000 -1.000
vn 0.984 0.179 0.000
vn 1.000 0.000 0.000
vn 1.000 0.000 0.000
vn 0.936 0.351 0.000
vn 0.984 0.179 0.000
vn 0.858 0.513 0.000
vn 0.936 0.351 0.000
vn 0.753 0.658 0.000
vn 0.858 0.513 0.000
vn 0.623 0.782 0.000
vn 0.753 0.658 0.000
vn 0.474 0.881 0.000
vn 0.623 0.782 0.000
vn 0.309 0.951 0.000
vn 0.474 0.881 0.000
vn 0.134 0.991 0.000
vn 0.309 0.951 0.000
vn -0.045 0.999 0.000
vn 0.134 0.991 0.000
vn -0.223 0.975 0.000
vn -0.045 0.999 0.000
vn -0.393 0.920 0.000
vn -0.223 0.975 0.000
vn -0.551 0.835 0.000
vn -0.393 0.920 0.000
vn -0.691 0.723 0.000
vn -0.551 0.835 0.000
vn -0.809 0.588 0.000
vn -0.691 0.723 0.000
vn -0.901 0.434 0.000
vn -0.809 0.588 0.000
vn -0.964 0.266 0.000
vn -0.901 0.434 0.000
vn -0.996 0.090 0.000
vn -0.964 0.266 0.000
vn -0.996 -0.090 0.000
vn -0.996 0.090 0.000
vn -0.964 -0.266 0.000
vn -0.996 -0.090 0.000
vn -0.901 -0.434 0.000
vn -0.964 -0.266 0.000
vn -0.809 -0.588 0.000
vn -0.901 -0.434 0.000
vn -0.691 -0.723 0.000
vn -0.809 -0.588 0.000
vn -0.551 -0.835 0.000
vn -0.691 -0.723 0.000
vn -0.393 -0.920 0.000
vn -0.551 -0.835 0.000
vn -0.223 -0.975 0.000
vn -0.393 -0.920 0.000
vn -0.045 -0.999 0.000
vn -0.223 -0.975 0.000
vn 0.134 -0.991 0.000
vn -0.045 -0.999 0.000
vn 0.309 -0.951 0.000
vn 0.134 -0.991 0.000
vn 0.474 -0.881 0.000
vn 0.309 -0.951 0.000
vn 0.623 -0.782 0.000
vn 0.474 -0.881 0.000
vn 0.753 -0.658 0.000
vn 0.623 -0.782 0.000
vn 0.858 -0.513 0.000
vn 0.753 -0.658 0.000
vn 0.936 -0.351 0.000
vn 0.858 -0.513 0.000
vn 0.984 -0.179 0.000
vn 0.936 -0.351 0.000
vn 0.984 -0.179 0.000
vn 0.000 0.000 -1.000
vn 0.000 0.000 -1.000
vn 0.000 0.000 -1.000
vn 0.000 0.000 -1.000
vn 0.000 0.000 -1.000
vn 0.000 0.000 -1.000
vn 0.000 0.000 -1.000
vn 0.000 0.000 -1.000
vn 0.000 0.000 -1.000
vn 0.000 0.000 -1.000
vn 0.000 0.000 -1.000
vn 0.000 0.000 -1.000
vn 0.000 0.000 -1.000
vn 0.000 0.000 -1.000
vn 0.000 0.000 -1.000
vn 0.000 0.000 -1.000
vn 0.000 0.000 -1.000
vn 0.000 0.000 -1.000
vn 0.000 0.000 -1.000
vn 0.000 0.000 -1.000
vn 0.000 0.000 -1.000
vn 0.000 0.000 -1.000
vn 0.000 0.000 -1.000
vn 0.000 0.000 -1.000
vn 0.000 0.000 -1.000
vn 0.000 0.000 -1.000
vn 0.000 0.000 -1.000
vn 0.000 0.000 -1.000
vn 0.000 0.000 -1.000
vn 0.000 0.000 -1.000
vn 0.000 0.000 -1.000
vn 0.000 0.000 -1.000
vn 0.000 0.000 -1.000
vn 0.000 0.000 -1.000
vn 0.000 0.000 -1.000
vn 0.000 0.000 -1.000
vn 0.000 0.000 -1.000
vn 0.000 0.000 -1.000
vn 0.000 0.000 -1.000
vn 0.000 0.000 -1.000
vn 0.000 0.000 -1.000
vn 0.000 0.000 -1.000
vn 0.000 0.000 -1.000
vn 0.000 0.000 -1.000
vn 0.000 0.000 -1.000
vn 0.000 0.000 -1.000
vn 0.000 0.000 -1.000
vn 0.000 0.000 -1.000
vn 0.000 0.000 -1.000
vn 0.000 0.000 -1.000
vn 0.000 0.000 -1.000
vn 0.000 0.000 -1.000
vn 0.000 0.000 -1.000
vn 0.000 0.000 -1.000
vn 0.000 0.000 -1.000
vn 0.000 0.000 -1.000
vn 0.000 0.000 -1.000
vn 0.000 0.000 -1.000
vn 0.000 0.000 -1.000
vn 0.000 0.000 -1.000
vn 0.000 0.000 -1.000
vn 0.000 0.000 -1.000
vn 0.000 0.000 -1.000
vn 0.000 0.000 -1.000
vn 0.000 0.000 -1.000
vn 0.000 0.000 -1.000
vn 0.000 0.000 -1.000
vn 0.000 0.000 -1.000
vn 0.000 0.000 -1.000
vn 0.000 0.000 -1.000
vn 0.000 0.000 -1.000
vn -0.934 -0.006 0.359
vn -0.892 0.355 0.281
vn -0.912 0.350 0.212
vn -0.707 0.691 0.152
vn -0.718 0.688 0.105
vn -0.383 0.924 -0.022
vn -0.382 0.923 -0.038
vn 0.014 0.979 -0.206
vn 0.029 0.981 -0.191
vn 0.378 0.856 -0.352
vn 0.403 0.860 -0.314
vn 0.648 0.622 -0.439
vn 0.678 0.626 -0.386
vn 0.821 0.332 -0.465
vn 0.850 0.338 -0.404
vn 0.902 0.007 -0.432
vn 0.876 -0.347 -0.335
vn 0.899 -0.339 -0.278
vn 0.929 0.014 -0.369
vn 0.705 -0.687 -0.174
vn 0.718 -0.683 -0.132
vn 0.383 -0.924 0.022
vn 0.382 -0.923 0.038
vn -0.014 -0.980 0.198
vn -0.027 -0.983 0.182
vn -0.381 -0.868 0.318
vn -0.403 -0.874 0.272
vn -0.666 -0.643 0.378
vn -0.693 -0.650 0.311
vn -0.853 -0.347 0.390
vn -0.882 -0.354 0.311
vn -0.911 -0.167 0.378
vn -0.960 -0.012 0.279
vn -0.982 -0.018 0.190
vn -0.929 0.346 0.135
vn -0.938 0.342 0.051
vn -0.727 0.685 0.053
vn -0.731 0.683 -0.004
vn -0.380 0.923 -0.056
vn -0.377 0.923 -0.075
vn 0.042 0.984 -0.173
vn 0.055 0.987 -0.152
vn 0.426 0.863 -0.269
vn 0.447 0.868 -0.218
vn 0.705 0.630 -0.324
vn 0.729 0.635 -0.254
vn 0.877 0.344 -0.334
vn 0.901 0.350 -0.255
vn 0.954 0.022 -0.298
vn 0.919 -0.331 -0.212
vn 0.936 -0.325 -0.138
vn 0.976 0.030 -0.217
vn 0.729 -0.679 -0.084
vn 0.737 -0.676 -0.030
vn 0.380 -0.923 0.056
vn 0.376 -0.923 0.075
vn -0.040 -0.986 0.163
vn -0.051 -0.989 0.141
vn -0.422 -0.879 0.220
vn -0.437 -0.885 0.162
vn -0.716 -0.658 0.236
vn -0.732 -0.664 0.152
vn -0.905 -0.361 0.224
vn -0.921 -0.368 0.127
vn -0.961 -0.180 0.208
vn -0.995 -0.023 0.093
vn -1.000 -0.026 -0.009
vn -0.939 0.341 -0.037
vn -0.931 0.341 -0.129
vn -0.729 0.682 -0.064
vn -0.720 0.683 -0.126
vn -0.371 0.924 -0.094
vn -0.363 0.925 -0.114
vn 0.065 0.989 -0.129
vn 0.074 0.992 -0.104
vn 0.463 0.872 -0.161
vn 0.474 0.875 -0.101
vn 0.748 0.640 -0.178
vn 0.760 0.643 -0.096
vn 0.919 0.355 -0.169
vn 0.930 0.360 -0.078
vn 0.991 0.036 -0.129
vn 0.946 -0.319 -0.059
vn 0.949 -0.316 0.025
vn 0.998 0.041 -0.037
vn 0.739 -0.673 0.027
vn 0.735 -0.672 0.087
vn 0.371 -0.924 0.095
vn 0.363 -0.925 0.114
vn -0.060 -0.991 0.117
vn -0.067 -0.994 0.091
vn -0.446 -0.889 0.101
vn -0.449 -0.893 0.036
vn -0.740 -0.670 0.065
vn -0.738 -0.674 -0.027
vn -0.928 -0.373 0.026
vn -0.923 -0.375 -0.080
vn -0.982 -0.190 0.006
vn -0.993 -0.027 -0.115
vn -0.975 -0.026 -0.222
vn -0.913 0.343 -0.221
vn -0.886 0.346 -0.308
vn -0.705 0.684 -0.187
vn -0.684 0.687 -0.246
vn -0.353 0.926 -0.133
vn -0.340 0.928 -0.150
vn 0.081 0.994 -0.077
vn 0.085 0.995 -0.049
vn 0.479 0.877 -0.037
vn 0.478 0.878 0.030
vn 0.764 0.645 -0.010
vn 0.760 0.645 0.081
vn 0.932 0.362 0.018
vn 0.924 0.362 0.120
vn 0.997 0.044 0.060
vn 0.943 -0.313 0.112
vn 0.928 -0.314 0.202
vn 0.986 0.044 0.162
vn 0.725 -0.672 0.148
vn 0.708 -0.674 0.209
vn 0.352 -0.926 0.133
vn 0.340 -0.928 0.151
vn -0.072 -0.995 0.065
vn -0.075 -0.996 0.038
vn -0.445 -0.895 -0.029
vn -0.438 -0.894 -0.093
vn -0.728 -0.675 -0.119
vn -0.710 -0.673 -0.207
vn -0.908 -0.376 -0.187
vn -0.882 -0.373 -0.287
vn -0.959 -0.191 -0.210
vn -0.946 -0.022 -0.322
vn -0.911 -0.016 -0.413
vn -0.853 0.352 -0.386
vn -0.813 0.361 -0.456
vn -0.657 0.692 -0.299
vn -0.626 0.699 -0.346
vn -0.325 0.931 -0.166
vn -0.307 0.935 -0.178
vn 0.088 0.996 -0.021
vn 0.089 0.996 0.007
vn 0.470 0.877 0.095
vn 0.458 0.875 0.158
vn 0.746 0.644 0.171
vn 0.724 0.640 0.256
vn 0.880 0.353 0.318
vn 0.870 -0.328 0.368
vn 0.933 0.032 0.358
vn 0.685 -0.679 0.265
vn 0.324 -0.931 0.166
vn 0.307 -0.935 0.178
vn 0.656 -0.685 0.316
vn -0.077 -0.997 0.011
vn -0.079 -0.997 -0.014
vn -0.426 -0.892 -0.151
vn -0.412 -0.888 -0.206
vn -0.686 -0.669 -0.287
vn -0.658 -0.661 -0.361
vn -0.850 -0.367 -0.378
vn -0.813 -0.357 -0.460
vn -0.869 -0.007 -0.494
vn -0.824 0.006 -0.567
vn -0.770 0.373 -0.518
vn -0.725 0.388 -0.570
vn -0.591 0.708 -0.386
vn -0.554 0.720 -0.419
vn -0.287 0.940 -0.186
vn -0.265 0.945 -0.190
vn 0.090 0.995 0.035
vn 0.092 0.994 0.062
vn 0.441 0.871 0.218
vn 0.423 0.864 0.274
vn 0.696 0.633 0.339
vn 0.665 0.622 0.414
vn 0.845 0.343 0.411
vn 0.805 0.329 0.493
vn 0.850 0.001 0.527
vn 0.785 -0.358 0.506
vn 0.584 -0.707 0.398
vn 0.264 -0.945 0.191
vn -0.086 -0.994 -0.066
vn -0.397 -0.881 -0.257
vn -0.628 -0.650 -0.427
vn -0.599 -0.636 -0.486
vn -0.383 -0.872 -0.304
vn -0.772 -0.345 -0.534
vn -0.732 -0.328 -0.597
vn -0.778 0.023 -0.628
vn -0.633 0.431 -0.643
vn -0.732 0.044 -0.680
vn -0.689 0.071 -0.722
vn -0.514 0.735 -0.443
vn -0.240 0.952 -0.189
vn -0.213 0.960 -0.181
vn 0.096 0.991 0.092
vn 0.103 0.987 0.123
vn 0.406 0.853 0.327
vn 0.391 0.840 0.376
vn 0.601 0.586 0.544
vn 0.721 0.283 0.632
vn 0.688 -0.407 0.601
vn 0.754 -0.051 0.655
vn 0.501 -0.742 0.444
vn 0.211 -0.960 0.182
vn -0.103 -0.987 -0.123
vn -0.364 -0.845 -0.391
vn -0.549 -0.595 -0.587
vn -0.692 -0.307 -0.653
vn -0.657 -0.281 -0.700
vn -0.645 0.108 -0.757
vn -0.584 0.465 -0.666
vn -0.535 0.508 -0.675
vn -0.428 0.777 -0.461
vn -0.379 0.808 -0.451
vn -0.179 0.970 -0.164
vn -0.140 0.981 -0.134
vn 0.115 0.980 0.160
vn 0.134 0.969 0.205
vn 0.381 0.819 0.428
vn 0.378 0.791 0.482
vn 0.573 0.556 0.602
vn 0.551 0.514 0.657
vn 0.646 0.197 0.738
vn 0.662 -0.141 0.736
vn 0.588 -0.488 0.645
vn 0.409 -0.799 0.442
vn 0.140 -0.981 0.134
vn -0.143 -0.969 -0.203
vn -0.369 -0.792 -0.485
vn -0.519 -0.520 -0.679
vn -0.623 -0.244 -0.743
vn -0.604 0.157 -0.781
vn -0.609 -0.006 -0.793
vn -0.465 0.576 -0.672
vn -0.567 0.217 -0.794
vn -0.543 0.239 -0.805
vn -0.306 0.854 -0.422
vn -0.076 0.994 -0.077
vn 0.175 0.944 0.279
vn 0.384 0.734 0.560
vn 0.520 0.439 0.733
vn 0.614 0.135 0.777
vn 0.583 0.111 0.805
vn 0.617 -0.204 0.760
vn 0.535 -0.543 0.648
vn 0.490 -0.567 0.662
vn 0.576 -0.230 0.784
vn 0.355 -0.835 0.420
vn 0.317 -0.851 0.419
vn 0.096 -0.991 0.092
vn 0.076 -0.994 0.077
vn -0.171 -0.951 -0.256
vn -0.172 -0.944 -0.280
vn -0.380 -0.753 -0.538
vn -0.368 -0.738 -0.566
vn -0.512 -0.465 -0.722
vn -0.492 -0.444 -0.749
vn -0.573 -0.134 -0.809
vn -0.550 -0.110 -0.828
vn -0.578 0.055 -0.814
vn -0.411 0.574 -0.708
vn -0.512 0.237 -0.825
vn -0.491 0.236 -0.838
vn -0.259 0.853 -0.453
vn -0.048 0.994 -0.096
vn 0.174 0.945 0.277
vn 0.354 0.736 0.577
vn 0.469 0.441 0.765
vn 0.519 0.110 0.848
vn 0.426 -0.570 0.703
vn 0.507 -0.233 0.830
vn 0.268 -0.851 0.452
vn 0.047 -0.994 0.096
vn -0.179 -0.944 -0.277
vn -0.355 -0.736 -0.577
vn -0.463 -0.442 -0.768
vn -0.522 -0.110 -0.846
vn -0.507 -0.110 -0.855
vn -0.376 0.571 -0.730
vn -0.483 0.234 -0.844
vn -0.478 0.235 -0.846
vn -0.201 0.850 -0.487
vn -0.388 0.573 -0.722
vn 0.018 0.991 -0.135
vn -0.229 0.852 -0.470
vn 0.230 0.943 0.242
vn -0.019 0.993 -0.113
vn 0.194 0.945 0.265
vn 0.361 0.737 0.571
vn 0.389 0.737 0.553
vn 0.463 0.442 0.768
vn 0.481 0.443 0.757
vn 0.504 0.111 0.857
vn 0.509 0.110 0.853
vn 0.484 -0.234 0.843
vn 0.478 -0.235 0.846
vn 0.398 -0.570 0.719
vn 0.381 -0.570 0.728
vn 0.238 -0.850 0.469
vn 0.210 -0.849 0.486
vn 0.019 -0.993 0.113
vn -0.018 -0.991 0.135
vn -0.203 -0.943 -0.264
vn -0.372 -0.734 -0.568
vn -0.413 -0.729 -0.546
vn -0.246 -0.939 -0.240
vn -0.471 -0.441 -0.764
vn -0.504 -0.436 -0.745
vn -0.505 -0.111 -0.856
vn -0.525 -0.109 -0.844
vn -0.365 0.576 -0.732
vn -0.499 0.242 -0.832
vn -0.168 0.850 -0.499
vn 0.065 0.986 -0.156
vn 0.278 0.936 0.216
vn 0.432 0.731 0.528
vn 0.515 0.436 0.738
vn 0.534 0.102 0.840
vn 0.490 -0.243 0.837
vn 0.377 -0.574 0.727
vn 0.069 -0.937 0.342
vn 0.187 -0.848 0.496
vn -0.065 -0.986 0.156
vn -0.192 -0.981 -0.029
vn -0.310 -0.927 -0.212
vn -0.480 -0.711 -0.513
vn -0.560 -0.420 -0.714
vn -0.564 -0.097 -0.820
vn -0.316 0.654 -0.687
vn -0.502 0.347 -0.792
vn -0.072 0.889 -0.453
vn 0.187 0.976 -0.116
vn 0.402 0.883 0.244
vn 0.537 0.647 0.542
vn 0.589 0.332 0.736
vn 0.570 -0.009 0.821
vn 0.485 -0.346 0.803
vn 0.331 -0.654 0.681
vn -0.038 -0.955 0.295
vn -0.327 -0.943 -0.062
vn -0.449 -0.862 -0.235
vn -0.655 -0.300 -0.694
vn -0.606 -0.607 -0.513
vn -0.616 0.022 -0.787
vn -0.280 0.700 -0.657
vn -0.523 0.425 -0.739
vn -0.510 0.389 -0.767
vn 0.020 0.894 -0.448
vn -0.296 0.681 -0.669
vn 0.317 0.939 -0.136
vn -0.025 0.895 -0.445
vn 0.543 0.815 0.205
vn 0.252 0.961 -0.117
vn 0.664 0.562 0.493
vn 0.472 0.850 0.233
vn 0.599 0.604 0.525
vn 0.636 0.285 0.717
vn 0.686 0.242 0.686
vn 0.595 -0.055 0.802
vn 0.625 -0.096 0.775
vn 0.492 -0.419 0.763
vn 0.288 -0.701 0.652
vn 0.098 -0.889 0.447
vn -0.189 -0.975 0.116
vn -0.253 -0.960 0.118
vn 0.008 -0.898 0.439
vn -0.318 -0.938 0.136
vn -0.521 -0.825 -0.221
vn -0.596 -0.780 -0.188
vn -0.673 -0.555 -0.490
vn -0.707 -0.243 -0.664
vn -0.763 -0.185 -0.619
vn -0.744 -0.497 -0.447
vn -0.649 0.074 -0.757
vn -0.686 0.124 -0.717
vn -0.256 0.722 -0.643
vn -0.546 0.484 -0.684
vn -0.534 0.454 -0.713
vn 0.091 0.875 -0.476
vn -0.267 0.712 -0.649
vn 0.423 0.884 -0.199
vn 0.056 0.887 -0.459
vn 0.664 0.738 0.120
vn 0.370 0.915 -0.162
vn 0.779 0.479 0.404
vn 0.603 0.780 0.168
vn 0.721 0.523 0.454
vn 0.731 0.204 0.651
vn 0.779 0.163 0.606
vn 0.683 -0.164 0.712
vn 0.509 -0.469 0.722
vn 0.261 -0.723 0.639
vn -0.062 -0.884 0.463
vn -0.425 -0.883 0.200
vn -0.720 -0.687 -0.094
vn -0.811 -0.133 -0.570
vn -0.859 -0.384 -0.338
vn -0.717 0.167 -0.677
vn -0.747 0.212 -0.630
vn -0.855 -0.076 -0.512
vn -0.562 0.539 -0.627
vn -0.247 0.729 -0.639
vn 0.147 0.841 -0.521
vn -0.238 0.734 -0.636
vn 0.509 0.811 -0.287
vn 0.120 0.859 -0.497
vn 0.765 0.644 0.006
vn 0.468 0.851 -0.240
vn 0.880 0.380 0.286
vn 0.716 0.695 0.067
vn 0.831 0.433 0.349
vn 0.821 0.121 0.557
vn 0.862 0.073 0.501
vn 0.738 -0.235 0.633
vn 0.528 -0.514 0.676
vn 0.241 -0.736 0.633
vn -0.118 -0.856 0.504
vn -0.510 -0.811 0.288
vn -0.815 -0.579 0.027
vn -0.920 0.038 -0.390
vn -0.943 -0.261 -0.206
vn -0.790 0.302 -0.533
vn -0.223 0.741 -0.633
vn -0.566 0.592 -0.574
vn 0.184 0.798 -0.574
vn 0.542 0.771 -0.336
vn 0.836 0.535 -0.121
vn 0.567 0.727 -0.387
vn 0.951 0.267 0.154
vn 0.804 0.592 -0.055
vn 0.919 0.326 0.222
vn 0.896 0.024 0.444
vn 0.923 -0.029 0.384
vn 0.778 -0.315 0.543
vn 0.541 -0.562 0.626
vn 0.225 -0.743 0.631
vn -0.162 -0.817 0.554
vn -0.569 -0.725 0.388
vn -0.873 -0.461 0.158
vn -0.951 0.152 -0.271
vn -0.988 -0.137 -0.072
vn -0.808 0.391 -0.441
vn -0.556 0.644 -0.526
vn -0.215 0.744 -0.633
vn 0.206 0.750 -0.628
vn -0.208 0.746 -0.632
vn 0.600 0.632 -0.491
vn 0.197 0.774 -0.601
vn 0.876 0.409 -0.256
vn 0.587 0.680 -0.440
vn 0.991 0.133 0.012
vn 0.860 0.473 -0.189
vn 0.976 0.201 0.082
vn 0.943 -0.088 0.320
vn 0.955 -0.149 0.256
vn 0.791 -0.359 0.495
vn 0.798 -0.406 0.446
vn 0.544 -0.587 0.599
vn 0.544 -0.613 0.573
vn 0.217 -0.746 0.630
vn -0.191 -0.769 0.609
vn 0.209 -0.748 0.630
vn -0.600 -0.630 0.492
vn -0.894 -0.342 0.289
vn -0.952 0.260 -0.161
vn -0.998 -0.017 0.057
vn -0.802 0.477 -0.358
vn -0.195 0.749 -0.634
vn -0.536 0.689 -0.489
vn 0.211 0.727 -0.654
vn 0.605 0.540 -0.585
vn 0.214 0.704 -0.677
vn 0.881 0.288 -0.377
vn 0.605 0.585 -0.540
vn 0.993 0.003 -0.116
vn 0.882 0.347 -0.319
vn 0.996 0.067 -0.055
vn 0.958 -0.209 0.196
vn 0.954 -0.266 0.140
vn 0.798 -0.451 0.401
vn 0.792 -0.494 0.358
vn 0.541 -0.638 0.548
vn 0.535 -0.662 0.525
vn 0.202 -0.749 0.631
vn -0.206 -0.721 0.662
vn 0.196 -0.750 0.632
vn -0.606 -0.539 0.586
vn -0.886 -0.232 0.402
vn -0.932 0.356 -0.069
vn -0.982 0.091 0.167
vn -0.781 0.553 -0.291
vn -0.182 0.749 -0.637
vn -0.512 0.725 -0.461
vn 0.212 0.663 -0.718
vn 0.601 0.498 -0.625
vn 0.861 0.179 -0.476
vn 0.593 0.460 -0.661
vn 0.969 -0.113 -0.220
vn 0.873 0.231 -0.429
vn 0.984 -0.057 -0.171
vn 0.943 -0.321 0.090
vn 0.927 -0.371 0.046
vn 0.782 -0.535 0.320
vn 0.768 -0.572 0.287
vn 0.526 -0.685 0.505
vn 0.515 -0.705 0.487
vn 0.189 -0.751 0.633
vn -0.209 -0.677 0.706
vn 0.183 -0.751 0.635
vn -0.593 -0.458 0.662
vn -0.859 -0.138 0.493
vn -0.900 0.436 0.002
vn -0.950 0.182 0.254
vn -0.750 0.616 -0.240
vn -0.170 0.749 -0.641
vn -0.486 0.754 -0.442
vn 0.207 0.628 -0.750
vn 0.572 0.391 -0.721
vn 0.846 0.130 -0.517
vn 0.930 -0.212 -0.300
vn 0.829 0.086 -0.552
vn 0.951 -0.165 -0.263
vn 0.909 -0.417 0.007
vn 0.888 -0.459 -0.026
vn 0.752 -0.607 0.257
vn 0.734 -0.638 0.233
vn 0.503 -0.724 0.472
vn 0.170 -0.750 0.639
vn 0.491 -0.740 0.459
vn -0.206 -0.638 0.742
vn -0.572 -0.390 0.721
vn -0.824 -0.057 0.564
vn -0.862 0.504 0.057
vn -0.911 0.259 0.321
vn -0.716 0.668 -0.202
vn -0.158 0.747 -0.646
vn -0.459 0.778 -0.429
vn 0.200 0.597 -0.777
vn 0.548 0.332 -0.768
vn 0.811 0.046 -0.584
vn 0.886 -0.294 -0.359
vn 0.792 0.009 -0.610
vn 0.908 -0.255 -0.332
vn 0.866 -0.497 -0.055
vn 0.844 -0.531 -0.078
vn 0.715 -0.666 0.211
vn 0.696 -0.691 0.194
vn 0.477 -0.755 0.449
vn 0.158 -0.748 0.645
vn 0.464 -0.768 0.441
vn -0.201 -0.605 0.771
vn -0.548 -0.331 0.768
vn -0.786 0.011 0.618
vn -0.822 0.561 0.098
vn -0.869 0.326 0.373
vn -0.681 0.711 -0.174
vn -0.146 0.744 -0.652
vn -0.433 0.796 -0.422
vn 0.194 0.570 -0.798
vn 0.524 0.282 -0.803
vn 0.755 -0.056 -0.654
vn 0.863 -0.329 -0.383
vn 0.821 -0.563 -0.099
vn 0.799 -0.590 -0.115
vn 0.677 -0.714 0.180
vn 0.658 -0.734 0.168
vn 0.437 -0.790 0.430
vn 0.146 -0.745 0.651
vn -0.195 -0.575 0.794
vn -0.524 -0.282 0.804
vn -0.749 0.070 0.658
vn -0.782 0.610 0.127
vn -0.828 0.383 0.410
vn -0.646 0.748 -0.155
vn -0.134 0.740 -0.659
vn -0.408 0.811 -0.420
vn 0.190 0.546 -0.816
vn 0.503 0.239 -0.831
vn 0.720 -0.111 -0.685
vn 0.819 -0.391 -0.419
vn 0.841 -0.361 -0.402
vn 0.777 -0.616 -0.129
vn 0.757 -0.639 -0.140
vn 0.639 -0.753 0.159
vn 0.621 -0.769 0.152
vn 0.411 -0.807 0.424
vn 0.134 -0.741 0.658
vn -0.190 -0.550 0.813
vn -0.503 -0.239 0.831
vn -0.716 0.120 0.688
vn -0.744 0.651 0.147
vn -0.789 0.431 0.437
vn -0.613 0.777 -0.144
vn -0.384 0.822 -0.421
vn -0.128 0.737 -0.663
vn 0.188 0.534 -0.825
vn 0.187 0.522 -0.832
vn -0.022 0.678 -0.735
vn 0.493 0.218 -0.842
vn 0.484 0.199 -0.852
vn 0.391 0.316 -0.864
vn 0.688 -0.159 -0.709
vn 0.760 -0.466 -0.453
vn 0.703 -0.136 -0.698
vn 0.779 -0.443 -0.444
vn 0.736 -0.660 -0.149
vn 0.717 -0.679 -0.156
vn 0.757 -0.548 -0.356
vn 0.604 -0.784 0.146
vn 0.587 -0.797 0.142
vn 0.639 -0.768 0.044
vn 0.398 -0.814 0.423
vn 0.386 -0.820 0.423
vn 0.128 -0.738 0.663
vn -0.189 -0.537 0.822
vn 0.021 -0.680 0.733
vn 0.121 -0.735 0.667
vn -0.188 -0.525 0.830
vn -0.493 -0.218 0.842
vn -0.392 -0.317 0.864
vn -0.483 -0.199 0.852
vn -0.684 0.166 0.710
vn -0.748 0.557 0.360
vn -0.752 0.475 0.456
vn -0.708 0.688 0.161
vn -0.631 0.775 -0.039
vn -0.580 0.803 -0.137
vn -0.903 0.000 0.429
vn -0.868 0.360 0.342
vn -0.826 0.477 0.300
vn -0.694 0.694 0.194
vn -0.499 0.864 0.064
vn -0.383 0.924 -0.007
vn 0.000 0.976 -0.217
vn 0.353 0.853 -0.384
vn 0.453 0.784 -0.425
vn 0.619 0.619 -0.484
vn 0.744 0.429 -0.512
vn 0.791 0.328 -0.516
vn 0.875 0.000 -0.485
vn 0.853 -0.353 -0.384
vn 0.816 -0.471 -0.334
vn 0.691 -0.691 -0.211
vn 0.499 -0.864 -0.067
vn 0.383 -0.924 0.007
vn 0.000 -0.977 0.212
vn -0.357 -0.863 0.357
vn -0.460 -0.797 0.391
vn -0.636 -0.636 0.437
vn -0.770 -0.445 0.458
vn -0.821 -0.340 0.459
vn -0.939 -0.174 0.298
vn -0.976 -0.186 0.110
vn -0.976 -0.192 -0.102
vn -0.474 0.753 -0.457
vn -0.596 -0.195 -0.779
vn 0.799 -0.417 -0.433
vn -0.122 0.734 -0.668
vn -0.285 -0.882 -0.376
vn -0.285 -0.882 -0.376
vn -0.285 -0.882 -0.376
vn -0.285 -0.882 -0.376
vn -0.285 -0.882 -0.376
vn -0.285 -0.882 -0.376
vn -0.285 -0.882 -0.376
vn -0.285 -0.882 -0.376
vn -0.285 -0.882 -0.376
vn -0.285 -0.882 -0.376
vn -0.285 -0.882 -0.376
vn -0.285 -0.882 -0.376
vn -0.285 -0.882 -0.376
vn -0.285 -0.882 -0.376
vn -0.285 -0.882 -0.376
vn -0.285 -0.882 -0.376
vn -0.285 -0.882 -0.376
vn -0.285 -0.882 -0.376
vn -0.285 -0.882 -0.376
vn -0.285 -0.882 -0.376
vn -0.285 -0.882 -0.376
vn -0.285 -0.882 -0.376
vn -0.285 -0.882 -0.376
vn -0.285 -0.882 -0.376
vn -0.285 -0.882 -0.376
vn -0.945 0.327 -0.025
vn -0.936 0.337 -0.097
vn -0.990 0.021 -0.139
vn -0.792 0.609 0.027
vn -0.784 0.619 -0.043
vn -0.537 0.840 0.081
vn -0.530 0.848 0.020
vn -0.217 0.968 0.127
vn -0.212 0.974 0.084
vn 0.141 0.977 0.161
vn 0.477 0.861 0.175
vn 0.476 0.861 0.180
vn 0.740 0.652 0.165
vn 0.737 0.648 0.194
vn 0.908 0.396 0.138
vn 0.903 0.389 0.185
vn 0.995 0.046 0.084
vn 0.988 0.037 0.148
vn 0.983 -0.183 -0.032
vn 0.972 -0.206 0.110
vn 0.862 -0.498 -0.099
vn 0.850 -0.525 0.045
vn 0.608 -0.789 -0.094
vn 0.610 -0.777 -0.158
vn 0.297 -0.950 -0.092
vn 0.602 -0.798 -0.030
vn -0.003 -0.991 -0.135
vn 0.301 -0.943 -0.140
vn -0.355 -0.919 -0.174
vn -0.355 -0.919 -0.170
vn -0.650 -0.742 -0.164
vn -0.648 -0.739 -0.184
vn -0.873 -0.469 -0.136
vn -0.868 -0.463 -0.179
vn -0.988 -0.127 -0.093
vn -0.981 -0.118 -0.154
vn -0.997 0.012 -0.074
vn -0.909 0.350 -0.226
vn -0.966 0.033 -0.257
vn -0.757 0.631 -0.170
vn -0.505 0.858 -0.090
vn -0.194 0.981 0.003
vn 0.144 0.980 0.141
vn 0.475 0.860 0.186
vn 0.726 0.643 0.243
vn 0.885 0.381 0.269
vn 0.964 0.026 0.263
vn 0.946 -0.218 0.238
vn 0.824 -0.538 0.178
vn 0.579 -0.810 0.089
vn 0.280 -0.960 0.000
vn -0.014 -0.997 -0.078
vn -0.357 -0.920 -0.159
vn -0.641 -0.736 -0.218
vn -0.853 -0.455 -0.255
vn -0.959 -0.107 -0.263
vn -0.874 0.354 -0.333
vn -0.935 0.037 -0.354
vn -0.721 0.635 -0.277
vn -0.474 0.861 -0.183
vn -0.170 0.983 -0.066
vn 0.152 0.983 0.101
vn 0.475 0.860 0.186
vn 0.714 0.642 0.278
vn 0.863 0.379 0.334
vn 0.934 0.023 0.356
vn 0.913 -0.222 0.343
vn 0.789 -0.542 0.289
vn 0.547 -0.815 0.192
vn 0.254 -0.964 0.080
vn -0.031 -0.999 -0.025
vn -0.361 -0.921 -0.145
vn -0.633 -0.735 -0.243
vn -0.834 -0.453 -0.316
vn -0.930 -0.104 -0.352
vn -0.853 0.353 -0.384
vn -0.839 0.352 -0.414
vn -0.904 0.035 -0.425
vn -0.700 0.635 -0.328
vn -0.685 0.633 -0.360
vn -0.454 0.861 -0.230
vn -0.440 0.860 -0.260
vn -0.155 0.983 -0.103
vn 0.165 0.984 0.064
vn 0.182 0.983 0.025
vn -0.143 0.981 -0.128
vn 0.481 0.860 0.174
vn 0.708 0.642 0.294
vn 0.846 0.379 0.375
vn 0.906 0.024 0.423
vn 0.879 -0.220 0.423
vn 0.767 -0.542 0.344
vn 0.511 -0.813 0.281
vn 0.751 -0.540 0.379
vn 0.224 -0.962 0.154
vn 0.526 -0.814 0.245
vn -0.053 -0.998 0.028
vn 0.237 -0.964 0.123
vn -0.366 -0.921 -0.135
vn -0.371 -0.921 -0.123
vn -0.630 -0.735 -0.252
vn -0.629 -0.735 -0.253
vn -0.823 -0.453 -0.343
vn -0.817 -0.454 -0.356
vn -0.914 -0.105 -0.393
vn -0.903 -0.106 -0.416
vn -0.916 0.036 -0.399
vn -0.843 0.354 -0.405
vn -0.912 0.036 -0.409
vn -0.685 0.634 -0.358
vn -0.436 0.860 -0.267
vn -0.135 0.980 -0.145
vn 0.194 0.981 -0.001
vn 0.495 0.857 0.142
vn 0.723 0.639 0.262
vn 0.859 0.377 0.346
vn 0.914 0.022 0.404
vn 0.883 -0.221 0.413
vn 0.750 -0.539 0.383
vn 0.503 -0.811 0.298
vn 0.212 -0.961 0.180
vn -0.067 -0.996 0.057
vn -0.384 -0.918 -0.094
vn -0.827 -0.453 -0.332
vn -0.641 -0.733 -0.226
vn -0.911 -0.105 -0.398
vn -0.872 0.360 -0.330
vn -0.941 0.042 -0.335
vn -0.711 0.640 -0.291
vn -0.454 0.864 -0.218
vn -0.143 0.982 -0.122
vn 0.197 0.980 -0.007
vn 0.509 0.854 0.108
vn 0.745 0.634 0.206
vn 0.887 0.370 0.277
vn 0.944 0.016 0.329
vn 0.912 -0.227 0.341
vn 0.775 -0.544 0.321
vn 0.521 -0.815 0.255
vn 0.221 -0.962 0.159
vn -0.066 -0.996 0.056
vn -0.394 -0.916 -0.071
vn -0.659 -0.730 -0.182
vn -0.852 -0.448 -0.272
vn -0.940 -0.099 -0.326
vn -0.905 0.368 -0.215
vn -0.974 0.049 -0.222
vn -0.739 0.647 -0.186
vn -0.476 0.869 -0.137
vn -0.156 0.985 -0.075
vn 0.196 0.981 -0.004
vn 0.520 0.852 0.068
vn 0.766 0.629 0.131
vn 0.914 0.364 0.179
vn 0.976 0.009 0.217
vn 0.946 -0.234 0.227
vn 0.806 -0.550 0.218
vn 0.546 -0.819 0.175
vn 0.236 -0.965 0.111
vn -0.061 -0.997 0.040
vn -0.401 -0.915 -0.048
vn -0.677 -0.726 -0.125
vn -0.877 -0.443 -0.185
vn -0.972 -0.092 -0.218
vn -0.995 0.054 -0.083
vn -0.757 0.651 -0.055
vn -0.925 0.373 -0.072
vn -0.489 0.872 -0.034
vn -0.163 0.986 -0.015
vn 0.195 0.981 0.005
vn 0.525 0.850 0.026
vn 0.778 0.627 0.046
vn 0.931 0.360 0.064
vn 0.997 0.004 0.080
vn 0.967 -0.238 0.086
vn 0.828 -0.555 0.086
vn 0.563 -0.823 0.071
vn 0.248 -0.968 0.044
vn -0.057 -0.998 0.014
vn -0.405 -0.914 -0.025
vn -0.688 -0.723 -0.058
vn -0.895 -0.439 -0.079
vn -0.993 -0.088 -0.085
vn -0.995 0.053 0.084
vn -0.754 0.649 0.096
vn -0.924 0.371 0.096
vn -0.486 0.870 0.081
vn -0.162 0.985 0.052
vn 0.195 0.981 0.013
vn 0.524 0.851 -0.023
vn 0.195 0.981 0.015
vn 0.776 0.629 -0.053
vn 0.526 0.851 0.002
vn 0.929 0.362 -0.071
vn 0.779 0.627 -0.004
vn 0.997 0.006 -0.081
vn 0.933 0.360 -0.006
vn 0.968 -0.236 -0.081
vn 1.000 0.004 -0.004
vn 0.971 -0.238 -0.001
vn 0.832 -0.555 0.003
vn 0.829 -0.554 -0.074
vn 0.567 -0.823 0.004
vn 0.565 -0.823 -0.058
vn 0.250 -0.968 0.001
vn 0.249 -0.968 -0.040
vn -0.055 -0.998 -0.005
vn -0.056 -0.998 -0.022
vn -0.406 -0.914 -0.013
vn -0.689 -0.724 0.025
vn -0.406 -0.914 0.001
vn -0.897 -0.440 0.051
vn -0.993 -0.089 0.076
vn -0.906 0.365 0.216
vn -0.976 0.047 0.211
vn -0.739 0.645 0.196
vn -0.475 0.867 0.149
vn -0.157 0.984 0.082
vn 0.193 0.981 0.000
vn 0.515 0.854 -0.079
vn 0.761 0.633 -0.143
vn 0.911 0.368 -0.185
vn 0.978 0.012 -0.210
vn 0.950 -0.231 -0.211
vn 0.813 -0.550 -0.192
vn 0.553 -0.820 -0.148
vn 0.242 -0.966 -0.091
vn -0.058 -0.998 -0.034
vn -0.401 -0.916 0.037
vn -0.679 -0.727 0.102
vn -0.881 -0.445 0.160
vn -0.975 -0.094 0.201
vn -0.879 0.361 0.313
vn -0.946 0.042 0.321
vn -0.719 0.641 0.269
vn -0.465 0.865 0.188
vn -0.157 0.984 0.082
vn 0.181 0.983 -0.038
vn 0.494 0.856 -0.152
vn 0.733 0.636 -0.240
vn 0.880 0.371 -0.295
vn 0.946 0.016 -0.324
vn 0.920 -0.228 -0.320
vn 0.788 -0.547 -0.282
vn 0.538 -0.818 -0.206
vn 0.237 -0.965 -0.112
vn -0.053 -0.998 -0.019
vn -0.386 -0.918 0.092
vn -0.656 -0.731 0.188
vn -0.853 -0.449 0.266
vn -0.944 -0.099 0.314
vn -0.851 0.358 0.385
vn -0.910 0.040 0.413
vn -0.703 0.639 0.313
vn -0.463 0.865 0.196
vn -0.161 0.984 0.073
vn -0.171 0.984 0.057
vn -0.464 0.864 0.198
vn 0.155 0.983 -0.096
vn 0.458 0.857 -0.234
vn 0.171 0.983 -0.065
vn 0.693 0.638 -0.336
vn 0.840 0.374 -0.394
vn 0.909 0.019 -0.416
vn 0.889 -0.225 -0.400
vn 0.768 -0.544 -0.338
vn 0.530 -0.816 -0.229
vn 0.666 -0.687 -0.291
vn 0.243 -0.965 -0.102
vn -0.036 -0.999 0.020
vn -0.357 -0.920 0.161
vn -0.620 -0.733 0.279
vn -0.906 -0.101 0.411
vn -0.813 -0.452 0.367
vn -0.857 0.292 0.425
vn -0.859 0.194 0.473
vn -0.856 -0.130 0.500
vn -0.773 0.497 0.394
vn -0.592 0.762 0.260
vn -0.735 0.583 0.347
vn -0.341 0.935 0.094
vn -0.520 0.825 0.221
vn -0.038 0.995 -0.089
vn -0.243 0.968 0.067
vn 0.269 0.928 -0.258
vn 0.074 0.992 -0.099
vn 0.529 0.756 -0.386
vn 0.380 0.890 -0.251
vn 0.626 0.690 -0.364
vn 0.790 0.438 -0.430
vn 0.714 0.523 -0.465
vn 0.885 0.089 -0.457
vn 0.845 0.187 -0.501
vn 0.883 -0.156 -0.442
vn 0.870 -0.056 -0.489
vn 0.789 -0.484 -0.378
vn 0.815 -0.393 -0.425
vn 0.643 -0.704 -0.301
vn 0.401 -0.904 -0.151
vn 0.041 -0.999 0.017
vn -0.277 -0.945 0.175
vn -0.167 -0.971 0.171
vn -0.547 -0.779 0.307
vn -0.446 -0.836 0.319
vn -0.757 -0.512 0.406
vn -0.677 -0.595 0.434
vn -0.827 -0.268 0.495
vn -0.889 -0.030 0.456
vn -0.822 0.053 0.567
vn -0.761 -0.265 0.592
vn -0.799 0.365 0.479
vn -0.683 0.654 0.325
vn -0.487 0.864 0.131
vn -0.221 0.971 -0.087
vn 0.168 0.948 -0.270
vn 0.343 0.827 -0.445
vn 0.072 0.955 -0.289
vn 0.435 0.800 -0.412
vn 0.637 0.586 -0.501
vn 0.557 0.629 -0.542
vn 0.797 0.263 -0.544
vn 0.740 0.320 -0.591
vn 0.845 0.023 -0.535
vn 0.809 0.086 -0.582
vn 0.825 -0.317 -0.469
vn 0.821 -0.254 -0.511
vn 0.688 -0.643 -0.337
vn 0.719 -0.588 -0.370
vn 0.532 -0.824 -0.195
vn 0.147 -0.989 -0.003
vn 0.313 -0.950 -0.023
vn 0.020 -0.983 0.183
vn -0.260 -0.896 0.361
vn -0.514 -0.695 0.502
vn -0.709 -0.397 0.583
vn -0.756 -0.019 0.654
vn -0.652 -0.326 0.685
vn -0.785 0.287 0.549
vn -0.728 0.578 0.369
vn -0.585 0.798 0.142
vn -0.362 0.925 -0.111
vn -0.093 0.934 -0.345
vn 0.175 0.834 -0.524
vn 0.403 0.660 -0.634
vn 0.622 0.376 -0.687
vn 0.723 0.154 -0.673
vn 0.790 -0.175 -0.588
vn 0.749 -0.512 -0.421
vn 0.612 -0.760 -0.219
vn 0.429 -0.903 -0.020
vn 0.165 -0.962 0.216
vn -0.103 -0.902 0.419
vn -0.585 -0.451 0.674
vn -0.363 -0.728 0.581
vn -0.672 -0.040 0.740
vn -0.529 -0.331 0.781
vn -0.749 0.249 0.614
vn -0.750 0.525 0.403
vn -0.663 0.735 0.142
vn -0.487 0.861 -0.147
vn -0.248 0.877 -0.412
vn 0.010 0.791 -0.612
vn 0.246 0.635 -0.732
vn 0.493 0.376 -0.785
vn 0.623 0.171 -0.764
vn 0.739 -0.139 -0.659
vn 0.758 -0.461 -0.462
vn 0.673 -0.704 -0.227
vn 0.528 -0.849 0.001
vn 0.298 -0.917 0.266
vn 0.048 -0.869 0.493
vn -0.450 -0.449 0.772
vn -0.210 -0.709 0.673
vn -0.569 -0.016 0.822
vn -0.386 -0.281 0.879
vn -0.698 0.242 0.674
vn -0.761 0.483 0.432
vn -0.735 0.664 0.137
vn -0.550 0.818 -0.168
vn -0.410 0.775 -0.480
vn -0.613 0.768 -0.186
vn -0.167 0.694 -0.700
vn -0.329 0.832 -0.448
vn -0.078 0.749 -0.658
vn 0.161 0.601 -0.783
vn 0.072 0.553 -0.830
vn 0.420 0.356 -0.835
vn 0.344 0.321 -0.882
vn 0.564 0.161 -0.810
vn 0.503 0.138 -0.853
vn 0.706 -0.134 -0.695
vn 0.670 -0.139 -0.729
vn 0.754 -0.427 -0.499
vn 0.728 -0.646 -0.228
vn 0.629 -0.777 0.031
vn 0.441 -0.835 0.328
vn 0.215 -0.787 0.578
vn -0.294 -0.390 0.873
vn -0.037 -0.634 0.772
vn -0.474 0.039 0.880
vn -0.255 -0.195 0.947
vn -0.648 0.258 0.716
vn -0.766 0.454 0.455
vn -0.793 0.593 0.139
vn -0.720 0.662 -0.208
vn -0.552 0.650 -0.523
vn -0.325 0.566 -0.758
vn -0.084 0.434 -0.897
vn 0.208 0.228 -0.951
vn 0.390 0.069 -0.918
vn 0.603 -0.167 -0.780
vn 0.745 -0.409 -0.527
vn 0.774 -0.590 -0.230
vn 0.718 -0.694 0.053
vn 0.569 -0.732 0.375
vn 0.367 -0.674 0.641
vn -0.153 -0.294 0.943
vn 0.120 -0.523 0.844
vn -0.378 0.120 0.918
vn -0.124 -0.073 0.990
vn -0.596 0.290 0.749
vn -0.765 0.430 0.479
vn -0.844 0.515 0.152
vn -0.771 0.601 -0.211
vn -0.683 0.497 -0.536
vn -0.817 0.539 -0.207
vn -0.474 0.403 -0.783
vn -0.621 0.574 -0.534
vn -0.403 0.485 -0.776
vn -0.163 0.358 -0.919
vn -0.235 0.280 -0.931
vn 0.138 0.167 -0.976
vn 0.073 0.101 -0.992
vn 0.331 0.022 -0.943
vn 0.277 -0.030 -0.961
vn 0.567 -0.190 -0.802
vn 0.532 -0.217 -0.819
vn 0.731 -0.399 -0.554
vn 0.816 -0.526 -0.239
vn 0.807 -0.588 0.060
vn 0.701 -0.589 0.402
vn 0.522 -0.513 0.681
vn -0.010 -0.158 0.987
vn 0.279 -0.364 0.889
vn -0.298 0.208 0.932
vn -0.017 0.058 0.998
vn -0.551 0.328 0.767
vn -0.760 0.412 0.503
vn -0.878 0.444 0.178
vn -0.889 0.421 -0.181
vn -0.737 0.421 -0.529
vn -0.591 0.242 -0.770
vn -0.784 0.348 -0.515
vn -0.536 0.322 -0.781
vn -0.299 0.201 -0.933
vn -0.355 0.122 -0.927
vn 0.015 0.035 -0.999
vn -0.036 -0.032 -0.999
vn 0.227 -0.083 -0.970
vn 0.183 -0.137 -0.973
vn 0.471 -0.275 -0.838
vn 0.715 -0.395 -0.576
vn 0.847 -0.463 -0.261
vn 0.877 -0.478 0.044
vn 0.809 -0.438 0.393
vn 0.650 -0.341 0.679
vn 0.107 -0.012 0.994
vn 0.410 -0.192 0.892
vn -0.241 0.282 0.929
vn 0.058 0.167 0.984
vn -0.516 0.363 0.776
vn -0.752 0.401 0.523
vn -0.897 0.389 0.209
vn -0.934 0.327 -0.144
vn -0.850 0.227 -0.476
vn -0.670 0.108 -0.735
vn -0.438 -0.010 -0.899
vn -0.113 -0.147 -0.983
vn 0.116 -0.230 -0.966
vn 0.425 -0.328 -0.843
vn 0.700 -0.396 -0.594
vn 0.864 -0.413 -0.287
vn 0.921 -0.389 0.013
vn 0.879 -0.312 0.361
vn 0.735 -0.197 0.649
vn 0.187 0.109 0.976
vn 0.498 -0.051 0.866
vn -0.191 0.355 0.915
vn 0.121 0.272 0.955
vn -0.483 0.398 0.780
vn -0.740 0.393 0.546
vn -0.908 0.339 0.247
vn -0.966 0.240 -0.094
vn -0.900 0.114 -0.420
vn -0.732 -0.018 -0.681
vn -0.505 -0.135 -0.853
vn -0.177 -0.256 -0.950
vn 0.059 -0.321 -0.945
vn 0.384 -0.381 -0.841
vn 0.683 -0.399 -0.612
vn 0.872 -0.369 -0.322
vn 0.951 -0.306 -0.032
vn 0.931 -0.195 0.309
vn 0.800 -0.063 0.597
vn 0.254 0.225 0.941
vn 0.568 0.084 0.819
vn -0.150 0.417 0.896
vn 0.169 0.359 0.918
vn -0.454 0.429 0.781
vn -0.725 0.390 0.567
vn -0.909 0.302 0.286
vn -0.984 0.173 -0.041
vn -0.933 0.024 -0.360
vn -0.774 -0.118 -0.622
vn -0.553 -0.236 -0.799
vn -0.225 -0.346 -0.911
vn 0.014 -0.395 -0.919
vn 0.349 -0.426 -0.834
vn 0.665 -0.405 -0.628
vn 0.872 -0.336 -0.358
vn 0.967 -0.241 -0.082
vn 0.963 -0.102 0.250
vn 0.843 0.046 0.535
vn 0.303 0.321 0.897
vn 0.617 0.193 0.763
vn -0.116 0.469 0.876
vn 0.206 0.429 0.879
vn -0.427 0.457 0.780
vn -0.709 0.390 0.588
vn -0.905 0.275 0.325
vn -0.993 0.121 0.013
vn -0.953 -0.046 -0.299
vn -0.804 -0.198 -0.560
vn -0.588 -0.317 -0.744
vn -0.263 -0.418 -0.870
vn -0.021 -0.456 -0.890
vn 0.320 -0.465 -0.826
vn 0.645 -0.412 -0.644
vn 0.865 -0.313 -0.393
vn 0.972 -0.194 -0.132
vn 0.981 -0.031 0.189
vn 0.872 0.129 0.472
vn 0.341 0.397 0.852
vn 0.652 0.279 0.705
vn -0.090 0.506 0.858
vn 0.233 0.479 0.846
vn -0.291 0.496 0.818
vn -0.404 0.479 0.779
vn -0.730 0.375 0.571
vn -0.897 0.259 0.358
vn -0.972 0.157 0.178
vn -0.994 0.087 0.058
vn -0.960 -0.102 -0.262
vn -0.823 -0.253 -0.508
vn -0.612 -0.373 -0.697
vn -0.693 -0.335 -0.639
vn -0.233 -0.480 -0.846
vn -0.049 -0.501 -0.864
vn 0.291 -0.494 -0.819
vn 0.627 -0.420 -0.656
vn 0.855 -0.299 -0.423
vn 0.730 -0.376 -0.570
vn 0.971 -0.163 -0.174
vn 0.959 0.093 0.266
vn 0.889 0.186 0.418
vn 0.693 0.329 0.641
vn 0.367 0.452 0.813
vn -0.948 0.315 0.050
vn -0.863 0.498 0.082
vn -0.796 0.597 0.100
vn -0.494 0.856 0.149
vn -0.219 0.960 0.172
vn 0.000 0.984 0.181
vn 0.140 0.973 0.182
vn 0.493 0.854 0.168
vn 0.742 0.657 0.135
vn 0.861 0.497 0.106
vn 0.910 0.404 0.088
vn 1.000 0.000 0.007
vn 0.492 -0.853 -0.173
vn -0.001 -0.986 -0.165
vn 0.302 -0.934 -0.189
vn -0.355 -0.918 -0.178
vn -0.493 -0.854 -0.164
vn -0.862 -0.498 -0.095
vn -0.990 -0.138 -0.030
vn -1.000 0.000 -0.006
vn -0.043 -0.999 0.004
vn 0.746 -0.552 -0.372
vn -0.874 -0.170 0.454
vn -0.651 -0.746 -0.142
vn 0.000 -0.981 -0.195
vn 0.990 0.016 0.138
vn 0.133 -0.875 0.466
vn 0.133 -0.875 0.466
vn 0.133 -0.875 0.466
vn 0.133 -0.875 0.466
vn 0.133 -0.875 0.466
vn 0.133 -0.875 0.466
vn 0.133 -0.875 0.466
vn 0.133 -0.875 0.466
vn 0.133 -0.875 0.466
vn 0.133 -0.875 0.466
vn 0.133 -0.875 0.466
vn 0.133 -0.875 0.466
vn 0.133 -0.875 0.466
vn 0.133 -0.875 0.466
vn 0.133 -0.875 0.466
vn 0.133 -0.875 0.466
vn 0.133 -0.875 0.466
vn 0.133 -0.875 0.466
vn 0.133 -0.875 0.466
vn 0.133 -0.875 0.466
vn 0.133 -0.875 0.466
vn 0.133 -0.875 0.466
vn 0.133 -0.875 0.466
vn 0.133 -0.875 0.466
vn 0.133 -0.875 0.466
vn 0.983 0.184 0.000
vn 1.000 0.000 0.000
vn 1.000 0.000 0.000
vn 0.932 0.361 0.000
vn 0.983 0.184 0.000
vn 0.850 0.526 0.000
vn 0.932 0.361 0.000
vn 0.739 0.674 0.000
vn 0.850 0.526 0.000
vn -0.850 0.526 0.000
vn -0.739 0.674 0.000
vn -0.739 0.674 0.000
vn -0.932 0.361 0.000
vn -0.850 0.526 0.000
vn -0.983 0.184 0.000
vn -0.932 0.361 0.000
vn -1.000 0.000 0.000
vn -0.983 0.184 0.000
vn -0.983 -0.184 0.000
vn -1.000 0.000 0.000
vn -0.932 -0.361 0.000
vn -0.983 -0.184 0.000
vn -0.850 -0.526 0.000
vn -0.932 -0.361 0.000
vn -0.739 -0.674 0.000
vn -0.850 -0.526 0.000
vn 0.850 -0.526 0.000
vn 0.739 -0.674 0.000
vn 0.739 -0.674 0.000
vn 0.932 -0.361 0.000
vn 0.850 -0.526 0.000
vn 0.983 -0.184 0.000
vn 0.932 -0.361 0.000
vn 0.983 -0.184 0.000
vn 0.627 -0.779 0.000
vn 0.603 -0.798 0.000
vn 0.646 -0.763 0.000
vn 0.658 -0.753 0.000
vn 0.662 -0.749 0.000
vn 0.603 -0.798 0.000
vn 0.601 -0.799 0.000
vn 0.627 -0.779 0.000
vn 0.646 -0.763 0.000
vn 0.658 -0.753 0.000
vn 0.446 -0.895 0.000
vn 0.603 -0.798 0.000
vn 0.455 -0.891 0.000
vn 0.495 -0.869 0.000
vn 0.570 -0.822 0.000
vn 0.534 -0.845 0.000
vn 0.446 -0.895 0.000
vn 0.274 -0.962 0.000
vn 0.274 -0.962 0.000
vn 0.092 -0.996 0.000
vn 0.092 -0.996 0.000
vn -0.092 -0.996 0.000
vn -0.092 -0.996 0.000
vn -0.274 -0.962 0.000
vn -0.274 -0.962 0.000
vn -0.446 -0.895 0.000
vn -0.446 -0.895 0.000
vn -0.603 -0.798 0.000
vn -0.496 -0.869 0.000
vn -0.534 -0.845 0.000
vn -0.455 -0.891 0.000
vn -0.570 -0.822 0.000
vn -0.627 -0.779 0.000
vn -0.603 -0.798 0.000
vn -0.646 -0.763 0.000
vn -0.658 -0.753 0.000
vn -0.662 -0.749 0.000
vn -0.739 -0.674 0.000
vn -0.658 -0.753 0.000
vn -0.601 -0.799 0.000
vn -0.627 -0.779 0.000
vn -0.646 -0.763 0.000
vn -0.446 -0.895 0.000
vn -0.603 -0.798 0.000
vn -0.495 -0.869 0.000
vn -0.455 -0.891 0.000
vn -0.570 -0.822 0.000
vn -0.534 -0.845 0.000
vn -0.274 -0.962 0.000
vn -0.446 -0.895 0.000
vn -0.092 -0.996 0.000
vn -0.274 -0.962 0.000
vn 0.092 -0.996 0.000
vn -0.092 -0.996 0.000
vn 0.274 -0.962 0.000
vn 0.092 -0.996 0.000
vn 0.446 -0.895 0.000
vn 0.274 -0.962 0.000
vn 0.496 -0.869 0.000
vn 0.534 -0.845 0.000
vn 0.455 -0.891 0.000
vn 0.446 -0.895 0.000
vn 0.570 -0.822 0.000
vn 0.627 0.779 0.000
vn 0.603 0.798 0.000
vn 0.646 0.763 0.000
vn 0.658 0.753 0.000
vn 0.662 0.749 0.000
vn 0.739 0.674 0.000
vn 0.658 0.753 0.000
vn 0.603 0.798 0.000
vn 0.601 0.799 0.000
vn 0.627 0.779 0.000
vn 0.646 0.763 0.000
vn 0.446 0.895 0.000
vn 0.603 0.798 0.000
vn 0.495 0.869 0.000
vn 0.455 0.891 0.000
vn 0.570 0.822 0.000
vn 0.534 0.845 0.000
vn 0.274 0.962 0.000
vn 0.446 0.895 0.000
vn 0.092 0.996 0.000
vn 0.274 0.962 0.000
vn -0.092 0.996 0.000
vn 0.092 0.996 0.000
vn -0.274 0.962 0.000
vn -0.092 0.996 0.000
vn -0.446 0.895 0.000
vn -0.274 0.962 0.000
vn -0.603 0.798 0.000
vn -0.496 0.869 0.000
vn -0.534 0.845 0.000
vn -0.455 0.891 0.000
vn -0.446 0.895 0.000
vn -0.570 0.822 0.000
vn -0.627 0.779 0.000
vn -0.603 0.798 0.000
vn -0.646 0.763 0.000
vn -0.658 0.753 0.000
vn -0.662 0.749 0.000
vn -0.601 0.799 0.000
vn -0.627 0.779 0.000
vn -0.646 0.763 0.000
vn -0.658 0.753 0.000
vn -0.446 0.895 0.000
vn -0.603 0.798 0.000
vn -0.455 0.891 0.000
vn -0.495 0.869 0.000
vn -0.570 0.822 0.000
vn -0.534 0.845 0.000
vn -0.446 0.895 0.000
vn -0.274 0.962 0.000
vn -0.274 0.962 0.000
vn -0.092 0.996 0.000
vn -0.092 0.996 0.000
vn 0.092 0.996 0.000
vn 0.092 0.996 0.000
vn 0.274 0.962 0.000
vn 0.274 0.962 0.000
vn 0.446 0.895 0.000
vn 0.446 0.895 0.000
vn 0.496 0.869 0.000
vn 0.534 0.845 0.000
vn 0.455 0.891 0.000
vn 0.570 0.822 0.000
vn 0.000 0.000 -1.000
vn 0.000 0.000 -1.000
vn 0.000 0.000 -1.000
vn 0.000 0.000 -1.000
vn 0.000 0.000 -1.000
vn 0.000 0.000 -1.000
vn 0.000 0.000 -1.000
vn 0.000 0.000 -1.000
vn 0.000 0.000 -1.000
vn 0.000 0.000 -1.000
vn 0.000 0.000 -1.000
vn 0.000 0.000 -1.000
vn 0.000 0.000 -1.000
vn 0.000 0.000 -1.000
vn 0.000 0.000 -1.000
vn -0.383 0.000 0.924
vn -0.198 0.000 0.980
vn 0.000 0.000 1.000
vn 0.000 0.000 1.000
vn -0.197 0.000 0.980
vn -0.383 0.000 0.924
vn -0.707 0.000 0.707
vn -0.555 0.000 0.832
vn -0.707 0.000 0.707
vn -0.511 0.000 0.860
vn -0.924 0.000 0.383
vn -0.832 0.000 0.555
vn -0.924 0.000 0.383
vn -0.830 0.000 0.558
vn -0.980 0.000 0.198
vn -0.980 0.000 0.197
vn -1.000 0.000 0.000
vn -1.000 0.000 0.000
vn -0.980 0.000 -0.198
vn -0.980 0.000 -0.197
vn -0.924 0.000 -0.383
vn -0.924 0.000 -0.383
vn -0.829 0.000 -0.559
vn -0.713 0.000 -0.701
vn -0.832 0.000 -0.555
vn -0.707 0.000 -0.707
vn -0.511 0.000 -0.860
vn -0.383 0.000 -0.924
vn -0.555 0.000 -0.832
vn -0.383 0.000 -0.924
vn -0.196 0.000 -0.981
vn 0.000 0.000 -1.000
vn -0.197 0.000 -0.980
vn 0.000 0.000 -1.000
vn 0.000 0.000 1.000
vn 0.000 0.000 1.000
vn 0.000 0.000 1.000
vn 0.000 0.000 1.000
vn 0.000 0.000 1.000
vn 0.000 0.000 1.000
vn 0.000 0.000 1.000
vn 0.000 0.000 1.000
vn 0.000 0.000 1.000
vn 0.000 0.000 1.000
vn 0.000 0.000 1.000
vn 0.000 0.000 1.000
vn 0.000 0.000 1.000
vn 0.000 0.000 1.000
vn 0.000 0.000 1.000
vn 0.383 0.000 -0.924
vn 0.198 0.000 -0.980
vn 0.000 0.000 -1.000
vn 0.000 0.000 -1.000
vn 0.197 0.000 -0.980
vn 0.383 0.000 -0.924
vn 0.707 0.000 -0.707
vn 0.555 0.000 -0.832
vn 0.707 0.000 -0.707
vn 0.511 0.000 -0.860
vn 0.924 0.000 -0.383
vn 0.832 0.000 -0.555
vn 0.924 0.000 -0.383
vn 0.830 0.000 -0.558
vn 0.980 0.000 -0.198
vn 0.980 0.000 -0.197
vn 1.000 0.000 0.000
vn 1.000 0.000 0.000
vn 0.980 0.000 0.198
vn 0.980 0.000 0.197
vn 0.924 0.000 0.383
vn 0.924 0.000 0.383
vn 0.829 0.000 0.559
vn 0.713 0.000 0.701
vn 0.832 0.000 0.555
vn 0.707 0.000 0.707
vn 0.511 0.000 0.860
vn 0.383 0.000 0.924
vn 0.555 0.000 0.832
vn 0.383 0.000 0.924
vn 0.196 0.000 0.981
vn 0.000 0.000 1.000
vn 0.197 0.000 0.980
vn 0.000 0.000 1.000
vn 0.383 0.000 0.924
vn 0.198 0.000 0.980
vn 0.000 0.000 1.000
vn 0.000 0.000 1.000
vn 0.197 0.000 0.980
vn 0.383 0.000 0.924
vn 0.707 0.000 0.707
vn 0.555 0.000 0.832
vn 0.707 0.000 0.707
vn 0.511 0.000 0.860
vn 0.924 0.000 0.383
vn 0.832 0.000 0.555
vn 0.924 0.000 0.383
vn 0.830 0.000 0.558
vn 0.980 0.000 0.198
vn 0.980 0.000 0.197
vn 1.000 0.000 0.000
vn 1.000 0.000 0.000
vn 0.980 0.000 -0.198
vn 0.980 0.000 -0.197
vn 0.924 0.000 -0.383
vn 0.924 0.000 -0.383
vn 0.829 0.000 -0.559
vn 0.713 0.000 -0.701
vn 0.832 0.000 -0.555
vn 0.707 0.000 -0.707
vn 0.511 0.000 -0.860
vn 0.383 0.000 -0.924
vn 0.555 0.000 -0.832
vn 0.383 0.000 -0.924
vn 0.196 0.000 -0.981
vn 0.000 0.000 -1.000
vn 0.197 0.000 -0.980
vn 0.000 0.000 -1.000
vn 0.000 0.000 1.000
vn 0.000 0.000 1.000
vn 0.000 0.000 1.000
vn 0.000 0.000 1.000
vn 0.000 0.000 1.000
vn 0.000 0.000 1.000
vn 0.000 0.000 1.000
vn 0.000 0.000 1.000
vn 0.000 0.000 1.000
vn 0.000 0.000 1.000
vn 0.000 0.000 1.000
vn 0.000 0.000 1.000
vn 0.000 0.000 1.000
vn 0.000 0.000 1.000
vn 0.000 0.000 1.000
vn -0.383 0.000 -0.924
vn -0.198 0.000 -0.980
vn 0.000 0.000 -1.000
vn 0.000 0.000 -1.000
vn -0.197 0.000 -0.980
vn -0.383 0.000 -0.924
vn -0.707 0.000 -0.707
vn -0.555 0.000 -0.832
vn -0.707 0.000 -0.707
vn -0.511 0.000 -0.860
vn -0.924 0.000 -0.383
vn -0.832 0.000 -0.555
vn -0.924 0.000 -0.383
vn -0.830 0.000 -0.558
vn -0.980 0.000 -0.198
vn -0.980 0.000 -0.197
vn -1.000 0.000 0.000
vn -1.000 0.000 0.000
vn -0.980 0.000 0.198
vn -0.980 0.000 0.197
vn -0.924 0.000 0.383
vn -0.924 0.000 0.383
vn -0.829 0.000 0.559
vn -0.713 0.000 0.701
vn -0.832 0.000 0.555
vn -0.707 0.000 0.707
vn -0.511 0.000 0.860
vn -0.383 0.000 0.924
vn -0.555 0.000 0.832
vn -0.383 0.000 0.924
vn -0.196 0.000 0.981
vn 0.000 0.000 1.000
vn -0.197 0.000 0.980
vn 0.000 0.000 1.000
vn 0.000 0.000 -1.000
vn 0.000 0.000 -1.000
vn 0.000 0.000 -1.000
vn 0.000 0.000 -1.000
vn 0.000 0.000 -1.000
vn 0.000 0.000 -1.000
vn 0.000 0.000 -1.000
vn 0.000 0.000 -1.000
vn 0.000 0.000 -1.000
vn 0.000 0.000 -1.000
vn 0.000 0.000 -1.000
vn 0.000 0.000 -1.000
vn 0.000 0.000 -1.000
vn 0.000 0.000 -1.000
vn 0.000 0.000 -1.000
vn -1.000 0.000 0.000
vn -1.000 0.000 0.000
vn -0.985 0.174 0.000
vn -0.985 0.174 0.000
vn -0.940 0.342 0.000
vn -0.940 0.342 0.000
vn -0.866 0.500 0.000
vn -0.866 0.500 0.000
vn -0.766 0.643 0.000
vn -0.766 0.643 0.000
vn -0.643 0.766 0.000
vn 0.643 0.766 0.000
vn 0.643 0.766 0.000
vn 0.766 0.643 0.000
vn 0.766 0.643 0.000
vn 0.866 0.500 0.000
vn 0.866 0.500 0.000
vn 0.940 0.342 0.000
vn 0.940 0.342 0.000
vn 0.985 0.174 0.000
vn 0.985 0.174 0.000
vn 1.000 0.000 0.000
vn 1.000 0.000 0.000
vn 0.985 -0.174 0.000
vn 0.985 -0.174 0.000
vn 0.940 -0.342 0.000
vn 0.940 -0.342 0.000
vn 0.866 -0.500 0.000
vn 0.866 -0.500 0.000
vn 0.766 -0.643 0.000
vn 0.766 -0.643 0.000
vn 0.643 -0.766 0.000
vn -0.643 -0.766 0.000
vn -0.643 -0.766 0.000
vn -0.766 -0.643 0.000
vn -0.766 -0.643 0.000
vn -0.866 -0.500 0.000
vn -0.866 -0.500 0.000
vn -0.940 -0.342 0.000
vn -0.940 -0.342 0.000
vn -0.985 -0.174 0.000
vn -0.985 -0.174 0.000
vn -0.536 -0.844 0.000
vn -0.500 -0.866 0.000
vn -0.577 -0.817 0.000
vn -0.559 -0.829 0.000
vn -0.587 -0.810 0.000
vn -0.591 -0.807 0.000
vn -0.536 -0.844 0.000
vn -0.559 -0.829 0.000
vn -0.500 -0.866 0.000
vn -0.500 -0.866 0.000
vn -0.577 -0.817 0.000
vn -0.587 -0.810 0.000
vn -0.342 -0.940 0.000
vn -0.500 -0.866 0.000
vn -0.405 -0.914 0.000
vn -0.442 -0.897 0.000
vn -0.476 -0.879 0.000
vn -0.174 -0.985 0.000
vn -0.174 -0.985 0.000
vn 0.000 -1.000 0.000
vn 0.000 -1.000 0.000
vn 0.174 -0.985 0.000
vn 0.174 -0.985 0.000
vn 0.342 -0.940 0.000
vn 0.342 -0.940 0.000
vn 0.500 -0.866 0.000
vn 0.442 -0.897 0.000
vn 0.476 -0.879 0.000
vn 0.405 -0.914 0.000
vn 0.643 -0.766 0.000
vn 0.536 -0.844 0.000
vn 0.500 -0.866 0.000
vn 0.577 -0.817 0.000
vn 0.559 -0.829 0.000
vn 0.587 -0.810 0.000
vn 0.591 -0.807 0.000
vn 0.587 -0.810 0.000
vn 0.536 -0.844 0.000
vn 0.559 -0.829 0.000
vn 0.500 -0.866 0.000
vn 0.577 -0.817 0.000
vn 0.342 -0.940 0.000
vn 0.500 -0.866 0.000
vn 0.405 -0.914 0.000
vn 0.442 -0.897 0.000
vn 0.476 -0.879 0.000
vn 0.342 -0.940 0.000
vn 0.174 -0.985 0.000
vn 0.174 -0.985 0.000
vn 0.000 -1.000 0.000
vn 0.000 -1.000 0.000
vn -0.174 -0.985 0.000
vn -0.174 -0.985 0.000
vn -0.342 -0.940 0.000
vn -0.442 -0.897 0.000
vn -0.476 -0.879 0.000
vn -0.342 -0.940 0.000
vn -0.405 -0.914 0.000
vn 0.536 0.844 0.000
vn 0.500 0.866 0.000
vn 0.577 0.817 0.000
vn 0.559 0.829 0.000
vn 0.587 0.810 0.000
vn 0.591 0.807 0.000
vn 0.536 0.844 0.000
vn 0.559 0.829 0.000
vn 0.500 0.866 0.000
vn 0.500 0.866 0.000
vn 0.577 0.817 0.000
vn 0.587 0.810 0.000
vn 0.342 0.940 0.000
vn 0.500 0.866 0.000
vn 0.405 0.914 0.000
vn 0.442 0.897 0.000
vn 0.476 0.879 0.000
vn 0.174 0.985 0.000
vn 0.174 0.985 0.000
vn 0.000 1.000 0.000
vn 0.000 1.000 0.000
vn -0.174 0.985 0.000
vn -0.174 0.985 0.000
vn -0.342 0.940 0.000
vn -0.342 0.940 0.000
vn -0.500 0.866 0.000
vn -0.442 0.897 0.000
vn -0.476 0.879 0.000
vn -0.405 0.914 0.000
vn -0.643 0.766 0.000
vn -0.536 0.844 0.000
vn -0.500 0.866 0.000
vn -0.577 0.817 0.000
vn -0.559 0.829 0.000
vn -0.587 0.810 0.000
vn -0.591 0.807 0.000
vn -0.587 0.810 0.000
vn -0.536 0.844 0.000
vn -0.559 0.829 0.000
vn -0.500 0.866 0.000
vn -0.577 0.817 0.000
vn -0.342 0.940 0.000
vn -0.500 0.866 0.000
vn -0.405 0.914 0.000
vn -0.442 0.897 0.000
vn -0.476 0.879 0.000
vn -0.342 0.940 0.000
vn -0.174 0.985 0.000
vn -0.174 0.985 0.000
vn 0.000 1.000 0.000
vn 0.000 1.000 0.000
vn 0.174 0.985 0.000
vn 0.174 0.985 0.000
vn 0.342 0.940 0.000
vn 0.442 0.897 0.000
vn 0.476 0.879 0.000
vn 0.342 0.940 0.000
vn 0.405 0.914 0.000
vn 0.342 0.940 0.000
vn -0.342 -0.940 0.000
vn 0.000 0.000 -1.000
vn 0.000 0.000 -1.000
vn 0.000 0.000 -1.000
vn 0.000 0.000 -1.000
vn 0.000 0.000 -1.000
vn 0.000 0.000 -1.000
vn 0.000 0.000 -1.000
vn 0.000 0.000 -1.000
vn 0.000 0.000 -1.000
vn 0.000 0.000 -1.000
vn 0.000 0.000 -1.000
vn 0.000 0.000 -1.000
vn 0.000 0.000 -1.000
vn 0.000 0.000 -1.000
vn 0.000 0.000 -1.000
vn 0.000 0.000 -1.000
vn 0.000 0.000 -1.000
vn 0.000 0.000 -1.000
vn 0.000 0.000 -1.000
vn 0.000 0.000 -1.000
vn 0.000 0.000 -1.000
vn 0.000 0.000 -1.000
vn 0.000 0.000 -1.000
vn 0.000 0.000 -1.000
vn 0.000 0.000 -1.000
vn 0.000 0.000 -1.000
vn 0.000 0.000 -1.000
vn 0.000 0.000 -1.000
vn 0.000 0.000 -1.000
vn 0.000 0.000 -1.000
vn 0.000 0.000 -1.000
vn 0.000 0.000 -1.000
vn 0.000 0.000 -1.000
vn 0.000 0.000 -1.000
vn 0.000 0.000 -1.000
vn 0.000 0.000 -1.000
vn 0.000 0.000 -1.000
vn 0.000 0.000 -1.000
vn 0.000 0.000 -1.000
vn 0.000 0.000 -1.000
vn 0.000 0.000 -1.000
vn 0.000 0.000 -1.000
vn 0.000 0.000 -1.000
vn 0.000 0.000 -1.000
vn 0.000 0.000 -1.000
vn 0.000 0.000 -1.000
vn 0.000 0.000 -1.000
vn 0.000 0.000 -1.000
vn 0.000 0.000 -1.000
vn 0.000 0.000 -1.000
vn 0.000 0.000 -1.000
vn 0.000 0.000 -1.000
vn 0.940 0.342 0.000
vn 1.000 0.000 0.000
vn 1.000 0.000 0.000
vn 0.766 0.643 0.000
vn 0.940 0.342 0.000
vn 0.500 0.866 0.000
vn 0.766 0.643 0.000
vn 0.174 0.985 0.000
vn 0.500 0.866 0.000
vn -0.174 0.985 0.000
vn 0.174 0.985 0.000
vn -0.500 0.866 0.000
vn -0.174 0.985 0.000
vn -0.766 0.643 0.000
vn -0.500 0.866 0.000
vn -0.940 0.342 0.000
vn -0.766 0.643 0.000
vn -1.000 0.000 0.000
vn -0.940 0.342 0.000
vn -0.940 -0.342 0.000
vn -1.000 0.000 0.000
vn -0.766 -0.643 0.000
vn -0.940 -0.342 0.000
vn -0.500 -0.866 0.000
vn -0.766 -0.643 0.000
vn -0.174 -0.985 0.000
vn -0.500 -0.866 0.000
vn 0.174 -0.985 0.000
vn -0.174 -0.985 0.000
vn 0.500 -0.866 0.000
vn 0.174 -0.985 0.000
vn 0.766 -0.643 0.000
vn 0.500 -0.866 0.000
vn 0.940 -0.342 0.000
vn 0.766 -0.643 0.000
vn 0.940 -0.342 0.000
vn 0.000 0.000 -1.000
vn 0.000 0.000 -1.000
vn 0.000 0.000 -1.000
vn 0.000 0.000 -1.000
vn 0.000 0.000 -1.000
vn 0.000 0.000 -1.000
vn 0.000 0.000 -1.000
vn 0.000 0.000 -1.000
vn 0.000 0.000 -1.000
vn 0.000 0.000 -1.000
vn 0.000 0.000 -1.000
vn 0.000 0.000 -1.000
vn 0.000 0.000 -1.000
vn 0.000 0.000 -1.000
vn 0.000 0.000 -1.000
vn 0.000 0.000 -1.000
vn 0.000 0.000 -1.000
vn 0.000 0.000 -1.000
vn 0.000 0.000 -1.000
vn 0.000 0.000 -1.000
vn 0.000 0.000 -1.000
vn 0.000 0.000 -1.000
vn 0.000 0.000 -1.000
vn 0.000 0.000 -1.000
vn 0.000 0.000 -1.000
vn 0.000 0.000 -1.000
vn 0.000 0.000 -1.000
vn 0.000 0.000 -1.000
vn 0.000 0.000 -1.000
vn 0.000 0.000 -1.000
vn 0.000 0.000 -1.000
vn 0.000 0.000 -1.000
vn 0.000 0.000 -1.000
vn 0.000 0.000 -1.000
vn 0.000 0.000 -1.000
vn 0.000 0.000 -1.000
vn 0.000 0.000 1.000
vn 0.000 0.000 1.000
vn 0.000 0.000 1.000
vn 0.000 0.000 1.000
vn 0.000 0.000 1.000
vn 0.000 0.000 1.000
vn 0.000 0.000 1.000
vn 0.000 0.000 1.000
vn 0.000 0.000 1.000
vn 0.000 0.000 1.000
vn 0.000 0.000 1.000
vn 0.000 0.000 1.000
vn 0.000 0.000 1.000
vn 0.000 0.000 1.000
vn 0.000 0.000 1.000
vn 0.000 0.000 1.000
vn 0.000 0.000 1.000
vn 0.000 0.000 1.000
vn 0.000 0.000 1.000
vn 0.000 0.000 1.000
vn 0.000 0.000 1.000
vn 0.000 0.000 1.000
vn 0.000 0.000 1.000
vn 0.000 0.000 1.000
vn 0.000 0.000 1.000
vn 0.000 0.000 1.000
vn 0.000 0.000 1.000
vn 0.000 0.000 1.000
vn 0.000 0.000 1.000
vn 0.000 0.000 1.000
vn 0.000 0.000 1.000
vn 0.000 0.000 1.000
vn 0.000 0.000 1.000
vn 0.000 0.000 1.000
vn 0.000 0.000 1.000
vn 0.000 0.000 1.000
vn 0.000 0.000 1.000
vn 0.000 0.000 1.000
vn 0.000 0.000 1.000
vn 0.000 0.000 1.000
vn 0.000 0.000 1.000
vn 0.000 0.000 1.000
vn 0.000 0.000 1.000
vn 0.000 0.000 1.000
vn 0.000 0.000 1.000
vn 0.000 0.000 1.000
vn 0.000 0.000 1.000
vn 0.000 0.000 1.000
vn 0.000 0.000 1.000
vn 0.000 0.000 1.000
vn 0.000 0.000 1.000
vn 0.000 0.000 1.000
vn 0.000 0.000 1.000
vn 0.000 0.000 1.000
vn 0.000 0.000 1.000
vn 0.000 0.000 1.000
vn 0.000 0.000 1.000
vn 0.000 0.000 1.000
vn -1.000 0.000 0.000
vn -1.000 0.000 0.000
vn -0.959 0.282 0.000
vn -0.959 0.282 0.000
vn -0.841 0.541 0.000
vn -0.841 0.541 0.000
vn -0.655 0.756 0.000
vn -0.655 0.756 0.000
vn -0.415 0.910 0.000
vn -0.415 0.910 0.000
vn -0.142 0.990 0.000
vn -0.142 0.990 0.000
vn 0.142 0.990 0.000
vn 0.142 0.990 0.000
vn 0.415 0.910 0.000
vn 0.415 0.910 0.000
vn 0.655 0.756 0.000
vn 0.655 0.756 0.000
vn 0.841 0.541 0.000
vn 0.841 0.541 0.000
vn 0.959 0.282 0.000
vn 0.959 0.282 0.000
vn 1.000 0.000 0.000
vn 1.000 0.000 0.000
vn 0.959 -0.282 0.000
vn 0.959 -0.282 0.000
vn 0.841 -0.541 0.000
vn 0.841 -0.541 0.000
vn 0.655 -0.756 0.000
vn 0.655 -0.756 0.000
vn 0.415 -0.910 0.000
vn 0.415 -0.910 0.000
vn 0.142 -0.990 0.000
vn 0.142 -0.990 0.000
vn -0.142 -0.990 0.000
vn -0.142 -0.990 0.000
vn -0.415 -0.910 0.000
vn -0.415 -0.910 0.000
vn -0.655 -0.756 0.000
vn -0.655 -0.756 0.000
vn -0.841 -0.541 0.000
vn -0.841 -0.541 0.000
vn -0.959 -0.282 0.000
vn -0.959 -0.282 0.000
vn 0.000 0.000 1.000
vn 0.000 0.000 1.000
vn 0.000 0.000 1.000
vn 0.000 0.000 1.000
vn 0.000 0.000 1.000
vn 0.000 0.000 1.000
vn 0.000 0.000 1.000
vn 0.000 0.000 1.000
vn 0.000 0.000 1.000
vn 0.000 0.000 1.000
vn 0.000 0.000 1.000
vn 0.000 0.000 1.000
vn 0.000 0.000 1.000
vn 0.000 0.000 1.000
vn 0.000 0.000 1.000
vn 0.000 0.000 1.000
vn 0.000 0.000 1.000
vn 0.000 0.000 1.000
vn 0.000 0.000 1.000
vn 0.000 0.000 1.000
vn 0.000 0.000 1.000
vn 0.000 0.000 1.000
vn 0.000 0.000 1.000
vn 0.000 0.000 1.000
vn 0.000 0.000 1.000
vn 0.000 0.000 1.000
vn 0.000 0.000 1.000
vn 0.000 0.000 1.000
vn 0.000 0.000 1.000
vn 0.000 0.000 1.000
vn 0.000 0.000 1.000
vn 0.000 0.000 1.000
vn 0.000 0.000 1.000
vn 0.000 0.000 1.000
vn 0.000 0.000 1.000
vn 0.000 0.000 1.000
vn 0.000 0.000 1.000
vn 0.000 0.000 1.000
vn 0.000 0.000 1.000
vn 0.000 0.000 1.000
vn -0.940 0.342 0.000
vn -1.000 0.000 0.000
vn -1.000 0.000 0.000
vn -0.766 0.643 0.000
vn -0.940 0.342 0.000
vn -0.500 0.866 0.000
vn -0.766 0.643 0.000
vn -0.174 0.985 0.000
vn -0.500 0.866 0.000
vn 0.174 0.985 0.000
vn -0.174 0.985 0.000
vn 0.500 0.866 0.000
vn 0.174 0.985 0.000
vn 0.766 0.643 0.000
vn 0.500 0.866 0.000
vn 0.940 0.342 0.000
vn 0.766 0.643 0.000
vn 1.000 0.000 0.000
vn 0.940 0.342 0.000
vn 0.940 -0.342 0.000
vn 1.000 0.000 0.000
vn 0.766 -0.643 0.000
vn 0.940 -0.342 0.000
vn 0.500 -0.866 0.000
vn 0.766 -0.643 0.000
vn 0.174 -0.985 0.000
vn 0.500 -0.866 0.000
vn -0.174 -0.985 0.000
vn 0.174 -0.985 0.000
vn -0.500 -0.866 0.000
vn -0.174 -0.985 0.000
vn -0.766 -0.643 0.000
vn -0.500 -0.866 0.000
vn -0.940 -0.342 0.000
vn -0.766 -0.643 0.000
vn -0.940 -0.342 0.000
vt 0.0000 0.0000 0
vt 0.0033 0.0014 0
vt 0.0025 0.0025 0
vt 0.0014 0.0033 0
vt 0.0000 0.0035 0
vt -0.0014 0.0033 0
vt -0.0025 0.0025 0
vt -0.0033 0.0014 0
vt -0.0035 0.0000 0
vt -0.0033 -0.0014 0
vt -0.0025 -0.0025 0
vt -0.0014 -0.0033 0
vt 0.0000 -0.0035 0
vt 0.0014 -0.0033 0
vt 0.0025 -0.0025 0
vt 0.0033 -0.0014 0
vt 0.0035 0.0000 0
vt -0.3927 0.0030 0
vt 0.0000 0.0030 0
vt 0.0000 0.0000 0
vt 5.4978 0.0030 0
vt -0.3927 0.0000 0
vt 5.1051 0.0030 0
vt 5.4978 0.0000 0
vt 4.7124 0.0030 0
vt 5.1051 0.0000 0
vt 4.3197 0.0030 0
vt 4.7124 0.0000 0
vt 3.9270 0.0030 0
vt 4.3197 0.0000 0
vt 3.5343 0.0030 0
vt 3.9270 0.0000 0
vt 3.1416 0.0030 0
vt 3.5343 0.0000 0
vt 2.7489 0.0030 0
vt 3.1416 0.0000 0
vt 2.3562 0.0030 0
vt 2.7489 0.0000 0
vt 1.9635 0.0030 0
vt 2.3562 0.0000 0
vt 1.5708 0.0030 0
vt 1.9635 0.0000 0
vt 1.1781 0.0030 0
vt 1.5708 0.0000 0
vt 0.7854 0.0030 0
vt 1.1781 0.0000 0
vt 0.3927 0.0030 0
vt 0.7854 0.0000 0
vt 0.3927 0.0000 0
vt 0.0047 0.0008 0
vt 0.0042 0.0023 0
vt 0.0033 0.0014 0
vt -0.0026 -0.0040 0
vt -0.0014 -0.0033 0
vt -0.0025 -0.0025 0
vt 0.0035 0.0000 0
vt 0.0048 0.0000 0
vt 0.0033 0.0035 0
vt 0.0025 0.0025 0
vt -0.0026 0.0040 0
vt -0.0038 0.0030 0
vt -0.0025 0.0025 0
vt -0.0038 -0.0030 0
vt -0.0033 -0.0014 0
vt -0.0012 -0.0047 0
vt 0.0004 -0.0048 0
vt 0.0000 -0.0035 0
vt 0.0019 -0.0044 0
vt 0.0014 -0.0033 0
vt 0.0019 0.0044 0
vt 0.0014 0.0033 0
vt 0.0004 0.0048 0
vt 0.0000 0.0035 0
vt -0.0012 0.0047 0
vt -0.0014 0.0033 0
vt -0.0045 0.0016 0
vt -0.0033 0.0014 0
vt -0.0048 0.0000 0
vt -0.0035 0.0000 0
vt -0.0045 -0.0016 0
vt 0.0033 -0.0035 0
vt 0.0025 -0.0025 0
vt 0.0042 -0.0023 0
vt 0.0033 -0.0014 0
vt 0.0047 -0.0008 0
vt 6.2832 0.0030 0
vt 6.2832 0.0000 0
vt 6.6139 0.0000 0
vt 6.6139 0.0030 0
vt 0.6614 0.0000 0
vt 0.6614 0.0030 0
vt 0.9921 0.0000 0
vt 0.9921 0.0030 0
vt 1.3228 0.0000 0
vt 1.3228 0.0030 0
vt 1.6535 0.0000 0
vt 1.6535 0.0030 0
vt 1.9842 0.0000 0
vt 1.9842 0.0030 0
vt 2.3149 0.0000 0
vt 2.3149 0.0030 0
vt 2.6456 0.0000 0
vt 2.6456 0.0030 0
vt 2.9762 0.0000 0
vt 3.3069 0.0000 0
vt 3.3069 0.0030 0
vt 3.1416 0.0030 0
vt 2.9762 0.0030 0
vt 3.1416 0.0000 0
vt 3.6376 0.0000 0
vt 3.6376 0.0030 0
vt 3.9683 0.0000 0
vt 3.9683 0.0030 0
vt 4.2990 0.0000 0
vt 4.2990 0.0030 0
vt 4.6297 0.0000 0
vt 4.6297 0.0030 0
vt 4.9604 0.0000 0
vt 4.9604 0.0030 0
vt 5.2911 0.0000 0
vt 5.2911 0.0030 0
vt 5.6218 0.0000 0
vt 5.6218 0.0030 0
vt 5.9525 0.0000 0
vt 5.9525 0.0030 0
vt -0.0076 0.0041 0
vt -0.0083 0.0021 0
vt -0.0045 0.0016 0
vt -0.0074 0.0046 0
vt -0.0038 0.0030 0
vt -0.0026 0.0040 0
vt -0.0086 0.0000 0
vt -0.0048 0.0000 0
vt -0.0134 0.0014 0
vt -0.0103 0.0010 0
vt -0.0099 0.0031 0
vt -0.0134 -0.0014 0
vt -0.0103 -0.0010 0
vt -0.0012 0.0047 0
vt -0.0076 -0.0041 0
vt -0.0038 -0.0030 0
vt -0.0045 -0.0016 0
vt -0.0129 0.0040 0
vt -0.0091 0.0050 0
vt -0.0129 -0.0040 0
vt -0.0099 -0.0031 0
vt -0.0118 -0.0066 0
vt -0.0091 -0.0050 0
vt -0.0083 -0.0021 0
vt -0.0074 -0.0046 0
vt 0.0076 -0.0050 0
vt 0.0004 -0.0048 0
vt 0.0124 0.0053 0
vt 0.0091 0.0050 0
vt 0.0099 0.0031 0
vt 0.0033 -0.0035 0
vt 0.0074 -0.0046 0
vt 0.0076 -0.0041 0
vt -0.0026 -0.0040 0
vt -0.0118 0.0066 0
vt -0.0088 0.0053 0
vt 0.0132 0.0027 0
vt 0.0103 0.0010 0
vt 0.0071 0.0115 0
vt 0.0079 0.0053 0
vt 0.0084 0.0055 0
vt 0.0042 -0.0023 0
vt 0.0083 -0.0021 0
vt 0.0047 -0.0008 0
vt 0.0086 0.0000 0
vt 0.0048 0.0000 0
vt -0.0012 -0.0047 0
vt -0.0076 0.0050 0
vt 0.0004 0.0048 0
vt 0.0083 0.0021 0
vt 0.0047 0.0008 0
vt 0.0076 0.0041 0
vt 0.0042 0.0023 0
vt 0.0033 0.0035 0
vt -0.0007 0.0135 0
vt -0.0034 0.0131 0
vt -0.0102 -0.0088 0
vt -0.0088 -0.0053 0
vt 0.0111 0.0077 0
vt 0.0093 0.0098 0
vt 0.0088 0.0053 0
vt 0.0019 -0.0044 0
vt 0.0076 0.0050 0
vt 0.0074 0.0046 0
vt 0.0019 0.0044 0
vt 0.0020 0.0133 0
vt -0.0079 0.0053 0
vt -0.0059 0.0121 0
vt -0.0083 0.0107 0
vt -0.0084 -0.0055 0
vt -0.0079 -0.0053 0
vt -0.0083 -0.0107 0
vt -0.0076 -0.0050 0
vt -0.0034 -0.0131 0
vt 0.0124 -0.0053 0
vt 0.0132 -0.0027 0
vt 0.0099 -0.0031 0
vt 0.0135 0.0000 0
vt 0.0103 -0.0010 0
vt 0.0047 0.0127 0
vt -0.0059 -0.0121 0
vt -0.0007 -0.0135 0
vt 0.0084 -0.0055 0
vt 0.0071 -0.0115 0
vt 0.0047 -0.0127 0
vt 0.0091 -0.0050 0
vt 0.0111 -0.0077 0
vt -0.0084 0.0055 0
vt -0.0102 0.0088 0
vt 0.0020 -0.0133 0
vt 0.0093 -0.0098 0
vt 0.0088 -0.0053 0
vt 0.0079 -0.0053 0
vt 6.2592 0.0030 0
vt 6.7828 0.0030 0
vt 6.7828 0.0010 0
vt 5.7356 0.0030 0
vt 6.2592 0.0010 0
vt 5.2120 0.0030 0
vt 5.7356 0.0010 0
vt 4.6884 0.0030 0
vt 5.2120 0.0010 0
vt 4.1648 0.0030 0
vt 4.6884 0.0010 0
vt 3.6412 0.0030 0
vt 4.1648 0.0010 0
vt 3.6412 0.0010 0
vt 3.4414 0.0030 0
vt 3.6412 0.0030 0
vt 3.6412 0.0010 0
vt 3.2415 0.0030 0
vt 3.4414 0.0010 0
vt 3.0417 0.0030 0
vt 3.2415 0.0010 0
vt 2.8418 0.0030 0
vt 3.0417 0.0010 0
vt 2.6420 0.0030 0
vt 2.8418 0.0010 0
vt 2.6420 0.0010 0
vt 8.4016 0.0030 0
vt 8.9252 0.0030 0
vt 8.9252 0.0010 0
vt 1.5948 0.0030 0
vt 8.4016 0.0010 0
vt 1.0712 0.0030 0
vt 1.5948 0.0010 0
vt 0.5476 0.0030 0
vt 1.0712 0.0010 0
vt 0.0240 0.0030 0
vt 0.5476 0.0010 0
vt -0.4996 0.0030 0
vt 0.0240 0.0010 0
vt -0.4996 0.0010 0
vt 2.6420 0.0030 0
vt 2.6420 0.0010 0
vt 2.8918 0.0010 0
vt 2.8918 0.0030 0
vt 3.1416 0.0010 0
vt 3.1416 0.0030 0
vt 3.3914 0.0010 0
vt 3.3914 0.0030 0
vt 3.6412 0.0010 0
vt 3.6412 0.0030 0
vt 5.2600 0.0030 0
vt 5.7836 0.0030 0
vt 5.7836 0.0010 0
vt 4.7364 0.0030 0
vt 5.2600 0.0010 0
vt 4.2128 0.0030 0
vt 4.7364 0.0010 0
vt 3.6892 0.0030 0
vt 4.2128 0.0010 0
vt 3.1656 0.0030 0
vt 3.6892 0.0010 0
vt 2.6420 0.0030 0
vt 3.1656 0.0010 0
vt 2.6420 0.0010 0
vt 5.7836 0.0030 0
vt 5.7836 0.0010 0
vt 6.0334 0.0010 0
vt 6.0334 0.0030 0
vt 6.2832 0.0010 0
vt 6.2832 0.0030 0
vt 0.2498 0.0010 0
vt 0.2498 0.0030 0
vt 0.4996 0.0010 0
vt 0.4996 0.0030 0
vt 3.1176 0.0030 0
vt 3.6412 0.0030 0
vt 3.6412 0.0010 0
vt 2.5940 0.0030 0
vt 3.1176 0.0010 0
vt 2.0704 0.0030 0
vt 2.5940 0.0010 0
vt 1.5468 0.0030 0
vt 2.0704 0.0010 0
vt 1.0232 0.0030 0
vt 1.5468 0.0010 0
vt 0.4996 0.0030 0
vt 1.0232 0.0010 0
vt 0.4996 0.0010 0
vt 6.5829 0.0030 0
vt 6.7828 0.0030 0
vt 6.7828 0.0010 0
vt 0.0999 0.0030 0
vt 6.5829 0.0010 0
vt 6.1833 0.0030 0
vt 0.0999 0.0010 0
vt 5.9834 0.0030 0
vt 6.1833 0.0010 0
vt 5.7836 0.0030 0
vt 5.9834 0.0010 0
vt 5.7836 0.0010 0
vt 0.0165 0.0000 0
vt 0.0162 -0.0030 0
vt 0.0103 -0.0010 0
vt 0.0162 0.0030 0
vt 0.0103 0.0010 0
vt 0.0099 0.0031 0
vt 0.0154 -0.0060 0
vt 0.0099 -0.0031 0
vt 0.0154 0.0060 0
vt 0.0091 0.0050 0
vt 0.0079 0.0053 0
vt -0.0076 -0.0041 0
vt -0.0083 -0.0021 0
vt 0.0140 -0.0087 0
vt 0.0091 -0.0050 0
vt -0.0086 0.0000 0
vt 0.0140 0.0087 0
vt 0.0088 0.0053 0
vt -0.0083 0.0021 0
vt 0.0122 -0.0111 0
vt 0.0088 -0.0053 0
vt 0.0099 -0.0132 0
vt 0.0084 -0.0055 0
vt -0.0079 -0.0053 0
vt 0.0083 0.0021 0
vt 0.0086 0.0000 0
vt -0.0074 0.0046 0
vt -0.0076 0.0050 0
vt -0.0074 -0.0046 0
vt 0.0079 -0.0053 0
vt 0.0074 -0.0148 0
vt 0.0076 -0.0050 0
vt 0.0015 -0.0164 0
vt -0.0154 -0.0060 0
vt -0.0099 -0.0031 0
vt -0.0091 -0.0050 0
vt -0.0162 -0.0030 0
vt -0.0103 -0.0010 0
vt -0.0165 0.0000 0
vt -0.0162 0.0030 0
vt -0.0103 0.0010 0
vt 0.0076 0.0041 0
vt -0.0154 0.0060 0
vt -0.0099 0.0031 0
vt -0.0140 0.0087 0
vt -0.0091 0.0050 0
vt 0.0074 0.0148 0
vt 0.0084 0.0055 0
vt -0.0076 0.0041 0
vt 0.0099 0.0132 0
vt 0.0122 0.0111 0
vt 0.0045 -0.0159 0
vt -0.0015 -0.0164 0
vt -0.0084 -0.0055 0
vt 0.0074 -0.0046 0
vt 0.0083 -0.0021 0
vt -0.0122 0.0111 0
vt -0.0088 0.0053 0
vt -0.0099 0.0132 0
vt -0.0084 0.0055 0
vt -0.0079 0.0053 0
vt -0.0074 0.0148 0
vt 0.0015 0.0164 0
vt 0.0045 0.0159 0
vt -0.0015 0.0164 0
vt -0.0045 -0.0159 0
vt -0.0074 -0.0148 0
vt -0.0099 -0.0132 0
vt -0.0122 -0.0111 0
vt -0.0088 -0.0053 0
vt -0.0140 -0.0087 0
vt 0.0076 -0.0041 0
vt -0.0045 0.0159 0
vt 0.0074 0.0046 0
vt -0.0076 -0.0050 0
vt 0.0076 0.0050 0
vt 6.2832 0.0010 0
vt 6.2832 0.0000 0
vt 6.4859 0.0000 0
vt 6.4859 0.0010 0
vt 6.6886 0.0000 0
vt 6.6886 0.0010 0
vt 0.6081 0.0000 0
vt 0.6081 0.0010 0
vt 0.8107 0.0000 0
vt 0.8107 0.0010 0
vt 1.0134 0.0000 0
vt 1.0134 0.0010 0
vt 1.2161 0.0000 0
vt 1.2161 0.0010 0
vt 1.4188 0.0000 0
vt 1.4188 0.0010 0
vt 1.6215 0.0000 0
vt 1.6215 0.0010 0
vt 1.8242 0.0000 0
vt 1.8242 0.0010 0
vt 2.0268 0.0000 0
vt 2.0268 0.0010 0
vt 2.2295 0.0000 0
vt 2.2295 0.0010 0
vt 2.4322 0.0000 0
vt 2.4322 0.0010 0
vt 2.6349 0.0000 0
vt 2.6349 0.0010 0
vt 2.8376 0.0000 0
vt 2.8376 0.0010 0
vt 3.0403 0.0000 0
vt 3.0403 0.0010 0
vt 3.2429 0.0000 0
vt 3.2429 0.0010 0
vt 3.4456 0.0000 0
vt 3.4456 0.0010 0
vt 3.6483 0.0000 0
vt 3.6483 0.0010 0
vt 3.8510 0.0000 0
vt 3.8510 0.0010 0
vt 4.0537 0.0000 0
vt 4.0537 0.0010 0
vt 4.2564 0.0000 0
vt 4.2564 0.0010 0
vt 4.4590 0.0000 0
vt 4.4590 0.0010 0
vt 4.6617 0.0000 0
vt 4.6617 0.0010 0
vt 4.8644 0.0000 0
vt 4.8644 0.0010 0
vt 5.0671 0.0000 0
vt 5.0671 0.0010 0
vt 5.2698 0.0000 0
vt 5.2698 0.0010 0
vt 5.4725 0.0000 0
vt 5.4725 0.0010 0
vt 5.6751 0.0000 0
vt 5.6751 0.0010 0
vt 5.8778 0.0000 0
vt 5.8778 0.0010 0
vt 6.0805 0.0000 0
vt 6.0805 0.0010 0
vt 0.0150 0.0013 0
vt 0.0109 0.0137 0
vt 0.0124 0.0053 0
vt -0.0039 0.0171 0
vt -0.0034 0.0131 0
vt -0.0007 0.0135 0
vt -0.0069 0.0161 0
vt -0.0059 0.0121 0
vt 0.0111 0.0077 0
vt -0.0096 0.0146 0
vt -0.0083 0.0107 0
vt 0.0145 0.0010 0
vt 0.0148 0.0012 0
vt 0.0083 0.0154 0
vt 0.0054 0.0166 0
vt 0.0047 0.0127 0
vt 0.0023 0.0173 0
vt 0.0020 0.0133 0
vt -0.0121 0.0126 0
vt -0.0102 0.0088 0
vt -0.0152 0.0013 0
vt -0.0129 0.0040 0
vt -0.0121 -0.0126 0
vt -0.0096 -0.0146 0
vt -0.0083 -0.0107 0
vt -0.0069 -0.0161 0
vt -0.0059 -0.0121 0
vt -0.0039 -0.0171 0
vt -0.0034 -0.0131 0
vt -0.0008 -0.0175 0
vt -0.0007 -0.0135 0
vt 0.0093 0.0098 0
vt 0.0071 0.0115 0
vt -0.0008 0.0175 0
vt -0.0118 0.0066 0
vt 0.0023 -0.0173 0
vt 0.0020 -0.0133 0
vt 0.0054 -0.0166 0
vt 0.0047 -0.0127 0
vt -0.0148 0.0012 0
vt -0.0150 -0.0013 0
vt -0.0118 -0.0066 0
vt 0.0083 -0.0154 0
vt 0.0071 -0.0115 0
vt 0.0109 -0.0137 0
vt 0.0093 -0.0098 0
vt 0.0155 0.0014 0
vt 0.0150 0.0090 0
vt -0.0134 0.0014 0
vt -0.0102 -0.0088 0
vt 0.0124 -0.0053 0
vt 0.0111 -0.0077 0
vt 0.0150 -0.0013 0
vt 0.0132 -0.0027 0
vt 0.0148 -0.0012 0
vt 0.0145 -0.0010 0
vt 0.0132 0.0115 0
vt -0.0142 0.0103 0
vt -0.0158 0.0076 0
vt -0.0146 -0.0010 0
vt -0.0148 -0.0012 0
vt 0.0142 0.0005 0
vt 0.0143 0.0007 0
vt -0.0155 0.0014 0
vt -0.0169 0.0047 0
vt 0.0135 0.0000 0
vt -0.0157 0.0013 0
vt -0.0169 -0.0047 0
vt -0.0162 -0.0012 0
vt -0.0163 -0.0011 0
vt -0.0129 -0.0040 0
vt 0.0132 -0.0115 0
vt 0.0150 -0.0090 0
vt -0.0144 0.0008 0
vt -0.0143 0.0007 0
vt -0.0174 0.0016 0
vt -0.0167 0.0006 0
vt -0.0167 0.0007 0
vt -0.0159 -0.0013 0
vt -0.0155 -0.0014 0
vt -0.0158 -0.0076 0
vt -0.0143 -0.0007 0
vt -0.0142 0.0004 0
vt -0.0162 0.0012 0
vt -0.0165 0.0009 0
vt -0.0169 0.0000 0
vt -0.0174 -0.0016 0
vt -0.0168 -0.0002 0
vt -0.0142 -0.0103 0
vt 0.0155 -0.0014 0
vt 0.0172 -0.0031 0
vt 0.0175 0.0000 0
vt 0.0168 -0.0005 0
vt 0.0160 0.0013 0
vt 0.0172 0.0031 0
vt 0.0141 0.0000 0
vt -0.0167 -0.0007 0
vt -0.0134 -0.0014 0
vt -0.0141 0.0000 0
vt 0.0167 -0.0007 0
vt 0.0167 0.0007 0
vt 0.0168 0.0005 0
vt 0.0162 0.0012 0
vt 0.0164 0.0061 0
vt -0.0142 -0.0002 0
vt 0.0164 -0.0061 0
vt 0.0165 -0.0010 0
vt 0.0162 -0.0012 0
vt 0.0169 0.0000 0
vt 0.0165 0.0010 0
vt 0.0160 -0.0013 0
vt 0.0142 -0.0005 0
vt 0.0132 0.0027 0
vt 0.0143 -0.0007 0
vt -0.1795 0.0010 0
vt 0.0000 0.0010 0
vt 0.0000 0.0000 0
vt -0.3590 0.0010 0
vt -0.1795 0.0000 0
vt 5.7446 0.0010 0
vt -0.3590 0.0000 0
vt 5.5651 0.0010 0
vt 5.7446 0.0000 0
vt 5.3856 0.0010 0
vt 5.5651 0.0000 0
vt 5.2061 0.0010 0
vt 5.3856 0.0000 0
vt 5.0265 0.0010 0
vt 5.2061 0.0000 0
vt 4.8470 0.0010 0
vt 5.0265 0.0000 0
vt 4.6675 0.0010 0
vt 4.8470 0.0000 0
vt 4.4880 0.0010 0
vt 4.6675 0.0000 0
vt 4.3085 0.0010 0
vt 4.4880 0.0000 0
vt 4.1290 0.0010 0
vt 4.3085 0.0000 0
vt 3.9494 0.0010 0
vt 4.1290 0.0000 0
vt 3.7699 0.0010 0
vt 3.9494 0.0000 0
vt 3.5904 0.0010 0
vt 3.7699 0.0000 0
vt 3.4109 0.0010 0
vt 3.5904 0.0000 0
vt 3.2314 0.0010 0
vt 3.4109 0.0000 0
vt 3.0518 0.0010 0
vt 3.2314 0.0000 0
vt 2.8723 0.0010 0
vt 3.0518 0.0000 0
vt 2.6928 0.0010 0
vt 2.8723 0.0000 0
vt 2.5133 0.0010 0
vt 2.6928 0.0000 0
vt 2.3338 0.0010 0
vt 2.5133 0.0000 0
vt 2.1542 0.0010 0
vt 2.3338 0.0000 0
vt 1.9747 0.0010 0
vt 2.1542 0.0000 0
vt 1.7952 0.0010 0
vt 1.9747 0.0000 0
vt 1.6157 0.0010 0
vt 1.7952 0.0000 0
vt 1.4362 0.0010 0
vt 1.6157 0.0000 0
vt 1.2566 0.0010 0
vt 1.4362 0.0000 0
vt 1.0771 0.0010 0
vt 1.2566 0.0000 0
vt 0.8976 0.0010 0
vt 1.0771 0.0000 0
vt 0.7181 0.0010 0
vt 0.8976 0.0000 0
vt 0.5386 0.0010 0
vt 0.7181 0.0000 0
vt 0.3590 0.0010 0
vt 0.5386 0.0000 0
vt 0.1795 0.0010 0
vt 0.3590 0.0000 0
vt 0.1795 0.0000 0
vt 0.0119 0.0142 0
vt 0.0109 0.0137 0
vt 0.0132 0.0115 0
vt 0.0093 0.0160 0
vt 0.0083 0.0154 0
vt 0.0142 0.0119 0
vt 0.0150 0.0090 0
vt 0.0174 0.0063 0
vt 0.0164 0.0061 0
vt 0.0172 0.0031 0
vt 0.0160 0.0093 0
vt 0.0063 0.0174 0
vt 0.0054 0.0166 0
vt 0.0182 0.0032 0
vt 0.0175 0.0000 0
vt 0.0032 0.0182 0
vt 0.0023 0.0173 0
vt -0.0174 0.0063 0
vt -0.0169 0.0047 0
vt -0.0158 0.0076 0
vt -0.0182 0.0032 0
vt -0.0174 0.0016 0
vt -0.0185 0.0000 0
vt -0.0182 -0.0032 0
vt -0.0174 -0.0016 0
vt 0.0000 0.0185 0
vt -0.0008 0.0175 0
vt -0.0032 0.0182 0
vt -0.0039 0.0171 0
vt -0.0063 0.0174 0
vt -0.0069 0.0161 0
vt -0.0093 0.0160 0
vt -0.0096 0.0146 0
vt -0.0119 0.0142 0
vt -0.0121 0.0126 0
vt -0.0142 0.0119 0
vt -0.0142 0.0103 0
vt -0.0160 0.0093 0
vt -0.0174 -0.0063 0
vt -0.0169 -0.0047 0
vt -0.0119 -0.0142 0
vt -0.0093 -0.0160 0
vt -0.0096 -0.0146 0
vt -0.0063 -0.0174 0
vt -0.0069 -0.0161 0
vt -0.0160 -0.0092 0
vt -0.0158 -0.0076 0
vt -0.0142 -0.0119 0
vt -0.0142 -0.0103 0
vt -0.0121 -0.0126 0
vt -0.0032 -0.0182 0
vt -0.0039 -0.0171 0
vt 0.0092 -0.0160 0
vt 0.0119 -0.0142 0
vt 0.0109 -0.0137 0
vt 0.0142 -0.0119 0
vt 0.0132 -0.0115 0
vt 0.0000 -0.0185 0
vt -0.0008 -0.0175 0
vt 0.0032 -0.0182 0
vt 0.0023 -0.0173 0
vt 0.0063 -0.0174 0
vt 0.0083 -0.0154 0
vt 0.0054 -0.0166 0
vt 0.0160 -0.0093 0
vt 0.0174 -0.0063 0
vt 0.0164 -0.0061 0
vt 0.0182 -0.0032 0
vt 0.0172 -0.0031 0
vt 0.0150 -0.0090 0
vt 0.0185 0.0000 0
vt 0.0000 0.0193 0
vt 0.0830 0.0193 0
vt 1.0830 0.0386 0
vt 0.1464 0.0193 0
vt 0.1464 0.0386 0
vt 0.2003 0.0193 0
vt 0.2003 0.0386 0
vt 0.2500 0.0193 0
vt 0.2500 0.0386 0
vt 0.2997 0.0193 0
vt 0.2997 0.0386 0
vt 0.3536 0.0193 0
vt 0.3536 0.0386 0
vt 0.4170 0.0193 0
vt 0.4170 0.0386 0
vt 0.5000 0.0193 0
vt 0.5830 0.0193 0
vt 0.5830 0.0386 0
vt 0.5000 0.0386 0
vt 0.6464 0.0193 0
vt 0.6464 0.0386 0
vt 0.7003 0.0193 0
vt 0.7003 0.0386 0
vt 0.7500 0.0193 0
vt 0.7500 0.0386 0
vt 0.7997 0.0193 0
vt 0.7997 0.0386 0
vt 0.8536 0.0193 0
vt 0.8536 0.0386 0
vt 0.9170 0.0193 0
vt 0.9170 0.0386 0
vt 0.9585 0.0193 0
vt 1.0000 0.0386 0
vt 1.0000 0.0577 0
vt 1.0830 0.0577 0
vt 1.0830 0.0768 0
vt 0.1464 0.0577 0
vt 0.1464 0.0768 0
vt 0.2003 0.0577 0
vt 0.2003 0.0768 0
vt 0.2500 0.0577 0
vt 0.2500 0.0768 0
vt 0.2997 0.0577 0
vt 0.2997 0.0768 0
vt 0.3536 0.0577 0
vt 0.3536 0.0768 0
vt 0.4170 0.0577 0
vt 0.4170 0.0768 0
vt 0.5000 0.0577 0
vt 0.5830 0.0577 0
vt 0.5830 0.0768 0
vt 0.5000 0.0768 0
vt 0.6464 0.0577 0
vt 0.6464 0.0768 0
vt 0.7003 0.0577 0
vt 0.7003 0.0768 0
vt 0.7500 0.0577 0
vt 0.7500 0.0768 0
vt 0.7997 0.0577 0
vt 0.7997 0.0768 0
vt 0.8536 0.0577 0
vt 0.8536 0.0768 0
vt 0.9170 0.0577 0
vt 0.9170 0.0768 0
vt 0.9585 0.0577 0
vt 1.0000 0.0768 0
vt 1.0000 0.0954 0
vt 1.0830 0.0954 0
vt 1.0830 0.1139 0
vt 0.1464 0.0954 0
vt 0.1464 0.1139 0
vt 0.2003 0.0954 0
vt 0.2003 0.1139 0
vt 0.2500 0.0954 0
vt 0.2500 0.1139 0
vt 0.2997 0.0954 0
vt 0.2997 0.1139 0
vt 0.3536 0.0954 0
vt 0.3536 0.1139 0
vt 0.4170 0.0954 0
vt 0.4170 0.1139 0
vt 0.5000 0.0954 0
vt 0.5830 0.0954 0
vt 0.5830 0.1139 0
vt 0.5000 0.1139 0
vt 0.6464 0.0954 0
vt 0.6464 0.1139 0
vt 0.7003 0.0954 0
vt 0.7003 0.1139 0
vt 0.7500 0.0954 0
vt 0.7500 0.1139 0
vt 0.7997 0.0954 0
vt 0.7997 0.1139 0
vt 0.8536 0.0954 0
vt 0.8536 0.1139 0
vt 0.9170 0.0954 0
vt 0.9170 0.1139 0
vt 0.9585 0.0954 0
vt 1.0000 0.1139 0
vt 1.0000 0.1325 0
vt 1.0830 0.1325 0
vt 1.0830 0.1510 0
vt 0.1464 0.1325 0
vt 0.1464 0.1510 0
vt 0.2003 0.1325 0
vt 0.2003 0.1510 0
vt 0.2500 0.1325 0
vt 0.2500 0.1510 0
vt 0.2997 0.1325 0
vt 0.2997 0.1510 0
vt 0.3536 0.1325 0
vt 0.3536 0.1510 0
vt 0.4170 0.1325 0
vt 0.4170 0.1510 0
vt 0.5000 0.1325 0
vt 0.5830 0.1325 0
vt 0.5830 0.1510 0
vt 0.5000 0.1510 0
vt 0.6464 0.1325 0
vt 0.6464 0.1510 0
vt 0.7003 0.1325 0
vt 0.7003 0.1510 0
vt 0.7500 0.1325 0
vt 0.7500 0.1510 0
vt 0.7997 0.1325 0
vt 0.7997 0.1510 0
vt 0.8536 0.1325 0
vt 0.8536 0.1510 0
vt 0.9170 0.1325 0
vt 0.9170 0.1510 0
vt 0.9585 0.1325 0
vt 1.0000 0.1510 0
vt 1.0000 0.1693 0
vt 1.0830 0.1693 0
vt 1.0830 0.1875 0
vt 0.1464 0.1693 0
vt 0.1464 0.1875 0
vt 0.2003 0.1693 0
vt 0.2003 0.1875 0
vt 0.2500 0.1693 0
vt 0.2500 0.1875 0
vt 0.2997 0.1693 0
vt 0.2997 0.1875 0
vt 0.3536 0.1693 0
vt 0.3536 0.1875 0
vt 0.4170 0.1875 0
vt 0.5830 0.1875 0
vt 0.5000 0.1875 0
vt 0.6464 0.1693 0
vt 0.7003 0.1693 0
vt 0.7003 0.1875 0
vt 0.6464 0.1875 0
vt 0.7500 0.1693 0
vt 0.7500 0.1875 0
vt 0.7997 0.1693 0
vt 0.7997 0.1875 0
vt 0.8536 0.1693 0
vt 0.8536 0.1875 0
vt 0.9170 0.1693 0
vt 0.9170 0.1875 0
vt 1.0000 0.1875 0
vt 1.0000 0.2064 0
vt 1.0830 0.2064 0
vt 0.0830 0.2252 0
vt 0.1464 0.2064 0
vt 0.1464 0.2252 0
vt 0.2003 0.2064 0
vt 0.2003 0.2252 0
vt 0.2500 0.2064 0
vt 0.2500 0.2252 0
vt 0.2997 0.2064 0
vt 0.2997 0.2252 0
vt 0.3536 0.2064 0
vt 0.3536 0.2252 0
vt 0.4170 0.2064 0
vt 0.4170 0.2252 0
vt 0.5000 0.2252 0
vt 0.5830 0.2252 0
vt 0.6464 0.2252 0
vt 0.7003 0.2252 0
vt 0.7500 0.2252 0
vt 0.7997 0.2064 0
vt 0.8536 0.2064 0
vt 0.8536 0.2252 0
vt 0.7997 0.2252 0
vt 0.9170 0.2064 0
vt 0.9170 0.2252 0
vt 1.0000 0.2252 0
vt 0.0830 0.2644 0
vt 1.0000 0.2448 0
vt 1.0000 0.2644 0
vt 0.1464 0.2448 0
vt 0.2003 0.2448 0
vt 0.2003 0.2644 0
vt 0.2500 0.2448 0
vt 0.2500 0.2644 0
vt 0.2997 0.2448 0
vt 0.2997 0.2644 0
vt 0.3536 0.2644 0
vt 0.4170 0.2644 0
vt 0.5830 0.2644 0
vt 0.5000 0.2644 0
vt 0.6464 0.2644 0
vt 0.7003 0.2644 0
vt 0.7500 0.2644 0
vt 0.7997 0.2644 0
vt 0.8536 0.2644 0
vt 0.9170 0.2448 0
vt 0.9170 0.2644 0
vt 1.0000 0.2856 0
vt 0.0830 0.2856 0
vt 0.0830 0.3068 0
vt 0.1464 0.2856 0
vt 0.1464 0.3068 0
vt 0.2003 0.2856 0
vt 0.2003 0.3068 0
vt 0.2500 0.2856 0
vt 0.2500 0.3068 0
vt 0.2997 0.2856 0
vt 0.2997 0.3068 0
vt 0.3536 0.2856 0
vt 0.3536 0.3068 0
vt 0.4170 0.3068 0
vt 0.5000 0.3068 0
vt 0.5830 0.3068 0
vt 0.6464 0.3068 0
vt 0.7003 0.3068 0
vt 0.7500 0.3068 0
vt 0.7997 0.3068 0
vt 0.8536 0.3068 0
vt 0.9170 0.2856 0
vt 1.0000 0.3068 0
vt 0.9585 0.3068 0
vt 0.0830 0.3498 0
vt 1.0000 0.3283 0
vt 1.0000 0.3498 0
vt 0.1464 0.3498 0
vt 0.2003 0.3498 0
vt 0.2500 0.3498 0
vt 0.2997 0.3498 0
vt 0.3536 0.3498 0
vt 0.4170 0.3283 0
vt 0.4170 0.3498 0
vt 0.5000 0.3283 0
vt 0.5830 0.3283 0
vt 0.5830 0.3498 0
vt 0.5000 0.3498 0
vt 0.6464 0.3283 0
vt 0.6464 0.3498 0
vt 0.7003 0.3283 0
vt 0.7003 0.3498 0
vt 0.7500 0.3283 0
vt 0.7500 0.3498 0
vt 0.7997 0.3283 0
vt 0.7997 0.3498 0
vt 0.8536 0.3283 0
vt 0.8536 0.3498 0
vt 0.9170 0.3283 0
vt 0.9170 0.3498 0
vt 0.9585 0.3283 0
vt 1.0830 0.4136 0
vt 1.0000 0.3817 0
vt 1.0000 0.4136 0
vt 0.1464 0.4136 0
vt 0.2003 0.4136 0
vt 0.2500 0.4136 0
vt 0.2997 0.4136 0
vt 0.3536 0.4136 0
vt 0.4170 0.4136 0
vt 0.5830 0.4136 0
vt 0.5000 0.4136 0
vt 0.6464 0.4136 0
vt 0.7003 0.4136 0
vt 0.7500 0.4136 0
vt 0.7997 0.4136 0
vt 0.8536 0.4136 0
vt 0.9170 0.3817 0
vt 0.9170 0.4136 0
vt 0.0830 0.4988 0
vt 0.0000 0.4988 0
vt 1.0000 0.4562 0
vt 0.1464 0.4988 0
vt 1.0830 0.4562 0
vt 0.2003 0.4988 0
vt 0.1464 0.4562 0
vt 0.2500 0.4988 0
vt 0.2003 0.4562 0
vt 0.2500 0.4562 0
vt 0.2997 0.4562 0
vt 0.2997 0.4988 0
vt 0.3536 0.4562 0
vt 0.3536 0.4988 0
vt 0.4170 0.4562 0
vt 0.4170 0.4988 0
vt 0.5000 0.4562 0
vt 0.5000 0.4988 0
vt 0.5830 0.4562 0
vt 0.5830 0.4988 0
vt 0.6464 0.4562 0
vt 0.6464 0.4988 0
vt 0.7003 0.4562 0
vt 0.7003 0.4988 0
vt 0.7500 0.4562 0
vt 0.7997 0.4562 0
vt 0.7997 0.4988 0
vt 0.7500 0.4988 0
vt 0.8536 0.4562 0
vt 0.8536 0.4988 0
vt 0.9170 0.4562 0
vt 0.9170 0.4988 0
vt 0.0830 0.5375 0
vt 0.0000 0.5375 0
vt 0.1464 0.5375 0
vt 0.2003 0.5375 0
vt 0.2500 0.5375 0
vt 0.2997 0.5375 0
vt 0.3536 0.5375 0
vt 0.4170 0.5375 0
vt 0.5000 0.5375 0
vt 0.5830 0.5375 0
vt 0.6734 0.5375 0
vt 0.6464 0.5375 0
vt 0.7003 0.5375 0
vt 0.7251 0.5375 0
vt 0.7500 0.5375 0
vt 0.7997 0.5375 0
vt 0.8536 0.5375 0
vt 0.9170 0.5375 0
vt 1.0830 0.5811 0
vt 1.0000 0.5811 0
vt 0.1464 0.5811 0
vt 0.2003 0.5811 0
vt 0.2500 0.5811 0
vt 0.2997 0.5811 0
vt 0.3536 0.5811 0
vt 0.4170 0.5811 0
vt 0.5000 0.5811 0
vt 0.5830 0.5811 0
vt 0.6734 0.5811 0
vt 0.7251 0.5811 0
vt 0.7500 0.5811 0
vt 0.8536 0.5811 0
vt 0.7997 0.5811 0
vt 0.9170 0.5811 0
vt 1.0830 0.6264 0
vt 1.0000 0.6264 0
vt 1.0000 0.6038 0
vt 0.1464 0.6264 0
vt 1.0830 0.6038 0
vt 0.2003 0.6264 0
vt 0.1464 0.6038 0
vt 0.2500 0.6264 0
vt 0.2003 0.6038 0
vt 0.2997 0.6264 0
vt 0.2500 0.6038 0
vt 0.2997 0.6038 0
vt 0.3536 0.6038 0
vt 0.3536 0.6264 0
vt 0.4170 0.6038 0
vt 0.4170 0.6264 0
vt 0.5000 0.6264 0
vt 0.5830 0.6264 0
vt 0.6464 0.5811 0
vt 0.7003 0.5811 0
vt 0.7003 0.6038 0
vt 0.6464 0.6264 0
vt 0.7003 0.6264 0
vt 0.7500 0.6038 0
vt 0.7500 0.6264 0
vt 0.7997 0.6038 0
vt 0.8536 0.6038 0
vt 0.8536 0.6264 0
vt 0.7997 0.6264 0
vt 0.9170 0.6038 0
vt 0.9170 0.6264 0
vt 0.0830 0.6639 0
vt 0.0000 0.6639 0
vt 1.0000 0.6451 0
vt 0.1464 0.6639 0
vt 1.0830 0.6451 0
vt 0.2003 0.6639 0
vt 0.1464 0.6451 0
vt 0.2500 0.6639 0
vt 0.2003 0.6451 0
vt 0.2997 0.6639 0
vt 0.2500 0.6451 0
vt 0.2997 0.6451 0
vt 0.3536 0.6451 0
vt 0.3536 0.6639 0
vt 0.4170 0.6639 0
vt 0.5000 0.6639 0
vt 0.5830 0.6639 0
vt 0.6464 0.6639 0
vt 0.7003 0.6639 0
vt 0.7500 0.6639 0
vt 0.8536 0.6451 0
vt 0.7997 0.6639 0
vt 0.9170 0.6451 0
vt 0.9170 0.6639 0
vt 0.8536 0.6639 0
vt 0.0000 0.6977 0
vt 0.0830 0.6808 0
vt 0.1464 0.6977 0
vt 0.0830 0.6977 0
vt 0.2003 0.6977 0
vt 0.1464 0.6808 0
vt 0.2500 0.6977 0
vt 0.2003 0.6808 0
vt 0.2997 0.6977 0
vt 0.2500 0.6808 0
vt 0.2997 0.6808 0
vt 0.3536 0.6808 0
vt 0.3536 0.6977 0
vt 0.4170 0.6977 0
vt 0.5000 0.6977 0
vt 0.5830 0.6977 0
vt 0.6464 0.6977 0
vt 0.7003 0.6977 0
vt 0.7500 0.6977 0
vt 0.8536 0.6977 0
vt 0.7997 0.6977 0
vt 0.9170 0.6977 0
vt 0.0830 0.7291 0
vt 0.0000 0.7291 0
vt 0.1464 0.7291 0
vt 0.2003 0.7134 0
vt 0.2500 0.7291 0
vt 0.2003 0.7291 0
vt 0.2997 0.7291 0
vt 0.2500 0.7134 0
vt 0.2997 0.7134 0
vt 0.3536 0.7134 0
vt 0.3536 0.7291 0
vt 0.4170 0.7291 0
vt 0.5000 0.7291 0
vt 0.5830 0.7291 0
vt 0.6464 0.7291 0
vt 0.7003 0.7291 0
vt 0.7500 0.7291 0
vt 0.8536 0.7291 0
vt 0.7997 0.7291 0
vt 0.9170 0.7291 0
vt 0.0000 0.7612 0
vt 0.0830 0.7452 0
vt 0.1464 0.7612 0
vt 0.0830 0.7612 0
vt 0.2003 0.7612 0
vt 0.1464 0.7452 0
vt 0.2500 0.7612 0
vt 0.2003 0.7452 0
vt 0.2997 0.7612 0
vt 0.2500 0.7452 0
vt 0.2997 0.7452 0
vt 0.3536 0.7452 0
vt 0.3536 0.7612 0
vt 0.4170 0.7452 0
vt 0.4170 0.7612 0
vt 0.5000 0.7452 0
vt 0.5000 0.7612 0
vt 0.5830 0.7452 0
vt 0.6464 0.7612 0
vt 0.5830 0.7612 0
vt 0.7003 0.7612 0
vt 0.7500 0.7612 0
vt 0.8536 0.7612 0
vt 0.7997 0.7612 0
vt 0.9170 0.7612 0
vt 0.0830 0.7930 0
vt 0.0000 0.7930 0
vt 0.1464 0.7771 0
vt 0.2003 0.7930 0
vt 0.1464 0.7930 0
vt 0.2500 0.7930 0
vt 0.2003 0.7771 0
vt 0.2997 0.7930 0
vt 0.2500 0.7771 0
vt 0.2997 0.7771 0
vt 0.3536 0.7771 0
vt 0.3536 0.7930 0
vt 0.4170 0.7771 0
vt 0.4170 0.7930 0
vt 0.5000 0.7771 0
vt 0.5000 0.7930 0
vt 0.5830 0.7771 0
vt 0.6464 0.7930 0
vt 0.5830 0.7930 0
vt 0.7003 0.7930 0
vt 0.7500 0.7930 0
vt 0.8536 0.7930 0
vt 0.7997 0.7930 0
vt 0.9170 0.7930 0
vt 0.0830 0.8245 0
vt 0.0000 0.8245 0
vt 0.1464 0.8245 0
vt 0.2003 0.8088 0
vt 0.2500 0.8245 0
vt 0.2003 0.8245 0
vt 0.2997 0.8245 0
vt 0.2500 0.8088 0
vt 0.2997 0.8088 0
vt 0.3536 0.8088 0
vt 0.3536 0.8245 0
vt 0.4170 0.8088 0
vt 0.4170 0.8245 0
vt 0.5000 0.8088 0
vt 0.5000 0.8245 0
vt 0.5830 0.8088 0
vt 0.6464 0.8245 0
vt 0.5830 0.8245 0
vt 0.7003 0.8245 0
vt 0.7500 0.8245 0
vt 0.8536 0.8245 0
vt 0.7997 0.8245 0
vt 0.9170 0.8245 0
vt 0.0830 0.8565 0
vt 0.0000 0.8565 0
vt 0.1464 0.8565 0
vt 0.2003 0.8565 0
vt 0.2500 0.8405 0
vt 0.2997 0.8565 0
vt 0.2500 0.8565 0
vt 0.2997 0.8405 0
vt 0.3536 0.8405 0
vt 0.3536 0.8565 0
vt 0.4170 0.8405 0
vt 0.4170 0.8565 0
vt 0.5000 0.8405 0
vt 0.5830 0.8565 0
vt 0.5000 0.8565 0
vt 0.6464 0.8565 0
vt 0.7003 0.8565 0
vt 0.7500 0.8565 0
vt 0.8536 0.8565 0
vt 0.7997 0.8565 0
vt 0.9170 0.8565 0
vt 0.0830 0.8895 0
vt 0.0000 0.8895 0
vt 0.1464 0.8895 0
vt 0.2003 0.8895 0
vt 0.2500 0.8730 0
vt 0.2997 0.8895 0
vt 0.2500 0.8895 0
vt 0.2997 0.8730 0
vt 0.3536 0.8730 0
vt 0.3536 0.8895 0
vt 0.4170 0.8730 0
vt 0.4170 0.8895 0
vt 0.5000 0.8730 0
vt 0.5830 0.8895 0
vt 0.5000 0.8895 0
vt 0.6464 0.8895 0
vt 0.7003 0.8895 0
vt 0.7500 0.8895 0
vt 0.8536 0.8895 0
vt 0.7997 0.8895 0
vt 0.9170 0.8895 0
vt 0.0830 0.9241 0
vt 0.0000 0.9241 0
vt 0.1464 0.9241 0
vt 0.2003 0.9241 0
vt 0.2500 0.9241 0
vt 0.2997 0.9068 0
vt 0.3536 0.9068 0
vt 0.3536 0.9241 0
vt 0.4170 0.9068 0
vt 0.4170 0.9241 0
vt 0.5000 0.9241 0
vt 0.5830 0.9241 0
vt 0.6464 0.9241 0
vt 0.7003 0.9241 0
vt 0.7500 0.9241 0
vt 0.8536 0.9241 0
vt 0.7997 0.9241 0
vt 0.9170 0.9241 0
vt 0.0830 0.9603 0
vt 1.0000 0.9603 0
vt 0.1464 0.9603 0
vt 0.2003 0.9603 0
vt 0.2500 0.9603 0
vt 0.2997 0.9422 0
vt 0.2997 0.9241 0
vt 0.3536 0.9422 0
vt 0.3536 0.9603 0
vt 0.4170 0.9422 0
vt 0.4170 0.9603 0
vt 0.5000 0.9603 0
vt 0.5830 0.9603 0
vt 0.6464 0.9603 0
vt 0.7003 0.9603 0
vt 0.7500 0.9603 0
vt 0.8536 0.9603 0
vt 0.7997 0.9603 0
vt 0.9170 0.9603 0
vt 1.0000 1.0000 0
vt 0.0830 0.9801 0
vt 0.1464 0.9801 0
vt 0.1464 1.0000 0
vt 0.1057 1.0000 0
vt 0.2003 0.9801 0
vt 0.2003 1.0000 0
vt 0.1830 1.0000 0
vt 0.2500 1.0000 0
vt 0.2997 1.0000 0
vt 0.2500 0.9801 0
vt 0.2997 0.9801 0
vt 0.3536 0.9801 0
vt 0.3536 1.0000 0
vt 0.3170 1.0000 0
vt 0.4170 0.9801 0
vt 0.4170 1.0000 0
vt 0.3943 1.0000 0
vt 0.5000 0.9801 0
vt 0.5000 1.0000 0
vt 0.5830 0.9801 0
vt 0.6464 0.9801 0
vt 0.6057 1.0000 0
vt 0.5830 1.0000 0
vt 0.6464 1.0000 0
vt 0.7003 0.9801 0
vt 0.6830 1.0000 0
vt 0.7003 1.0000 0
vt 0.7500 1.0000 0
vt 0.8170 1.0000 0
vt 0.7997 1.0000 0
vt 0.8536 1.0000 0
vt 0.8943 1.0000 0
vt 0.9170 1.0000 0
vt 1.0000 0.0000 0
vt 0.0830 0.0000 0
vt 0.1057 0.0000 0
vt 0.1464 0.0000 0
vt 0.1830 0.0000 0
vt 0.2003 0.0000 0
vt 0.2500 0.0000 0
vt 0.2997 0.0000 0
vt 0.3170 0.0000 0
vt 0.3536 0.0000 0
vt 0.3943 0.0000 0
vt 0.4170 0.0000 0
vt 0.5000 0.0000 0
vt 0.5830 0.0000 0
vt 0.6057 0.0000 0
vt 0.6464 0.0000 0
vt 0.6830 0.0000 0
vt 0.7003 0.0000 0
vt 0.7500 0.0000 0
vt 0.7997 0.0000 0
vt 0.8170 0.0000 0
vt 0.8536 0.0000 0
vt 0.8943 0.0000 0
vt 0.9170 0.0000 0
vt 0.9585 0.0386 0
vt 0.9585 0.0768 0
vt 0.9585 0.1139 0
vt 0.1464 0.2644 0
vt 0.9170 0.3068 0
vt 0.2997 0.9603 0
vt 0.0830 1.0000 0
vt 0.0000 0.0000 0
vt 0.0012 0.0007 0
vt 0.0010 0.0010 0
vt 0.0007 0.0012 0
vt 0.0005 0.0013 0
vt 0.0000 0.0014 0
vt -0.0005 0.0013 0
vt -0.0007 0.0012 0
vt -0.0010 0.0010 0
vt -0.0012 0.0007 0
vt -0.0013 0.0005 0
vt -0.0014 0.0000 0
vt -0.0013 -0.0005 0
vt -0.0012 -0.0007 0
vt -0.0010 -0.0010 0
vt -0.0007 -0.0012 0
vt -0.0005 -0.0013 0
vt 0.0000 -0.0014 0
vt 0.0005 -0.0013 0
vt 0.0007 -0.0012 0
vt 0.0010 -0.0010 0
vt 0.0012 -0.0007 0
vt 0.0013 -0.0005 0
vt 0.0014 0.0000 0
vt 0.0013 0.0005 0
vt 0.0695 0.0221 0
vt 0.0695 0.0442 0
vt 0.0000 0.0442 0
vt 0.1250 0.0221 0
vt 0.1250 0.0442 0
vt 0.1758 0.0221 0
vt 0.1758 0.0442 0
vt 0.2218 0.0221 0
vt 0.2218 0.0442 0
vt 0.2679 0.0221 0
vt 0.3146 0.0221 0
vt 0.3146 0.0442 0
vt 0.3625 0.0221 0
vt 0.3625 0.0442 0
vt 0.4125 0.0221 0
vt 0.4125 0.0442 0
vt 0.4859 0.0221 0
vt 0.4859 0.0442 0
vt 0.5422 0.0000 0
vt 0.5422 0.0442 0
vt 0.6057 0.0000 0
vt 0.6064 0.0442 0
vt 0.6636 0.0221 0
vt 0.6636 0.0000 0
vt 0.7106 0.0442 0
vt 0.6636 0.0442 0
vt 0.7500 0.0442 0
vt 0.7106 0.0221 0
vt 0.7966 0.0221 0
vt 0.7966 0.0442 0
vt 0.8437 0.0221 0
vt 0.8437 0.0442 0
vt 0.8983 0.0221 0
vt 0.8983 0.0442 0
vt 0.9676 0.0221 0
vt 0.9676 0.0442 0
vt 1.0000 0.0221 0
vt 0.0695 0.0885 0
vt 0.0000 0.0885 0
vt 0.1250 0.0885 0
vt 0.1758 0.0885 0
vt 0.2218 0.0885 0
vt 0.2679 0.0442 0
vt 0.3146 0.0885 0
vt 0.3625 0.0885 0
vt 0.4125 0.0885 0
vt 0.4859 0.0885 0
vt 0.5422 0.0885 0
vt 0.6064 0.0885 0
vt 0.6636 0.0885 0
vt 0.7106 0.0885 0
vt 0.7500 0.0885 0
vt 0.7966 0.0885 0
vt 0.8437 0.0885 0
vt 0.8983 0.0885 0
vt 0.9676 0.0885 0
vt 1.0695 0.1364 0
vt 1.0000 0.1364 0
vt 0.1250 0.1364 0
vt 0.1758 0.1364 0
vt 0.2218 0.1364 0
vt 0.2679 0.0885 0
vt 0.3146 0.1364 0
vt 0.3625 0.1364 0
vt 0.4125 0.1364 0
vt 0.4859 0.1364 0
vt 0.5422 0.1364 0
vt 0.6064 0.1364 0
vt 0.6636 0.1364 0
vt 0.7106 0.1364 0
vt 0.7500 0.1364 0
vt 0.7966 0.1364 0
vt 0.8437 0.1364 0
vt 0.8983 0.1364 0
vt 0.9676 0.1364 0
vt 1.0695 0.1698 0
vt 0.0695 0.2033 0
vt 0.0000 0.2033 0
vt 0.1250 0.1698 0
vt 0.1250 0.2033 0
vt 0.1758 0.1698 0
vt 0.1758 0.2033 0
vt 0.2218 0.1698 0
vt 0.2679 0.1364 0
vt 0.2679 0.2033 0
vt 0.2218 0.2033 0
vt 0.3146 0.2033 0
vt 0.3625 0.2033 0
vt 0.4125 0.2033 0
vt 0.4859 0.2033 0
vt 0.5422 0.2033 0
vt 0.6064 0.1698 0
vt 0.6636 0.2033 0
vt 0.6064 0.2033 0
vt 0.7106 0.2033 0
vt 0.6636 0.1698 0
vt 0.7500 0.2033 0
vt 0.7106 0.1698 0
vt 0.7966 0.1698 0
vt 0.7966 0.2033 0
vt 0.8437 0.1698 0
vt 0.8437 0.2033 0
vt 0.8983 0.1698 0
vt 0.8983 0.2033 0
vt 0.9676 0.1698 0
vt 0.9676 0.2033 0
vt 1.0000 0.1698 0
vt 0.0695 0.2794 0
vt 0.0000 0.2794 0
vt 0.1250 0.2794 0
vt 0.1758 0.2794 0
vt 0.2218 0.2794 0
vt 0.2679 0.2794 0
vt 0.3146 0.2794 0
vt 0.3625 0.2794 0
vt 0.4125 0.2794 0
vt 0.4859 0.2794 0
vt 0.5422 0.2794 0
vt 0.6064 0.2794 0
vt 0.6636 0.2794 0
vt 0.7106 0.2794 0
vt 0.7500 0.2794 0
vt 0.7966 0.2794 0
vt 0.8983 0.2794 0
vt 0.8437 0.2794 0
vt 0.9676 0.2794 0
vt 0.0695 0.3304 0
vt 0.0000 0.3304 0
vt 0.1250 0.3304 0
vt 0.1758 0.3304 0
vt 0.2218 0.3304 0
vt 0.2679 0.3304 0
vt 0.3146 0.3304 0
vt 0.3625 0.3304 0
vt 0.4125 0.3304 0
vt 0.4859 0.3304 0
vt 0.5422 0.3304 0
vt 0.6064 0.3304 0
vt 0.6636 0.3304 0
vt 0.7106 0.3304 0
vt 0.7500 0.3304 0
vt 0.7966 0.3304 0
vt 0.8437 0.3304 0
vt 0.8983 0.3304 0
vt 0.9676 0.3304 0
vt 0.0695 0.3750 0
vt 0.0000 0.3750 0
vt 0.1250 0.3750 0
vt 0.1758 0.3750 0
vt 0.2218 0.3750 0
vt 0.2679 0.3750 0
vt 0.3146 0.3750 0
vt 0.3625 0.3750 0
vt 0.4125 0.3750 0
vt 0.4859 0.3750 0
vt 0.5422 0.3750 0
vt 0.6064 0.3750 0
vt 0.6636 0.3750 0
vt 0.7106 0.3750 0
vt 0.7500 0.3750 0
vt 0.7966 0.3750 0
vt 0.8437 0.3750 0
vt 0.8983 0.3750 0
vt 0.9676 0.3750 0
vt 0.0000 0.4151 0
vt 0.1250 0.4151 0
vt 0.0695 0.4151 0
vt 0.1758 0.4151 0
vt 0.2218 0.4151 0
vt 0.2679 0.4151 0
vt 0.3146 0.4151 0
vt 0.3625 0.4151 0
vt 0.4125 0.4151 0
vt 0.4859 0.4151 0
vt 0.5422 0.4151 0
vt 0.6064 0.4151 0
vt 0.6636 0.4151 0
vt 0.7106 0.4151 0
vt 0.7500 0.4151 0
vt 0.7966 0.4151 0
vt 0.8437 0.4151 0
vt 0.8983 0.4151 0
vt 0.9676 0.4151 0
vt 0.0000 0.4582 0
vt 0.1250 0.4582 0
vt 0.0695 0.4582 0
vt 0.1758 0.4582 0
vt 0.2218 0.4582 0
vt 0.2679 0.4366 0
vt 0.3146 0.4582 0
vt 0.2679 0.4582 0
vt 0.3625 0.4582 0
vt 0.3146 0.4366 0
vt 0.4125 0.4582 0
vt 0.3625 0.4366 0
vt 0.4859 0.4582 0
vt 0.4125 0.4366 0
vt 0.5422 0.4582 0
vt 0.4859 0.4366 0
vt 0.5422 0.4366 0
vt 0.6064 0.4366 0
vt 0.6064 0.4582 0
vt 0.6636 0.4366 0
vt 0.6636 0.4582 0
vt 0.7106 0.4366 0
vt 0.7106 0.4582 0
vt 0.7500 0.4366 0
vt 0.7500 0.4582 0
vt 0.7966 0.4366 0
vt 0.8437 0.4582 0
vt 0.7966 0.4582 0
vt 0.8983 0.4582 0
vt 0.9676 0.4582 0
vt 0.0695 0.4995 0
vt 0.0000 0.4995 0
vt 0.1250 0.4995 0
vt 0.1758 0.4995 0
vt 0.2218 0.4995 0
vt 0.2679 0.4995 0
vt 0.3146 0.4995 0
vt 0.3625 0.4995 0
vt 0.4125 0.4995 0
vt 0.4859 0.4995 0
vt 0.5422 0.4995 0
vt 0.6064 0.4995 0
vt 0.6636 0.4995 0
vt 0.7106 0.4995 0
vt 0.7500 0.4995 0
vt 0.7966 0.4995 0
vt 0.8437 0.4995 0
vt 0.8983 0.4995 0
vt 0.9676 0.4995 0
vt 0.0695 0.5443 0
vt 0.0000 0.5443 0
vt 0.1250 0.5443 0
vt 0.1758 0.5443 0
vt 0.2218 0.5443 0
vt 0.2679 0.5443 0
vt 0.3146 0.5443 0
vt 0.3625 0.5443 0
vt 0.4125 0.5443 0
vt 0.4859 0.5443 0
vt 0.5422 0.5443 0
vt 0.6064 0.5443 0
vt 0.6636 0.5443 0
vt 0.7106 0.5443 0
vt 0.7500 0.5443 0
vt 0.7966 0.5443 0
vt 0.8437 0.5443 0
vt 0.8983 0.5443 0
vt 0.9676 0.5443 0
vt 1.0695 0.5870 0
vt 1.0000 0.5870 0
vt 0.1250 0.5870 0
vt 0.1758 0.5656 0
vt 0.2218 0.5656 0
vt 0.2218 0.5870 0
vt 0.1758 0.5870 0
vt 0.2679 0.5870 0
vt 0.3146 0.5870 0
vt 0.2679 0.5656 0
vt 0.3625 0.5870 0
vt 0.4125 0.5870 0
vt 0.4859 0.5870 0
vt 0.5422 0.5870 0
vt 0.6064 0.5870 0
vt 0.6636 0.5870 0
vt 0.6350 0.5870 0
vt 0.7106 0.5870 0
vt 0.7500 0.5870 0
vt 0.7966 0.5870 0
vt 0.8437 0.5870 0
vt 0.9676 0.5870 0
vt 0.8983 0.5870 0
vt 1.0695 0.6072 0
vt 0.0695 0.6274 0
vt 0.0000 0.6274 0
vt 0.1250 0.6274 0
vt 0.1758 0.6274 0
vt 0.1250 0.6072 0
vt 0.2218 0.6274 0
vt 0.1758 0.6072 0
vt 0.2679 0.6274 0
vt 0.2218 0.6072 0
vt 0.3146 0.6274 0
vt 0.2679 0.6072 0
vt 0.3625 0.6274 0
vt 0.3146 0.6072 0
vt 0.3625 0.6072 0
vt 0.4125 0.6072 0
vt 0.4125 0.6274 0
vt 0.4859 0.6072 0
vt 0.4859 0.6274 0
vt 0.5422 0.6072 0
vt 0.5422 0.6274 0
vt 0.6064 0.6072 0
vt 0.6064 0.6274 0
vt 0.6636 0.6274 0
vt 0.7106 0.6274 0
vt 0.7500 0.6072 0
vt 0.7966 0.6072 0
vt 0.7966 0.6274 0
vt 0.8437 0.6072 0
vt 0.8437 0.6274 0
vt 0.8983 0.6072 0
vt 0.8983 0.6274 0
vt 0.9676 0.6274 0
vt 1.0000 0.6072 0
vt 0.0695 0.6659 0
vt 0.0000 0.6659 0
vt 0.1250 0.6659 0
vt 0.1758 0.6659 0
vt 0.2218 0.6659 0
vt 0.2679 0.6659 0
vt 0.3146 0.6467 0
vt 0.3625 0.6659 0
vt 0.3146 0.6659 0
vt 0.3625 0.6467 0
vt 0.4125 0.6467 0
vt 0.4125 0.6659 0
vt 0.4859 0.6467 0
vt 0.4859 0.6659 0
vt 0.5422 0.6467 0
vt 0.5422 0.6659 0
vt 0.6064 0.6467 0
vt 0.6064 0.6659 0
vt 0.6636 0.6467 0
vt 0.6636 0.6659 0
vt 0.7106 0.6659 0
vt 0.7500 0.6274 0
vt 0.7500 0.6659 0
vt 0.7966 0.6659 0
vt 0.8437 0.6659 0
vt 0.8983 0.6659 0
vt 0.9676 0.6659 0
vt 0.0695 0.6997 0
vt 0.0000 0.6997 0
vt 0.1250 0.6997 0
vt 0.1758 0.6997 0
vt 0.2218 0.6997 0
vt 0.2679 0.6997 0
vt 0.3146 0.6997 0
vt 0.3625 0.6997 0
vt 0.4125 0.6997 0
vt 0.4859 0.6997 0
vt 0.5422 0.6997 0
vt 0.6064 0.6997 0
vt 0.6636 0.6997 0
vt 0.7106 0.6997 0
vt 0.7500 0.6997 0
vt 0.7966 0.6997 0
vt 0.8437 0.6997 0
vt 0.9676 0.6997 0
vt 0.8983 0.6997 0
vt 0.0695 0.7311 0
vt 0.0000 0.7311 0
vt 0.1250 0.7311 0
vt 0.1758 0.7311 0
vt 0.2218 0.7311 0
vt 0.2679 0.7311 0
vt 0.3146 0.7311 0
vt 0.3625 0.7311 0
vt 0.4125 0.7311 0
vt 0.4859 0.7311 0
vt 0.5422 0.7311 0
vt 0.6064 0.7311 0
vt 0.6636 0.7311 0
vt 0.7106 0.7311 0
vt 0.7500 0.7311 0
vt 0.7966 0.7311 0
vt 0.8437 0.7311 0
vt 0.9676 0.7311 0
vt 0.8983 0.7311 0
vt 0.0695 0.7627 0
vt 0.0000 0.7627 0
vt 0.1250 0.7627 0
vt 0.1758 0.7627 0
vt 0.2218 0.7627 0
vt 0.2679 0.7469 0
vt 0.3146 0.7627 0
vt 0.2679 0.7627 0
vt 0.3625 0.7627 0
vt 0.3146 0.7469 0
vt 0.3625 0.7469 0
vt 0.4125 0.7469 0
vt 0.4125 0.7627 0
vt 0.4859 0.7469 0
vt 0.4859 0.7627 0
vt 0.5422 0.7469 0
vt 0.5422 0.7627 0
vt 0.6064 0.7469 0
vt 0.6064 0.7627 0
vt 0.6636 0.7627 0
vt 0.7106 0.7627 0
vt 0.7500 0.7627 0
vt 0.7966 0.7627 0
vt 0.8437 0.7627 0
vt 0.9676 0.7627 0
vt 0.8983 0.7627 0
vt 0.0695 0.7903 0
vt 0.0000 0.7903 0
vt 0.1250 0.7903 0
vt 0.1758 0.7903 0
vt 0.2218 0.7903 0
vt 0.2679 0.7903 0
vt 0.3146 0.7903 0
vt 0.3625 0.7903 0
vt 0.4125 0.7903 0
vt 0.4859 0.7903 0
vt 0.5422 0.7903 0
vt 0.6064 0.7903 0
vt 0.6636 0.7903 0
vt 0.7106 0.7903 0
vt 0.7500 0.7903 0
vt 0.7966 0.7903 0
vt 0.8437 0.7903 0
vt 0.9676 0.7903 0
vt 0.8983 0.7903 0
vt 0.0695 0.8196 0
vt 0.0000 0.8196 0
vt 0.1250 0.8196 0
vt 0.1758 0.8196 0
vt 0.2218 0.8196 0
vt 0.2679 0.8050 0
vt 0.3146 0.8196 0
vt 0.2679 0.8196 0
vt 0.3625 0.8196 0
vt 0.3146 0.8050 0
vt 0.3625 0.8050 0
vt 0.4125 0.8050 0
vt 0.4125 0.8196 0
vt 0.4859 0.8050 0
vt 0.4859 0.8196 0
vt 0.5422 0.8050 0
vt 0.5422 0.8196 0
vt 0.6064 0.8050 0
vt 0.6064 0.8196 0
vt 0.6636 0.8196 0
vt 0.7106 0.8196 0
vt 0.7500 0.8196 0
vt 0.7966 0.8196 0
vt 0.8437 0.8196 0
vt 0.9676 0.8196 0
vt 0.8983 0.8196 0
vt 0.0695 0.8486 0
vt 0.0000 0.8486 0
vt 0.1250 0.8486 0
vt 0.1758 0.8486 0
vt 0.2218 0.8486 0
vt 0.2679 0.8486 0
vt 0.3146 0.8341 0
vt 0.3625 0.8486 0
vt 0.3146 0.8486 0
vt 0.3625 0.8341 0
vt 0.4125 0.8341 0
vt 0.4125 0.8486 0
vt 0.4859 0.8341 0
vt 0.4859 0.8486 0
vt 0.5422 0.8341 0
vt 0.5422 0.8486 0
vt 0.6064 0.8486 0
vt 0.6636 0.8486 0
vt 0.7106 0.8486 0
vt 0.7500 0.8486 0
vt 0.7966 0.8486 0
vt 0.8437 0.8486 0
vt 0.9676 0.8486 0
vt 0.8983 0.8486 0
vt 0.0695 0.8750 0
vt 0.0000 0.8750 0
vt 0.1250 0.8750 0
vt 0.1758 0.8750 0
vt 0.2218 0.8750 0
vt 0.2679 0.8750 0
vt 0.3146 0.8750 0
vt 0.3625 0.8750 0
vt 0.4125 0.8750 0
vt 0.4859 0.8750 0
vt 0.5422 0.8750 0
vt 0.6064 0.8750 0
vt 0.6636 0.8750 0
vt 0.7106 0.8750 0
vt 0.7500 0.8750 0
vt 0.7966 0.8750 0
vt 0.8437 0.8750 0
vt 0.9676 0.8750 0
vt 0.8983 0.8750 0
vt 0.0695 0.9051 0
vt 0.0000 0.9051 0
vt 0.1250 0.9051 0
vt 0.1758 0.9051 0
vt 0.2218 0.9051 0
vt 0.2679 0.9051 0
vt 0.3146 0.9051 0
vt 0.3625 0.9051 0
vt 0.4125 0.9051 0
vt 0.4859 0.9051 0
vt 0.5422 0.9051 0
vt 0.6064 0.9051 0
vt 0.6636 0.9051 0
vt 0.7106 0.9051 0
vt 0.7500 0.9051 0
vt 0.7966 0.9051 0
vt 0.8437 0.9051 0
vt 0.9676 0.9051 0
vt 0.8983 0.9051 0
vt 0.0695 0.9365 0
vt 0.0000 0.9365 0
vt 0.1250 0.9365 0
vt 0.1758 0.9365 0
vt 0.2218 0.9365 0
vt 0.2679 0.9365 0
vt 0.3146 0.9365 0
vt 0.3625 0.9365 0
vt 0.4125 0.9365 0
vt 0.4859 0.9365 0
vt 0.5422 0.9365 0
vt 0.6064 0.9365 0
vt 0.6636 0.9365 0
vt 0.7106 0.9365 0
vt 0.7500 0.9365 0
vt 0.7966 0.9365 0
vt 0.8437 0.9365 0
vt 0.9676 0.9365 0
vt 0.8983 0.9365 0
vt 0.0695 0.9695 0
vt 0.0000 0.9695 0
vt 0.1250 0.9695 0
vt 0.1758 0.9695 0
vt 0.2218 0.9695 0
vt 0.2679 0.9695 0
vt 0.3146 0.9695 0
vt 0.3625 0.9695 0
vt 0.4125 0.9695 0
vt 0.4859 0.9695 0
vt 0.5422 0.9695 0
vt 0.6064 0.9695 0
vt 0.6636 0.9695 0
vt 0.7106 0.9695 0
vt 0.7500 0.9695 0
vt 0.7966 0.9695 0
vt 0.8437 0.9695 0
vt -0.0324 0.9695 0
vt -0.1017 0.9695 0
vt 0.0695 1.0000 0
vt 0.0000 1.0000 0
vt 0.1057 1.0000 0
vt 0.1250 1.0000 0
vt 0.1830 1.0000 0
vt 0.2218 1.0000 0
vt 0.2500 1.0000 0
vt 0.2679 1.0000 0
vt 0.3170 1.0000 0
vt 0.3625 1.0000 0
vt 0.4125 1.0000 0
vt 0.3943 1.0000 0
vt 0.5000 1.0000 0
vt 0.5422 1.0000 0
vt 0.6057 1.0000 0
vt 0.6636 1.0000 0
vt 0.7106 1.0000 0
vt 0.6830 1.0000 0
vt 0.7500 1.0000 0
vt 0.8170 1.0000 0
vt 0.8437 1.0000 0
vt -0.1057 1.0000 0
vt -0.0324 1.0000 0
vt 0.0695 0.0000 0
vt 0.1057 0.0000 0
vt 0.1250 0.0000 0
vt 0.1830 0.0000 0
vt 0.2218 0.0000 0
vt 0.2500 0.0000 0
vt 0.2679 0.0000 0
vt 0.3170 0.0000 0
vt 0.3625 0.0000 0
vt 0.3943 0.0000 0
vt 0.4125 0.0000 0
vt 0.5000 0.0000 0
vt 0.6830 0.0000 0
vt 0.7500 0.0221 0
vt 0.7106 0.0000 0
vt 0.7966 0.0000 0
vt 0.8170 0.0000 0
vt 0.8943 0.0000 0
vt 0.9676 0.0000 0
vt 1.0000 0.0000 0
vt 0.7500 0.1698 0
vt 0.6350 0.6274 0
vt 0.9676 0.6072 0
vt 0.8437 0.0000 0
vt 0.7500 0.0000 0
vt 0.7966 1.0000 0
vt 0.0000 0.0000 0
vt 0.0012 0.0007 0
vt 0.0011 0.0008 0
vt 0.0007 0.0012 0
vt 0.0003 0.0013 0
vt 0.0000 0.0014 0
vt -0.0002 0.0013 0
vt -0.0007 0.0012 0
vt -0.0010 0.0009 0
vt -0.0012 0.0007 0
vt -0.0012 0.0006 0
vt -0.0014 0.0000 0
vt -0.0013 -0.0002 0
vt -0.0012 -0.0007 0
vt -0.0008 -0.0011 0
vt -0.0007 -0.0012 0
vt -0.0004 -0.0013 0
vt 0.0000 -0.0014 0
vt 0.0005 -0.0013 0
vt 0.0007 -0.0012 0
vt 0.0009 -0.0010 0
vt 0.0012 -0.0007 0
vt 0.0013 -0.0002 0
vt 0.0014 0.0000 0
vt 0.0013 0.0004 0
vt -0.1848 0.0570 0
vt 0.0000 0.0570 0
vt 0.0000 0.0020 0
vt 5.9136 0.0570 0
vt -0.1848 0.0020 0
vt 5.7288 0.0570 0
vt 5.9136 0.0020 0
vt 5.5440 0.0570 0
vt 5.7288 0.0020 0
vt 3.6960 0.0570 0
vt 3.8808 0.0570 0
vt 3.8808 0.0020 0
vt 3.5112 0.0570 0
vt 3.6960 0.0020 0
vt 3.3264 0.0570 0
vt 3.5112 0.0020 0
vt 3.1416 0.0570 0
vt 3.3264 0.0020 0
vt 2.9568 0.0570 0
vt 3.1416 0.0020 0
vt 2.7720 0.0570 0
vt 2.9568 0.0020 0
vt 2.5872 0.0570 0
vt 2.7720 0.0020 0
vt 2.4024 0.0570 0
vt 2.5872 0.0020 0
vt 0.5544 0.0570 0
vt 0.7392 0.0570 0
vt 0.7392 0.0020 0
vt 0.3696 0.0570 0
vt 0.5544 0.0020 0
vt 0.1848 0.0570 0
vt 0.3696 0.0020 0
vt 0.1848 0.0020 0
vt 0.8927 0.0450 0
vt 0.9240 0.0445 0
vt 0.8679 0.0456 0
vt 0.8524 0.0462 0
vt 0.8470 0.0469 0
vt 0.9240 0.0570 0
vt 0.9255 0.0493 0
vt 0.8927 0.0488 0
vt 0.8679 0.0482 0
vt 0.8524 0.0476 0
vt 1.1088 0.0020 0
vt 0.9240 0.0020 0
vt 1.0989 0.0435 0
vt 1.0524 0.0435 0
vt 0.9645 0.0440 0
vt 1.0074 0.0437 0
vt 1.1088 0.0435 0
vt 1.2936 0.0435 0
vt 1.2936 0.0020 0
vt 1.4784 0.0435 0
vt 1.4784 0.0020 0
vt 1.6632 0.0435 0
vt 1.6632 0.0020 0
vt 1.8480 0.0435 0
vt 1.8480 0.0020 0
vt 2.0328 0.0435 0
vt 2.0328 0.0020 0
vt 2.2176 0.0020 0
vt 2.0893 0.0435 0
vt 2.1342 0.0437 0
vt 2.0427 0.0435 0
vt 2.1771 0.0440 0
vt 2.2489 0.0488 0
vt 2.2176 0.0493 0
vt 2.2737 0.0482 0
vt 2.2891 0.0476 0
vt 2.2946 0.0469 0
vt 2.4024 0.0020 0
vt 2.2892 0.0462 0
vt 2.2161 0.0445 0
vt 2.2489 0.0450 0
vt 2.2737 0.0456 0
vt 2.0328 0.0570 0
vt 2.2176 0.0570 0
vt 2.0892 0.0502 0
vt 2.0427 0.0503 0
vt 2.1771 0.0497 0
vt 2.1342 0.0500 0
vt 1.8480 0.0570 0
vt 2.0328 0.0503 0
vt 1.6632 0.0570 0
vt 1.8480 0.0503 0
vt 1.4784 0.0570 0
vt 1.6632 0.0503 0
vt 1.2936 0.0570 0
vt 1.4784 0.0503 0
vt 1.1088 0.0570 0
vt 1.2936 0.0503 0
vt 1.0523 0.0502 0
vt 1.0074 0.0500 0
vt 1.0989 0.0503 0
vt 1.1088 0.0503 0
vt 0.9645 0.0497 0
vt 5.3905 0.0488 0
vt 5.3592 0.0493 0
vt 5.4153 0.0482 0
vt 5.4307 0.0476 0
vt 5.4362 0.0469 0
vt 5.5440 0.0020 0
vt 5.4308 0.0462 0
vt 5.3592 0.0020 0
vt 5.3577 0.0445 0
vt 5.3905 0.0450 0
vt 5.4153 0.0456 0
vt 5.1744 0.0570 0
vt 5.3592 0.0570 0
vt 5.2308 0.0502 0
vt 5.1843 0.0503 0
vt 5.3187 0.0497 0
vt 5.2757 0.0500 0
vt 4.9896 0.0570 0
vt 5.1744 0.0503 0
vt 4.8048 0.0570 0
vt 4.9896 0.0503 0
vt 4.6200 0.0570 0
vt 4.8048 0.0503 0
vt 4.4352 0.0570 0
vt 4.6200 0.0503 0
vt 4.2504 0.0570 0
vt 4.4352 0.0503 0
vt 4.0656 0.0570 0
vt 4.1939 0.0502 0
vt 4.1490 0.0500 0
vt 4.2405 0.0503 0
vt 4.2504 0.0503 0
vt 4.1061 0.0497 0
vt 4.0343 0.0450 0
vt 4.0656 0.0445 0
vt 4.0095 0.0456 0
vt 3.9940 0.0462 0
vt 3.9886 0.0469 0
vt 4.0671 0.0493 0
vt 4.0342 0.0488 0
vt 4.0095 0.0482 0
vt 3.9940 0.0476 0
vt 4.2504 0.0020 0
vt 4.0656 0.0020 0
vt 4.2405 0.0435 0
vt 4.1940 0.0435 0
vt 4.1061 0.0440 0
vt 4.1490 0.0437 0
vt 4.2504 0.0435 0
vt 4.4352 0.0435 0
vt 4.4352 0.0020 0
vt 4.6200 0.0435 0
vt 4.6200 0.0020 0
vt 4.8048 0.0435 0
vt 4.8048 0.0020 0
vt 4.9896 0.0435 0
vt 4.9896 0.0020 0
vt 5.1744 0.0435 0
vt 5.1744 0.0020 0
vt 5.2309 0.0435 0
vt 5.2757 0.0437 0
vt 5.1843 0.0435 0
vt 5.3187 0.0440 0
vt 0.0075 0.0000 0
vt 0.0043 0.0003 0
vt 0.0060 0.0021 0
vt 0.0149 0.0037 0
vt 0.0150 0.0016 0
vt 0.0138 0.0011 0
vt 0.0090 0.0021 0
vt 0.0107 0.0003 0
vt 0.0012 0.0011 0
vt 0.0030 0.0026 0
vt 0.0001 0.0037 0
vt 0.0120 0.0026 0
vt 0.0000 0.0016 0
vt 0.0000 0.0038 0
vt 0.0150 0.0038 0
vt 2.7489 0.0022 0
vt 2.9427 0.0042 0
vt 3.1416 0.0038 0
vt 3.1416 0.0016 0
vt 2.9437 0.0019 0
vt 2.7489 0.0045 0
vt 2.3562 0.0029 0
vt 2.5530 0.0049 0
vt 2.3562 0.0053 0
vt 2.6057 0.0025 0
vt 1.9635 0.0034 0
vt 2.1589 0.0057 0
vt 1.9635 0.0059 0
vt 2.1626 0.0032 0
vt 1.7697 0.0061 0
vt 1.7691 0.0035 0
vt 1.5708 0.0036 0
vt 1.5708 0.0061 0
vt 1.3717 0.0061 0
vt 1.3724 0.0035 0
vt 1.1781 0.0059 0
vt 1.1781 0.0034 0
vt 0.9782 0.0032 0
vt 0.7937 0.0053 0
vt 0.9823 0.0057 0
vt 0.7854 0.0029 0
vt 0.5359 0.0025 0
vt 0.3927 0.0045 0
vt 0.5885 0.0049 0
vt 0.3927 0.0022 0
vt 0.1973 0.0019 0
vt 0.0000 0.0038 0
vt 0.1983 0.0042 0
vt 0.0000 0.0016 0
vt -0.0075 0.0000 0
vt -0.0090 0.0021 0
vt -0.0060 0.0021 0
vt -0.0001 0.0037 0
vt 0.0000 0.0016 0
vt -0.0012 0.0011 0
vt -0.0043 0.0003 0
vt -0.0030 0.0026 0
vt -0.0149 0.0037 0
vt -0.0120 0.0026 0
vt -0.0138 0.0011 0
vt -0.0107 0.0003 0
vt -0.0150 0.0016 0
vt -0.0150 0.0038 0
vt 0.0000 0.0038 0
vt 5.8905 0.0022 0
vt 6.0843 0.0042 0
vt 6.2832 0.0038 0
vt 6.2832 0.0016 0
vt 6.0853 0.0019 0
vt 5.8905 0.0045 0
vt 5.4978 0.0029 0
vt 5.6946 0.0049 0
vt 5.4978 0.0053 0
vt 5.7473 0.0025 0
vt 5.1051 0.0034 0
vt 5.3005 0.0057 0
vt 5.1051 0.0059 0
vt 5.3042 0.0032 0
vt 4.9113 0.0061 0
vt 4.9107 0.0035 0
vt 4.7124 0.0036 0
vt 4.7124 0.0061 0
vt 4.5133 0.0061 0
vt 4.5140 0.0035 0
vt 4.3197 0.0059 0
vt 4.3197 0.0034 0
vt 4.1198 0.0032 0
vt 3.9353 0.0053 0
vt 4.1239 0.0057 0
vt 3.9270 0.0029 0
vt 3.6775 0.0025 0
vt 3.5343 0.0045 0
vt 3.7301 0.0049 0
vt 3.5343 0.0022 0
vt 3.3389 0.0019 0
vt 3.1416 0.0038 0
vt 3.3399 0.0042 0
vt 3.1416 0.0016 0
vt 3.5343 0.0348 0
vt 3.3404 0.0328 0
vt 3.1416 0.0332 0
vt 3.1416 0.0354 0
vt 3.3394 0.0351 0
vt 3.5343 0.0325 0
vt 3.9270 0.0341 0
vt 3.7302 0.0321 0
vt 3.9270 0.0317 0
vt 3.6775 0.0345 0
vt 4.3197 0.0336 0
vt 4.1243 0.0313 0
vt 4.3197 0.0311 0
vt 4.1206 0.0338 0
vt 4.5135 0.0309 0
vt 4.5141 0.0335 0
vt 4.7124 0.0334 0
vt 4.7124 0.0309 0
vt 4.9115 0.0309 0
vt 4.9108 0.0335 0
vt 5.1051 0.0311 0
vt 5.1051 0.0336 0
vt 5.3050 0.0338 0
vt 5.4894 0.0317 0
vt 5.3009 0.0313 0
vt 5.4978 0.0341 0
vt 5.7473 0.0345 0
vt 5.8905 0.0325 0
vt 5.6947 0.0321 0
vt 5.8905 0.0348 0
vt 6.0859 0.0351 0
vt 6.2832 0.0332 0
vt 6.0849 0.0328 0
vt 6.2832 0.0354 0
vt -0.0075 0.0370 0
vt -0.0060 0.0349 0
vt -0.0090 0.0349 0
vt -0.0107 0.0367 0
vt -0.0120 0.0344 0
vt -0.0043 0.0367 0
vt -0.0012 0.0359 0
vt -0.0030 0.0344 0
vt -0.0001 0.0333 0
vt -0.0149 0.0333 0
vt -0.0150 0.0354 0
vt -0.0138 0.0359 0
vt 0.0000 0.0354 0
vt 0.0000 0.0332 0
vt -0.0150 0.0332 0
vt 0.3927 0.0348 0
vt 0.1989 0.0328 0
vt 0.0000 0.0332 0
vt 0.0000 0.0354 0
vt 0.1978 0.0351 0
vt 0.3927 0.0325 0
vt 0.7854 0.0341 0
vt 0.5886 0.0321 0
vt 0.7854 0.0317 0
vt 0.5359 0.0345 0
vt 1.1781 0.0336 0
vt 0.9827 0.0313 0
vt 1.1781 0.0311 0
vt 0.9790 0.0338 0
vt 1.3719 0.0309 0
vt 1.3725 0.0335 0
vt 1.5708 0.0334 0
vt 1.5708 0.0309 0
vt 1.7699 0.0309 0
vt 1.7692 0.0335 0
vt 1.9635 0.0311 0
vt 1.9635 0.0336 0
vt 2.1634 0.0338 0
vt 2.3478 0.0317 0
vt 2.1593 0.0313 0
vt 2.3562 0.0341 0
vt 2.6057 0.0345 0
vt 2.7489 0.0325 0
vt 2.5531 0.0321 0
vt 2.7489 0.0348 0
vt 2.9443 0.0351 0
vt 3.1416 0.0332 0
vt 2.9433 0.0328 0
vt 3.1416 0.0354 0
vt 0.0075 0.0370 0
vt 0.0107 0.0367 0
vt 0.0090 0.0349 0
vt 0.0043 0.0367 0
vt 0.0060 0.0349 0
vt 0.0030 0.0344 0
vt 0.0001 0.0333 0
vt 0.0000 0.0354 0
vt 0.0012 0.0359 0
vt 0.0138 0.0359 0
vt 0.0120 0.0344 0
vt 0.0149 0.0333 0
vt 0.0150 0.0354 0
vt 0.0150 0.0332 0
vt 0.0000 0.0332 0
vt 6.2832 0.0590 0
vt 6.2832 0.0000 0
vt 6.4577 0.0000 0
vt 6.4577 0.0590 0
vt 6.6323 0.0000 0
vt 6.6323 0.0590 0
vt 0.5236 0.0000 0
vt 0.5236 0.0590 0
vt 0.6981 0.0000 0
vt 0.6981 0.0590 0
vt 0.8727 0.0000 0
vt 2.2689 0.0590 0
vt 2.2689 0.0000 0
vt 2.4435 0.0000 0
vt 2.4435 0.0590 0
vt 2.6180 0.0000 0
vt 2.6180 0.0590 0
vt 2.7925 0.0000 0
vt 2.7925 0.0590 0
vt 2.9671 0.0000 0
vt 2.9671 0.0590 0
vt 3.1416 0.0000 0
vt 3.1416 0.0590 0
vt 3.3161 0.0000 0
vt 3.3161 0.0590 0
vt 3.4907 0.0000 0
vt 3.4907 0.0590 0
vt -2.6180 0.0000 0
vt -2.6180 0.0590 0
vt -2.4435 0.0000 0
vt -2.4435 0.0590 0
vt -2.2689 0.0000 0
vt -0.8727 0.0590 0
vt -0.8727 0.0000 0
vt -0.6981 0.0000 0
vt -0.6981 0.0590 0
vt -0.5236 0.0000 0
vt -0.5236 0.0590 0
vt -0.3491 0.0000 0
vt -0.3491 0.0590 0
vt -0.1745 0.0000 0
vt -0.1745 0.0590 0
vt -1.0046 0.0445 0
vt -1.0472 0.0439 0
vt -0.9563 0.0456 0
vt -0.9774 0.0450 0
vt -0.9434 0.0462 0
vt -0.9389 0.0469 0
vt -1.0046 0.0493 0
vt -0.9775 0.0488 0
vt -1.0472 0.0590 0
vt -1.0472 0.0498 0
vt -0.9563 0.0482 0
vt -0.9434 0.0476 0
vt 5.0615 0.0000 0
vt -1.0472 0.0000 0
vt 5.1298 0.0435 0
vt 5.1700 0.0435 0
vt 5.2088 0.0437 0
vt 4.8869 0.0435 0
vt 4.8869 0.0000 0
vt 4.7124 0.0435 0
vt 4.7124 0.0000 0
vt 4.5379 0.0435 0
vt 4.5379 0.0000 0
vt 4.3633 0.0435 0
vt 4.3633 0.0000 0
vt -2.0944 0.0000 0
vt 4.2549 0.0435 0
vt 4.2160 0.0437 0
vt 4.2950 0.0435 0
vt -2.2689 0.0590 0
vt -2.1370 0.0493 0
vt -2.0944 0.0498 0
vt -2.1853 0.0482 0
vt -2.1642 0.0488 0
vt -2.1982 0.0476 0
vt -2.2027 0.0469 0
vt -2.1982 0.0462 0
vt -2.1370 0.0445 0
vt -2.1641 0.0450 0
vt -2.0944 0.0439 0
vt -2.1853 0.0456 0
vt -1.9199 0.0590 0
vt -2.0944 0.0590 0
vt -1.9882 0.0503 0
vt -2.0284 0.0502 0
vt -2.0672 0.0500 0
vt -1.9199 0.0503 0
vt -1.7453 0.0503 0
vt -1.7453 0.0590 0
vt -1.5708 0.0503 0
vt -1.5708 0.0590 0
vt -1.3963 0.0503 0
vt -1.3963 0.0590 0
vt -1.2217 0.0503 0
vt -1.1133 0.0502 0
vt -1.0744 0.0500 0
vt -1.2217 0.0590 0
vt -1.1534 0.0503 0
vt 2.1370 0.0445 0
vt 2.0944 0.0439 0
vt 2.1853 0.0456 0
vt 2.1642 0.0450 0
vt 2.1982 0.0462 0
vt 2.2027 0.0469 0
vt 2.1370 0.0493 0
vt 2.1641 0.0488 0
vt 2.0944 0.0590 0
vt 2.0944 0.0498 0
vt 2.1853 0.0482 0
vt 2.1982 0.0476 0
vt 1.9199 0.0000 0
vt 2.0944 0.0000 0
vt 1.9882 0.0435 0
vt 2.0284 0.0435 0
vt 2.0672 0.0437 0
vt 1.7453 0.0435 0
vt 1.7453 0.0000 0
vt 1.5708 0.0435 0
vt 1.5708 0.0000 0
vt 1.3963 0.0435 0
vt 1.3963 0.0000 0
vt 1.2217 0.0435 0
vt 1.2217 0.0000 0
vt 1.0472 0.0000 0
vt 1.1133 0.0435 0
vt 1.0744 0.0437 0
vt 1.1534 0.0435 0
vt 0.8727 0.0590 0
vt 1.0046 0.0493 0
vt 1.0472 0.0498 0
vt 0.9563 0.0482 0
vt 0.9774 0.0488 0
vt 0.9434 0.0476 0
vt 0.9389 0.0469 0
vt 0.9434 0.0462 0
vt 1.0046 0.0445 0
vt 0.9775 0.0450 0
vt 1.0472 0.0439 0
vt 0.9563 0.0456 0
vt 1.2217 0.0590 0
vt 1.0472 0.0590 0
vt 1.1534 0.0503 0
vt 1.1132 0.0502 0
vt 1.0744 0.0500 0
vt 1.2217 0.0503 0
vt 1.3963 0.0503 0
vt 1.3963 0.0590 0
vt 1.5708 0.0503 0
vt 1.5708 0.0590 0
vt 1.7453 0.0503 0
vt 1.7453 0.0590 0
vt 1.9199 0.0503 0
vt 2.0283 0.0502 0
vt 2.0672 0.0500 0
vt 1.9199 0.0590 0
vt 1.9882 0.0503 0
vt 1.9199 0.0435 0
vt 5.0615 0.0435 0
vt 0.0045 0.0159 0
vt 0.0074 0.0148 0
vt 0.0023 0.0039 0
vt 0.0099 0.0132 0
vt 0.0122 0.0111 0
vt 0.0034 0.0029 0
vt 0.0162 -0.0030 0
vt 0.0042 -0.0015 0
vt 0.0045 0.0000 0
vt 0.0140 -0.0087 0
vt 0.0034 -0.0029 0
vt -0.0140 0.0087 0
vt -0.0034 0.0029 0
vt -0.0042 0.0015 0
vt -0.0099 0.0132 0
vt -0.0023 0.0039 0
vt 0.0008 0.0044 0
vt 0.0015 0.0164 0
vt 0.0140 0.0087 0
vt 0.0154 0.0060 0
vt 0.0042 0.0015 0
vt 0.0162 0.0030 0
vt 0.0165 0.0000 0
vt 0.0154 -0.0060 0
vt -0.0045 -0.0159 0
vt -0.0074 -0.0148 0
vt -0.0023 -0.0039 0
vt -0.0099 -0.0132 0
vt -0.0122 -0.0111 0
vt -0.0034 -0.0029 0
vt -0.0162 0.0030 0
vt -0.0045 0.0000 0
vt -0.0154 0.0060 0
vt -0.0122 0.0111 0
vt -0.0045 0.0159 0
vt -0.0008 0.0044 0
vt 0.0122 -0.0111 0
vt 0.0099 -0.0132 0
vt 0.0023 -0.0039 0
vt 0.0045 -0.0159 0
vt 0.0008 -0.0044 0
vt -0.0008 -0.0044 0
vt -0.0015 -0.0164 0
vt -0.0140 -0.0087 0
vt -0.0154 -0.0060 0
vt -0.0042 -0.0015 0
vt -0.0165 0.0000 0
vt -0.0074 0.0148 0
vt -0.0015 0.0164 0
vt 0.0074 -0.0148 0
vt 0.0015 -0.0164 0
vt -0.0162 -0.0030 0
vt -0.3491 0.0070 0
vt 0.0000 0.0070 0
vt 0.0000 0.0020 0
vt 5.5851 0.0070 0
vt -0.3491 0.0020 0
vt 5.2360 0.0070 0
vt 5.5851 0.0020 0
vt 4.8869 0.0070 0
vt 5.2360 0.0020 0
vt 4.5379 0.0070 0
vt 4.8869 0.0020 0
vt 4.1888 0.0070 0
vt 4.5379 0.0020 0
vt 3.8397 0.0070 0
vt 4.1888 0.0020 0
vt 3.4907 0.0070 0
vt 3.8397 0.0020 0
vt 3.1416 0.0070 0
vt 3.4907 0.0020 0
vt 2.7925 0.0070 0
vt 3.1416 0.0020 0
vt 2.4435 0.0070 0
vt 2.7925 0.0020 0
vt 2.0944 0.0070 0
vt 2.4435 0.0020 0
vt 1.7453 0.0070 0
vt 2.0944 0.0020 0
vt 1.3963 0.0070 0
vt 1.7453 0.0020 0
vt 1.0472 0.0070 0
vt 1.3963 0.0020 0
vt 0.6981 0.0070 0
vt 1.0472 0.0020 0
vt 0.3491 0.0070 0
vt 0.6981 0.0020 0
vt 0.3491 0.0020 0
vt -0.0042 0.0015 0
vt -0.0040 0.0015 0
vt -0.0043 0.0000 0
vt -0.0034 0.0029 0
vt -0.0033 0.0027 0
vt -0.0023 0.0039 0
vt -0.0021 0.0037 0
vt -0.0008 0.0044 0
vt -0.0007 0.0042 0
vt 0.0045 0.0000 0
vt 0.0043 0.0000 0
vt 0.0040 0.0015 0
vt 0.0042 -0.0015 0
vt 0.0040 -0.0015 0
vt 0.0008 0.0044 0
vt 0.0007 0.0042 0
vt 0.0023 0.0039 0
vt 0.0021 0.0037 0
vt 0.0034 -0.0029 0
vt 0.0033 -0.0027 0
vt 0.0023 -0.0039 0
vt 0.0021 -0.0037 0
vt 0.0008 -0.0044 0
vt 0.0007 -0.0042 0
vt 0.0034 0.0029 0
vt 0.0033 0.0027 0
vt 0.0042 0.0015 0
vt -0.0008 -0.0044 0
vt -0.0007 -0.0042 0
vt -0.0023 -0.0039 0
vt -0.0021 -0.0037 0
vt -0.0034 -0.0029 0
vt -0.0033 -0.0027 0
vt -0.0042 -0.0015 0
vt -0.0040 -0.0015 0
vt -0.0045 0.0000 0
vt 0.0000 0.0185 0
vt -0.0009 0.0064 0
vt 0.0009 0.0064 0
vt 0.0032 0.0182 0
vt -0.0063 0.0174 0
vt -0.0027 0.0059 0
vt -0.0093 0.0160 0
vt -0.0119 0.0142 0
vt -0.0043 0.0049 0
vt -0.0142 0.0119 0
vt -0.0055 0.0035 0
vt 0.0063 0.0174 0
vt -0.0032 0.0182 0
vt -0.0182 0.0032 0
vt -0.0185 0.0000 0
vt -0.0065 0.0000 0
vt -0.0160 0.0093 0
vt -0.0174 0.0063 0
vt -0.0062 0.0018 0
vt -0.0182 -0.0032 0
vt -0.0062 -0.0018 0
vt -0.0142 -0.0119 0
vt -0.0119 -0.0142 0
vt -0.0043 -0.0049 0
vt -0.0092 -0.0160 0
vt -0.0027 -0.0059 0
vt -0.0055 -0.0035 0
vt -0.0160 -0.0093 0
vt 0.0182 0.0032 0
vt 0.0062 0.0018 0
vt 0.0065 0.0000 0
vt 0.0142 0.0119 0
vt 0.0119 0.0142 0
vt 0.0043 0.0049 0
vt 0.0093 0.0160 0
vt 0.0027 0.0059 0
vt -0.0174 -0.0063 0
vt -0.0063 -0.0174 0
vt -0.0032 -0.0182 0
vt -0.0009 -0.0064 0
vt 0.0093 -0.0160 0
vt 0.0119 -0.0142 0
vt 0.0043 -0.0049 0
vt 0.0185 0.0000 0
vt 0.0174 0.0063 0
vt 0.0160 0.0093 0
vt 0.0055 0.0035 0
vt 0.0000 -0.0185 0
vt 0.0032 -0.0182 0
vt 0.0009 -0.0064 0
vt 0.0063 -0.0174 0
vt 0.0027 -0.0059 0
vt 0.0142 -0.0119 0
vt 0.0055 -0.0035 0
vt 0.0182 -0.0032 0
vt 0.0174 -0.0063 0
vt 0.0062 -0.0018 0
vt 0.0160 -0.0092 0
vt 6.2832 0.0050 0
vt 6.2832 0.0000 0
vt 6.5688 0.0000 0
vt 6.5688 0.0050 0
vt 0.5712 0.0000 0
vt 0.5712 0.0050 0
vt 0.8568 0.0000 0
vt 0.8568 0.0050 0
vt 1.1424 0.0000 0
vt 1.1424 0.0050 0
vt 1.4280 0.0000 0
vt 1.4280 0.0050 0
vt 1.7136 0.0000 0
vt 1.7136 0.0050 0
vt 1.9992 0.0000 0
vt 1.9992 0.0050 0
vt 2.2848 0.0000 0
vt 2.2848 0.0050 0
vt 2.5704 0.0000 0
vt 2.5704 0.0050 0
vt 2.8560 0.0000 0
vt 2.8560 0.0050 0
vt 3.1416 0.0000 0
vt 3.1416 0.0050 0
vt 3.4272 0.0000 0
vt 3.4272 0.0050 0
vt 3.7128 0.0000 0
vt 3.7128 0.0050 0
vt 3.9984 0.0000 0
vt 3.9984 0.0050 0
vt 4.2840 0.0000 0
vt 4.2840 0.0050 0
vt 4.5696 0.0000 0
vt 4.5696 0.0050 0
vt 4.8552 0.0000 0
vt 4.8552 0.0050 0
vt 5.1408 0.0000 0
vt 5.1408 0.0050 0
vt 5.4264 0.0000 0
vt 5.4264 0.0050 0
vt 5.7120 0.0000 0
vt 5.7120 0.0050 0
vt 5.9976 0.0000 0
vt 5.9976 0.0050 0
vt 0.0043 0.0049 0
vt 0.0027 0.0059 0
vt 0.0021 0.0037 0
vt 0.0055 0.0035 0
vt 0.0033 0.0027 0
vt 0.0040 0.0015 0
vt 0.0043 -0.0049 0
vt 0.0033 -0.0027 0
vt 0.0021 -0.0037 0
vt 0.0062 0.0018 0
vt 0.0043 0.0000 0
vt 0.0009 0.0064 0
vt 0.0007 0.0042 0
vt -0.0009 0.0064 0
vt -0.0007 0.0042 0
vt -0.0043 0.0049 0
vt -0.0033 0.0027 0
vt -0.0021 0.0037 0
vt -0.0055 0.0035 0
vt -0.0062 0.0018 0
vt -0.0040 0.0015 0
vt -0.0065 0.0000 0
vt -0.0043 0.0000 0
vt -0.0062 -0.0018 0
vt -0.0040 -0.0015 0
vt -0.0055 -0.0035 0
vt -0.0033 -0.0027 0
vt -0.0043 -0.0049 0
vt -0.0027 -0.0059 0
vt -0.0021 -0.0037 0
vt 0.0027 -0.0059 0
vt 0.0007 -0.0042 0
vt -0.0027 0.0059 0
vt -0.0009 -0.0064 0
vt -0.0007 -0.0042 0
vt 0.0009 -0.0064 0
vt 0.0055 -0.0035 0
vt 0.0062 -0.0018 0
vt 0.0040 -0.0015 0
vt 0.0065 0.0000 0
vt -0.3491 0.0100 0
vt 0.0000 0.0100 0
vt 0.0000 0.0080 0
vt 5.5851 0.0100 0
vt -0.3491 0.0080 0
vt 5.2360 0.0100 0
vt 5.5851 0.0080 0
vt 4.8869 0.0100 0
vt 5.2360 0.0080 0
vt 4.5379 0.0100 0
vt 4.8869 0.0080 0
vt 4.1888 0.0100 0
vt 4.5379 0.0080 0
vt 3.8397 0.0100 0
vt 4.1888 0.0080 0
vt 3.4907 0.0100 0
vt 3.8397 0.0080 0
vt 3.1416 0.0100 0
vt 3.4907 0.0080 0
vt 2.7925 0.0100 0
vt 3.1416 0.0080 0
vt 2.4435 0.0100 0
vt 2.7925 0.0080 0
vt 2.0944 0.0100 0
vt 2.4435 0.0080 0
vt 1.7453 0.0100 0
vt 2.0944 0.0080 0
vt 1.3963 0.0100 0
vt 1.7453 0.0080 0
vt 1.0472 0.0100 0
vt 1.3963 0.0080 0
vt 0.6981 0.0100 0
vt 1.0472 0.0080 0
vt 0.3491 0.0100 0
vt 0.6981 0.0080 0
vt 0.3491 0.0080 0
f 361/361/361 364/364/364 362/362/362
f 342/342/342 344/344/344 374/374/374
f 357/357/357 356/356/356 355/355/355
f 376/376/376 363/363/363 375/375/375
f 350/350/350 372/372/372 373/373/373
f 350/350/350 351/351/351 371/371/371
f 348/348/348 349/349/349 370/370/370
f 341/341/341 340/340/340 349/349/349
f 336/336/336 368/368/368 369/369/369
f 329/329/329 337/337/337 367/367/367
f 329/329/329 365/365/365 366/366/366
f 364/364/364 361/361/361 363/363/363
f 376/376/376 377/377/377 378/378/378
f 343/343/343 342/342/342 360/360/360
f 359/359/359 357/357/357 358/358/358
f 353/353/353 355/355/355 356/356/356
f 354/354/354 352/352/352 353/353/353
f 351/351/351 350/350/350 348/348/348
f 349/349/349 348/348/348 341/341/341
f 340/340/340 339/339/339 338/338/338
f 332/332/332 339/339/339 333/333/333
f 330/330/330 329/329/329 347/347/347
f 346/346/346 329/329/329 345/345/345
f 344/344/344 342/342/342 343/343/343
f 339/339/339 340/340/340 341/341/341
f 339/339/339 332/332/332 338/338/338
f 327/327/327 328/328/328 335/335/335
f 329/329/329 334/334/334 337/337/337
f 325/325/325 333/333/333 326/326/326
f 336/336/336 335/335/335 328/328/328
f 329/329/329 331/331/331 334/334/334
f 333/333/333 325/325/325 332/332/332
f 322/322/322 324/324/324 327/327/327
f 331/331/331 329/329/329 330/330/330
f 320/320/320 326/326/326 321/321/321
f 328/328/328 327/327/327 324/324/324
f 326/326/326 320/320/320 325/325/325
f 319/319/319 321/321/321 323/323/323
f 319/319/319 323/323/323 322/322/322
f 324/324/324 322/322/322 323/323/323
f 321/321/321 319/319/319 320/320/320
f 380/380/380 379/379/379 378/378/378
f 382/382/382 346/346/346 381/381/381
f 383/383/383 346/346/346 379/379/379
f 329/329/329 367/367/367 345/345/345
f 368/368/368 366/366/366 365/365/365
f 348/348/348 370/370/370 351/351/351
f 350/350/350 371/371/371 384/384/384
f 372/372/372 350/350/350 385/385/385
f 388/388/388 386/386/386 387/387/387
f 388/388/388 389/389/389 354/354/354
f 357/357/357 359/359/359 356/356/356
f 342/342/342 374/374/374 390/390/390
f 363/363/363 376/376/376 364/364/364
f 377/377/377 376/376/376 375/375/375
f 379/379/379 380/380/380 391/391/391
f 346/346/346 383/383/383 381/381/381
f 368/368/368 336/336/336 366/366/366
f 350/350/350 384/384/384 385/385/385
f 386/386/386 388/388/388 372/372/372
f 352/352/352 354/354/354 389/389/389
f 360/360/360 342/342/342 392/392/392
f 378/378/378 377/377/377 380/380/380
f 346/346/346 382/382/382 365/365/365
f 335/335/335 336/336/336 369/369/369
f 389/389/389 388/388/388 387/387/387
f 342/342/342 373/373/373 372/372/372
f 394/394/394 393/393/393 329/329/329
f 379/379/379 391/391/391 383/383/383
f 372/372/372 385/385/385 386/386/386
f 392/392/392 342/342/342 394/394/394
f 393/393/393 394/394/394 342/342/342
f 329/329/329 393/393/393 347/347/347
f 329/329/329 346/346/346 365/365/365
f 342/342/342 390/390/390 373/373/373
f 358/358/358 362/362/362 359/359/359
f 355/355/355 353/353/353 352/352/352
f 362/362/362 358/358/358 361/361/361
f 2631/2631/2631 2625/2625/2625 2624/2624/2624
f 2618/2618/2618 2620/2620/2620 2621/2621/2621
f 2621/2621/2621 2622/2622/2622 2623/2623/2623
f 2623/2623/2623 2624/2624/2624 2625/2625/2625
f 2628/2628/2628 2626/2626/2626 2627/2627/2627
f 2617/2617/2617 2619/2619/2619 2652/2652/2652
f 2646/2646/2646 2645/2645/2645 2644/2644/2644
f 2650/2650/2650 2649/2649/2649 2648/2648/2648
f 2626/2626/2626 2628/2628/2628 2643/2643/2643
f 2652/2652/2652 2651/2651/2651 2650/2650/2650
f 2648/2648/2648 2647/2647/2647 2646/2646/2646
f 2644/2644/2644 2640/2640/2640 2639/2639/2639
f 2641/2641/2641 2634/2634/2634 2633/2633/2633
f 2651/2651/2651 2652/2652/2652 2619/2619/2619
f 2649/2649/2649 2650/2650/2650 2651/2651/2651
f 2647/2647/2647 2648/2648/2648 2649/2649/2649
f 2645/2645/2645 2646/2646/2646 2647/2647/2647
f 2640/2640/2640 2644/2644/2644 2645/2645/2645
f 2637/2637/2637 2636/2636/2636 2635/2635/2635
f 2643/2643/2643 2642/2642/2642 2641/2641/2641
f 2619/2619/2619 2617/2617/2617 2618/2618/2618
f 2639/2639/2639 2638/2638/2638 2637/2637/2637
f 2635/2635/2635 2630/2630/2630 2629/2629/2629
f 2642/2642/2642 2643/2643/2643 2628/2628/2628
f 2634/2634/2634 2641/2641/2641 2642/2642/2642
f 2633/2633/2633 2632/2632/2632 2631/2631/2631
f 2622/2622/2622 2621/2621/2621 2620/2620/2620
f 2638/2638/2638 2639/2639/2639 2640/2640/2640
f 2636/2636/2636 2637/2637/2637 2638/2638/2638
f 2630/2630/2630 2635/2635/2635 2636/2636/2636
f 2629/2629/2629 2627/2627/2627 2626/2626/2626
f 2632/2632/2632 2633/2633/2633 2634/2634/2634
f 2625/2625/2625 2631/2631/2631 2632/2632/2632
f 2624/2624/2624 2623/2623/2623 2622/2622/2622
f 2620/2620/2620 2618/2618/2618 2617/2617/2617
f 2627/2627/2627 2629/2629/2629 2630/2630/2630
f 2581/2581/2581 2583/2583/2583 2585/2585/2585
f 2584/2584/2584 2585/2585/2585 2587/2587/2587
f 2586/2586/2586 2587/2587/2587 2589/2589/2589
f 2588/2588/2588 2589/2589/2589 2591/2591/2591
f 2590/2590/2590 2591/2591/2591 2593/2593/2593
f 2592/2592/2592 2593/2593/2593 2595/2595/2595
f 2594/2594/2594 2595/2595/2595 2597/2597/2597
f 2583/2583/2583 2581/2581/2581 2582/2582/2582
f 2585/2585/2585 2584/2584/2584 2581/2581/2581
f 2587/2587/2587 2586/2586/2586 2584/2584/2584
f 2589/2589/2589 2588/2588/2588 2586/2586/2586
f 2591/2591/2591 2590/2590/2590 2588/2588/2588
f 2593/2593/2593 2592/2592/2592 2590/2590/2590
f 2595/2595/2595 2594/2594/2594 2592/2592/2592
f 2597/2597/2597 2596/2596/2596 2594/2594/2594
f 2599/2599/2599 2598/2598/2598 2596/2596/2596
f 2601/2601/2601 2600/2600/2600 2598/2598/2598
f 2603/2603/2603 2602/2602/2602 2600/2600/2600
f 2605/2605/2605 2604/2604/2604 2602/2602/2602
f 2607/2607/2607 2606/2606/2606 2604/2604/2604
f 2609/2609/2609 2608/2608/2608 2606/2606/2606
f 2611/2611/2611 2610/2610/2610 2608/2608/2608
f 2596/2596/2596 2597/2597/2597 2599/2599/2599
f 2615/2615/2615 2614/2614/2614 2612/2612/2612
f 2616/2616/2616 2582/2582/2582 2614/2614/2614
f 2582/2582/2582 2616/2616/2616 2583/2583/2583
f 2614/2614/2614 2615/2615/2615 2616/2616/2616
f 2612/2612/2612 2613/2613/2613 2615/2615/2615
f 2610/2610/2610 2611/2611/2611 2613/2613/2613
f 2608/2608/2608 2609/2609/2609 2611/2611/2611
f 2606/2606/2606 2607/2607/2607 2609/2609/2609
f 2604/2604/2604 2605/2605/2605 2607/2607/2607
f 2602/2602/2602 2603/2603/2603 2605/2605/2605
f 2600/2600/2600 2601/2601/2601 2603/2603/2603
f 2598/2598/2598 2599/2599/2599 2601/2601/2601
f 2613/2613/2613 2612/2612/2612 2610/2610/2610
f 2542/2542/2542 2559/2559/2559 2561/2561/2561
f 2579/2579/2579 2570/2570/2570 2569/2569/2569
f 2580/2580/2580 2560/2560/2560 2574/2574/2574
f 2529/2529/2529 2531/2531/2531 2545/2545/2545
f 2580/2580/2580 2574/2574/2574 2573/2573/2573
f 2553/2553/2553 2555/2555/2555 2570/2570/2570
f 2567/2567/2567 2566/2566/2566 2578/2578/2578
f 2564/2564/2564 2563/2563/2563 2577/2577/2577
f 2560/2560/2560 2580/2580/2580 2575/2575/2575
f 2572/2572/2572 2574/2574/2574 2558/2558/2558
f 2570/2570/2570 2579/2579/2579 2571/2571/2571
f 2569/2569/2569 2568/2568/2568 2579/2579/2579
f 2550/2550/2550 2537/2537/2537 2549/2549/2549
f 2577/2577/2577 2545/2545/2545 2564/2564/2564
f 2541/2541/2541 2540/2540/2540 2562/2562/2562
f 2572/2572/2572 2558/2558/2558 2557/2557/2557
f 2556/2556/2556 2558/2558/2558 2555/2555/2555
f 2568/2568/2568 2567/2567/2567 2578/2578/2578
f 2566/2566/2566 2539/2539/2539 2565/2565/2565
f 2547/2547/2547 2549/2549/2549 2534/2534/2534
f 2545/2545/2545 2577/2577/2577 2546/2546/2546
f 2563/2563/2563 2544/2544/2544 2576/2576/2576
f 2544/2544/2544 2543/2543/2543 2576/2576/2576
f 2559/2559/2559 2560/2560/2560 2575/2575/2575
f 2574/2574/2574 2572/2572/2572 2573/2573/2573
f 2556/2556/2556 2555/2555/2555 2554/2554/2554
f 2553/2553/2553 2570/2570/2570 2571/2571/2571
f 2567/2567/2567 2568/2568/2568 2569/2569/2569
f 2539/2539/2539 2566/2566/2566 2567/2567/2567
f 2539/2539/2539 2538/2538/2538 2565/2565/2565
f 2550/2550/2550 2549/2549/2549 2548/2548/2548
f 2547/2547/2547 2534/2534/2534 2533/2533/2533
f 2532/2532/2532 2534/2534/2534 2531/2531/2531
f 2544/2544/2544 2563/2563/2563 2564/2564/2564
f 2543/2543/2543 2541/2541/2541 2562/2562/2562
f 2540/2540/2540 2542/2542/2542 2561/2561/2561
f 2560/2560/2560 2559/2559/2559 2542/2542/2542
f 2558/2558/2558 2556/2556/2556 2557/2557/2557
f 2555/2555/2555 2553/2553/2553 2554/2554/2554
f 2538/2538/2538 2536/2536/2536 2552/2552/2552
f 2535/2535/2535 2537/2537/2537 2551/2551/2551
f 2537/2537/2537 2550/2550/2550 2551/2551/2551
f 2549/2549/2549 2547/2547/2547 2548/2548/2548
f 2532/2532/2532 2531/2531/2531 2530/2530/2530
f 2529/2529/2529 2545/2545/2545 2546/2546/2546
f 2541/2541/2541 2543/2543/2543 2544/2544/2544
f 2542/2542/2542 2540/2540/2540 2541/2541/2541
f 2536/2536/2536 2538/2538/2538 2539/2539/2539
f 2537/2537/2537 2535/2535/2535 2536/2536/2536
f 2534/2534/2534 2532/2532/2532 2533/2533/2533
f 2531/2531/2531 2529/2529/2529 2530/2530/2530
f 2536/2536/2536 2535/2535/2535 2552/2552/2552
f 2013/2013/2013 2015/2015/2015 2017/2017/2017
f 2016/2016/2016 2017/2017/2017 2019/2019/2019
f 2018/2018/2018 2019/2019/2019 2021/2021/2021
f 2020/2020/2020 2021/2021/2021 2115/2115/2115
f 2022/2022/2022 2024/2024/2024 2026/2026/2026
f 2025/2025/2025 2026/2026/2026 2028/2028/2028
f 2027/2027/2027 2028/2028/2028 2030/2030/2030
f 2029/2029/2029 2030/2030/2030 2032/2032/2032
f 2031/2031/2031 2032/2032/2032 2034/2034/2034
f 2033/2033/2033 2034/2034/2034 2036/2036/2036
f 2035/2035/2035 2036/2036/2036 2038/2038/2038
f 2037/2037/2037 2038/2038/2038 2084/2084/2084
f 2039/2039/2039 2041/2041/2041 2043/2043/2043
f 2042/2042/2042 2043/2043/2043 2045/2045/2045
f 2044/2044/2044 2045/2045/2045 2046/2046/2046
f 2014/2014/2014 2046/2046/2046 2015/2015/2015
f 2041/2041/2041 2048/2048/2048 2058/2058/2058
f 2057/2057/2057 2059/2059/2059 2063/2063/2063
f 2063/2063/2063 2065/2065/2065 2057/2057/2057
f 2064/2064/2064 2067/2067/2067 2065/2065/2065
f 2066/2066/2066 2069/2069/2069 2067/2067/2067
f 2068/2068/2068 2071/2071/2071 2069/2069/2069
f 2070/2070/2070 2073/2073/2073 2071/2071/2071
f 2074/2074/2074 2078/2078/2078 2086/2086/2086
f 2037/2037/2037 2080/2080/2080 2090/2090/2090
f 2089/2089/2089 2092/2092/2092 2096/2096/2096
f 2095/2095/2095 2096/2096/2096 2098/2098/2098
f 2097/2097/2097 2098/2098/2098 2100/2100/2100
f 2099/2099/2099 2100/2100/2100 2102/2102/2102
f 2101/2101/2101 2102/2102/2102 2104/2104/2104
f 2103/2103/2103 2104/2104/2104 2108/2108/2108
f 2052/2052/2052 2109/2109/2109 2053/2053/2053
f 2020/2020/2020 2111/2111/2111 2122/2122/2122
f 2121/2121/2121 2124/2124/2124 2128/2128/2128
f 2127/2127/2127 2128/2128/2128 2130/2130/2130
f 2129/2129/2129 2130/2130/2130 2132/2132/2132
f 2131/2131/2131 2132/2132/2132 2134/2134/2134
f 2133/2133/2133 2134/2134/2134 2136/2136/2136
f 2135/2135/2135 2136/2136/2136 2141/2141/2141
f 2137/2137/2137 2142/2142/2142 2148/2148/2148
f 2024/2024/2024 2144/2144/2144 2153/2153/2153
f 2152/2152/2152 2154/2154/2154 2158/2158/2158
f 2158/2158/2158 2160/2160/2160 2152/2152/2152
f 2159/2159/2159 2162/2162/2162 2160/2160/2160
f 2161/2161/2161 2164/2164/2164 2162/2162/2162
f 2163/2163/2163 2166/2166/2166 2164/2164/2164
f 2165/2165/2165 2168/2168/2168 2166/2166/2166
f 2117/2117/2117 2172/2172/2172 2118/2118/2118
f 2117/2117/2117 2170/2170/2170 2172/2172/2172
f 2117/2117/2117 2171/2171/2171 2169/2169/2169
f 2168/2168/2168 2171/2171/2171 2117/2117/2117
f 2171/2171/2171 2168/2168/2168 2167/2167/2167
f 2170/2170/2170 2117/2117/2117 2169/2169/2169
f 2168/2168/2168 2165/2165/2165 2167/2167/2167
f 2166/2166/2166 2163/2163/2163 2165/2165/2165
f 2164/2164/2164 2161/2161/2161 2163/2163/2163
f 2162/2162/2162 2159/2159/2159 2161/2161/2161
f 2160/2160/2160 2158/2158/2158 2159/2159/2159
f 2156/2156/2156 2153/2153/2153 2144/2144/2144
f 2153/2153/2153 2157/2157/2157 2155/2155/2155
f 2157/2157/2157 2153/2153/2153 2156/2156/2156
f 2154/2154/2154 2153/2153/2153 2155/2155/2155
f 2154/2154/2154 2152/2152/2152 2153/2153/2153
f 2023/2023/2023 2151/2151/2151 2147/2147/2147
f 2023/2023/2023 2150/2150/2150 2151/2151/2151
f 2023/2023/2023 2149/2149/2149 2150/2150/2150
f 2023/2023/2023 2148/2148/2148 2149/2149/2149
f 2148/2148/2148 2023/2023/2023 2137/2137/2137
f 2024/2024/2024 2147/2147/2147 2146/2146/2146
f 2147/2147/2147 2024/2024/2024 2023/2023/2023
f 2145/2145/2145 2024/2024/2024 2146/2146/2146
f 2143/2143/2143 2024/2024/2024 2145/2145/2145
f 2144/2144/2144 2024/2024/2024 2143/2143/2143
f 2137/2137/2137 2139/2139/2139 2142/2142/2142
f 2135/2135/2135 2138/2138/2138 2137/2137/2137
f 2140/2140/2140 2135/2135/2135 2141/2141/2141
f 2138/2138/2138 2135/2135/2135 2140/2140/2140
f 2139/2139/2139 2137/2137/2137 2138/2138/2138
f 2136/2136/2136 2135/2135/2135 2133/2133/2133
f 2134/2134/2134 2133/2133/2133 2131/2131/2131
f 2132/2132/2132 2131/2131/2131 2129/2129/2129
f 2130/2130/2130 2129/2129/2129 2127/2127/2127
f 2128/2128/2128 2127/2127/2127 2121/2121/2121
f 2125/2125/2125 2122/2122/2122 2111/2111/2111
f 2122/2122/2122 2126/2126/2126 2123/2123/2123
f 2126/2126/2126 2122/2122/2122 2125/2125/2125
f 2121/2121/2121 2123/2123/2123 2124/2124/2124
f 2123/2123/2123 2121/2121/2121 2122/2122/2122
f 2115/2115/2115 2114/2114/2114 2020/2020/2020
f 2115/2115/2115 2120/2120/2120 2116/2116/2116
f 2115/2115/2115 2119/2119/2119 2120/2120/2120
f 2115/2115/2115 2118/2118/2118 2119/2119/2119
f 2118/2118/2118 2115/2115/2115 2117/2117/2117
f 2114/2114/2114 2115/2115/2115 2116/2116/2116
f 2113/2113/2113 2020/2020/2020 2114/2114/2114
f 2112/2112/2112 2020/2020/2020 2113/2113/2113
f 2110/2110/2110 2020/2020/2020 2112/2112/2112
f 2111/2111/2111 2020/2020/2020 2110/2110/2110
f 2052/2052/2052 2106/2106/2106 2109/2109/2109
f 2103/2103/2103 2105/2105/2105 2052/2052/2052
f 2107/2107/2107 2103/2103/2103 2108/2108/2108
f 2105/2105/2105 2103/2103/2103 2107/2107/2107
f 2106/2106/2106 2052/2052/2052 2105/2105/2105
f 2104/2104/2104 2103/2103/2103 2101/2101/2101
f 2102/2102/2102 2101/2101/2101 2099/2099/2099
f 2100/2100/2100 2099/2099/2099 2097/2097/2097
f 2098/2098/2098 2097/2097/2097 2095/2095/2095
f 2096/2096/2096 2095/2095/2095 2089/2089/2089
f 2093/2093/2093 2090/2090/2090 2080/2080/2080
f 2090/2090/2090 2094/2094/2094 2091/2091/2091
f 2094/2094/2094 2090/2090/2090 2093/2093/2093
f 2089/2089/2089 2091/2091/2091 2092/2092/2092
f 2091/2091/2091 2089/2089/2089 2090/2090/2090
f 2084/2084/2084 2083/2083/2083 2037/2037/2037
f 2084/2084/2084 2088/2088/2088 2085/2085/2085
f 2084/2084/2084 2087/2087/2087 2088/2088/2088
f 2084/2084/2084 2086/2086/2086 2087/2087/2087
f 2086/2086/2086 2084/2084/2084 2074/2074/2074
f 2083/2083/2083 2084/2084/2084 2085/2085/2085
f 2082/2082/2082 2037/2037/2037 2083/2083/2083
f 2081/2081/2081 2037/2037/2037 2082/2082/2082
f 2079/2079/2079 2037/2037/2037 2081/2081/2081
f 2080/2080/2080 2037/2037/2037 2079/2079/2079
f 2074/2074/2074 2076/2076/2076 2078/2078/2078
f 2074/2074/2074 2077/2077/2077 2075/2075/2075
f 2073/2073/2073 2077/2077/2077 2074/2074/2074
f 2077/2077/2077 2073/2073/2073 2072/2072/2072
f 2076/2076/2076 2074/2074/2074 2075/2075/2075
f 2073/2073/2073 2070/2070/2070 2072/2072/2072
f 2071/2071/2071 2068/2068/2068 2070/2070/2070
f 2069/2069/2069 2066/2066/2066 2068/2068/2068
f 2067/2067/2067 2064/2064/2064 2066/2066/2066
f 2065/2065/2065 2063/2063/2063 2064/2064/2064
f 2061/2061/2061 2058/2058/2058 2048/2048/2048
f 2058/2058/2058 2062/2062/2062 2060/2060/2060
f 2062/2062/2062 2058/2058/2058 2061/2061/2061
f 2059/2059/2059 2058/2058/2058 2060/2060/2060
f 2059/2059/2059 2057/2057/2057 2058/2058/2058
f 2040/2040/2040 2056/2056/2056 2051/2051/2051
f 2040/2040/2040 2055/2055/2055 2056/2056/2056
f 2040/2040/2040 2054/2054/2054 2055/2055/2055
f 2040/2040/2040 2053/2053/2053 2054/2054/2054
f 2053/2053/2053 2040/2040/2040 2052/2052/2052
f 2041/2041/2041 2051/2051/2051 2050/2050/2050
f 2051/2051/2051 2041/2041/2041 2040/2040/2040
f 2049/2049/2049 2041/2041/2041 2050/2050/2050
f 2047/2047/2047 2041/2041/2041 2049/2049/2049
f 2048/2048/2048 2041/2041/2041 2047/2047/2047
f 2046/2046/2046 2014/2014/2014 2044/2044/2044
f 2045/2045/2045 2044/2044/2044 2042/2042/2042
f 2043/2043/2043 2042/2042/2042 2039/2039/2039
f 2041/2041/2041 2039/2039/2039 2040/2040/2040
f 2038/2038/2038 2037/2037/2037 2035/2035/2035
f 2036/2036/2036 2035/2035/2035 2033/2033/2033
f 2034/2034/2034 2033/2033/2033 2031/2031/2031
f 2032/2032/2032 2031/2031/2031 2029/2029/2029
f 2030/2030/2030 2029/2029/2029 2027/2027/2027
f 2028/2028/2028 2027/2027/2027 2025/2025/2025
f 2026/2026/2026 2025/2025/2025 2022/2022/2022
f 2024/2024/2024 2022/2022/2022 2023/2023/2023
f 2021/2021/2021 2020/2020/2020 2018/2018/2018
f 2019/2019/2019 2018/2018/2018 2016/2016/2016
f 2017/2017/2017 2016/2016/2016 2013/2013/2013
f 2015/2015/2015 2013/2013/2013 2014/2014/2014
f 226/226/226 227/227/227 229/229/229
f 225/225/225 224/224/224 222/222/222
f 227/227/227 226/226/226 224/224/224
f 229/229/229 228/228/228 226/226/226
f 223/223/223 222/222/222 219/219/219
f 219/219/219 221/221/221 223/223/223
f 222/222/222 223/223/223 225/225/225
f 224/224/224 225/225/225 227/227/227
f 231/231/231 230/230/230 228/228/228
f 228/228/228 229/229/229 231/231/231
f 230/230/230 231/231/231 232/232/232
f 221/221/221 219/219/219 220/220/220
f 238/238/238 239/239/239 241/241/241
f 237/237/237 236/236/236 233/233/233
f 239/239/239 238/238/238 236/236/236
f 241/241/241 240/240/240 238/238/238
f 243/243/243 242/242/242 240/240/240
f 233/233/233 235/235/235 237/237/237
f 236/236/236 237/237/237 239/239/239
f 235/235/235 233/233/233 234/234/234
f 240/240/240 241/241/241 243/243/243
f 242/242/242 243/243/243 244/244/244
f 253/253/253 252/252/252 250/250/250
f 251/251/251 250/250/250 248/248/248
f 247/247/247 245/245/245 246/246/246
f 249/249/249 248/248/248 245/245/245
f 255/255/255 254/254/254 252/252/252
f 245/245/245 247/247/247 249/249/249
f 248/248/248 249/249/249 251/251/251
f 250/250/250 251/251/251 253/253/253
f 252/252/252 253/253/253 255/255/255
f 254/254/254 255/255/255 257/257/257
f 256/256/256 257/257/257 258/258/258
f 257/257/257 256/256/256 254/254/254
f 262/262/262 263/263/263 264/264/264
f 263/263/263 262/262/262 261/261/261
f 265/265/265 264/264/264 263/263/263
f 267/267/267 266/266/266 265/265/265
f 266/266/266 267/267/267 268/268/268
f 259/259/259 261/261/261 262/262/262
f 261/261/261 259/259/259 260/260/260
f 264/264/264 265/265/265 266/266/266
f 277/277/277 276/276/276 274/274/274
f 275/275/275 274/274/274 272/272/272
f 273/273/273 272/272/272 269/269/269
f 271/271/271 269/269/269 270/270/270
f 279/279/279 278/278/278 276/276/276
f 269/269/269 271/271/271 273/273/273
f 281/281/281 280/280/280 278/278/278
f 272/272/272 273/273/273 275/275/275
f 274/274/274 275/275/275 277/277/277
f 276/276/276 277/277/277 279/279/279
f 278/278/278 279/279/279 281/281/281
f 280/280/280 281/281/281 282/282/282
f 291/291/291 290/290/290 289/289/289
f 289/289/289 288/288/288 287/287/287
f 287/287/287 286/286/286 285/285/285
f 285/285/285 283/283/283 284/284/284
f 290/290/290 291/291/291 292/292/292
f 283/283/283 285/285/285 286/286/286
f 286/286/286 287/287/287 288/288/288
f 288/288/288 289/289/289 290/290/290
f 303/303/303 302/302/302 300/300/300
f 297/297/297 296/296/296 293/293/293
f 299/299/299 298/298/298 296/296/296
f 301/301/301 300/300/300 298/298/298
f 305/305/305 304/304/304 302/302/302
f 293/293/293 295/295/295 297/297/297
f 296/296/296 297/297/297 299/299/299
f 298/298/298 299/299/299 301/301/301
f 300/300/300 301/301/301 303/303/303
f 302/302/302 303/303/303 305/305/305
f 304/304/304 305/305/305 306/306/306
f 295/295/295 293/293/293 294/294/294
f 315/315/315 314/314/314 312/312/312
f 313/313/313 312/312/312 310/310/310
f 311/311/311 310/310/310 307/307/307
f 317/317/317 316/316/316 314/314/314
f 309/309/309 307/307/307 308/308/308
f 307/307/307 309/309/309 311/311/311
f 310/310/310 311/311/311 313/313/313
f 312/312/312 313/313/313 315/315/315
f 314/314/314 315/315/315 317/317/317
f 316/316/316 317/317/317 318/318/318
f 165/165/165 164/164/164 205/205/205
f 154/154/154 184/184/184 186/186/186
f 204/204/204 201/201/201 203/203/203
f 202/202/202 200/200/200 201/201/201
f 199/199/199 198/198/198 196/196/196
f 197/197/197 196/196/196 195/195/195
f 182/182/182 195/195/195 183/183/183
f 147/147/147 183/183/183 148/148/148
f 194/194/194 192/192/192 193/193/193
f 180/180/180 173/173/173 191/191/191
f 179/179/179 189/189/189 190/190/190
f 175/175/175 178/178/178 176/176/176
f 173/173/173 174/174/174 188/188/188
f 150/150/150 172/172/172 159/159/159
f 170/170/170 169/169/169 168/168/168
f 157/157/157 156/156/156 187/187/187
f 164/164/164 166/166/166 185/185/185
f 186/186/186 185/185/185 166/166/166
f 154/154/154 153/153/153 184/184/184
f 183/183/183 147/147/147 182/182/182
f 143/143/143 144/144/144 160/160/160
f 181/181/181 173/173/173 180/180/180
f 177/177/177 179/179/179 178/178/178
f 178/178/178 175/175/175 177/177/177
f 176/176/176 170/170/170 175/175/175
f 174/174/174 173/173/173 129/129/129
f 150/150/150 152/152/152 172/172/172
f 141/141/141 140/140/140 150/150/150
f 169/169/169 170/170/170 171/171/171
f 167/167/167 168/168/168 169/169/169
f 156/156/156 158/158/158 167/167/167
f 166/166/166 164/164/164 165/165/165
f 153/153/153 155/155/155 162/162/162
f 163/163/163 162/162/162 155/155/155
f 137/137/137 146/146/146 138/138/138
f 161/161/161 160/160/160 144/144/144
f 152/152/152 151/151/151 157/157/157
f 141/141/141 150/150/150 159/159/159
f 149/149/149 133/133/133 132/132/132
f 158/158/158 156/156/156 157/157/157
f 155/155/155 153/153/153 154/154/154
f 145/145/145 148/148/148 146/146/146
f 168/168/168 167/167/167 158/158/158
f 188/188/188 174/174/174 189/189/189
f 179/179/179 177/177/177 189/189/189
f 191/191/191 173/173/173 205/205/205
f 193/193/193 192/192/192 181/181/181
f 196/196/196 197/197/197 206/206/206
f 198/198/198 199/199/199 207/207/207
f 209/209/209 208/208/208 150/150/150
f 210/210/210 150/150/150 198/198/198
f 200/200/200 211/211/211 212/212/212
f 204/204/204 203/203/203 163/163/163
f 185/185/185 186/186/186 184/184/184
f 188/188/188 205/205/205 173/173/173
f 129/129/129 139/139/139 174/174/174
f 190/190/190 189/189/189 174/174/174
f 192/192/192 194/194/194 213/213/213
f 214/214/214 213/213/213 194/194/194
f 196/196/196 206/206/206 199/199/199
f 198/198/198 207/207/207 215/215/215
f 150/150/150 210/210/210 209/209/209
f 217/217/217 216/216/216 212/212/212
f 201/201/201 204/204/204 202/202/202
f 205/205/205 188/188/188 165/165/165
f 170/170/170 176/176/176 171/171/171
f 213/213/213 214/214/214 161/161/161
f 198/198/198 215/215/215 210/210/210
f 216/216/216 217/217/217 208/208/208
f 200/200/200 202/202/202 211/211/211
f 157/157/157 187/187/187 152/152/152
f 218/218/218 150/150/150 208/208/208
f 160/160/160 161/161/161 214/214/214
f 212/212/212 211/211/211 217/217/217
f 150/150/150 218/218/218 151/151/151
f 208/208/208 209/209/209 216/216/216
f 173/173/173 181/181/181 192/192/192
f 162/162/162 163/163/163 203/203/203
f 134/134/134 136/136/136 143/143/143
f 152/152/152 150/150/150 151/151/151
f 140/140/140 142/142/142 149/149/149
f 133/133/133 149/149/149 142/142/142
f 126/126/126 128/128/128 130/130/130
f 148/148/148 145/145/145 147/147/147
f 146/146/146 137/137/137 145/145/145
f 137/137/137 135/135/135 134/134/134
f 144/144/144 143/143/143 136/136/136
f 142/142/142 140/140/140 141/141/141
f 127/127/127 133/133/133 128/128/128
f 129/129/129 131/131/131 139/139/139
f 135/135/135 137/137/137 138/138/138
f 136/136/136 134/134/134 135/135/135
f 133/133/133 127/127/127 132/132/132
f 126/126/126 130/130/130 129/129/129
f 131/131/131 129/129/129 130/130/130
f 128/128/128 126/126/126 127/127/127
f 195/195/195 182/182/182 197/197/197
f 2371/2371/2371 2369/2369/2369 2370/2370/2370
f 2459/2459/2459 2460/2460/2460 2461/2461/2461
f 2452/2452/2452 2458/2458/2458 2459/2459/2459
f 2452/2452/2452 2454/2454/2454 2457/2457/2457
f 2440/2440/2440 2442/2442/2442 2453/2453/2453
f 2436/2436/2436 2438/2438/2438 2450/2450/2450
f 2434/2434/2434 2433/2433/2433 2432/2432/2432
f 2432/2432/2432 2431/2431/2431 2430/2430/2430
f 2430/2430/2430 2429/2429/2429 2428/2428/2428
f 2428/2428/2428 2423/2423/2423 2528/2528/2528
f 2423/2423/2423 2425/2425/2425 2528/2528/2528
f 2402/2402/2402 2412/2412/2412 2424/2424/2424
f 2410/2410/2410 2370/2370/2370 2369/2369/2369
f 2408/2408/2408 2409/2409/2409 2410/2410/2410
f 2406/2406/2406 2407/2407/2407 2408/2408/2408
f 2404/2404/2404 2405/2405/2405 2406/2406/2406
f 2401/2401/2401 2403/2403/2403 2404/2404/2404
f 2399/2399/2399 2400/2400/2400 2440/2440/2440
f 2397/2397/2397 2398/2398/2398 2399/2399/2399
f 2395/2395/2395 2396/2396/2396 2397/2397/2397
f 2393/2393/2393 2394/2394/2394 2395/2395/2395
f 2391/2391/2391 2392/2392/2392 2393/2393/2393
f 2389/2389/2389 2390/2390/2390 2391/2391/2391
f 2387/2387/2387 2388/2388/2388 2389/2389/2389
f 2385/2385/2385 2386/2386/2386 2387/2387/2387
f 2383/2383/2383 2384/2384/2384 2385/2385/2385
f 2380/2380/2380 2382/2382/2382 2383/2383/2383
f 2378/2378/2378 2379/2379/2379 2498/2498/2498
f 2376/2376/2376 2377/2377/2377 2378/2378/2378
f 2374/2374/2374 2375/2375/2375 2376/2376/2376
f 2372/2372/2372 2373/2373/2373 2374/2374/2374
f 2369/2369/2369 2371/2371/2371 2372/2372/2372
f 2463/2463/2463 2464/2464/2464 2467/2467/2467
f 2419/2419/2419 2466/2466/2466 2420/2420/2420
f 2381/2381/2381 2470/2470/2470 2482/2482/2482
f 2481/2481/2481 2483/2483/2483 2527/2527/2527
f 2486/2486/2486 2481/2481/2481 2527/2527/2527
f 2488/2488/2488 2487/2487/2487 2486/2486/2486
f 2490/2490/2490 2489/2489/2489 2488/2488/2488
f 2492/2492/2492 2491/2491/2491 2490/2490/2490
f 2373/2373/2373 2372/2372/2372 2371/2371/2371
f 2375/2375/2375 2374/2374/2374 2373/2373/2373
f 2377/2377/2377 2376/2376/2376 2375/2375/2375
f 2379/2379/2379 2378/2378/2378 2377/2377/2377
f 2382/2382/2382 2380/2380/2380 2381/2381/2381
f 2384/2384/2384 2383/2383/2383 2382/2382/2382
f 2386/2386/2386 2385/2385/2385 2384/2384/2384
f 2388/2388/2388 2387/2387/2387 2386/2386/2386
f 2390/2390/2390 2389/2389/2389 2388/2388/2388
f 2392/2392/2392 2391/2391/2391 2390/2390/2390
f 2394/2394/2394 2393/2393/2393 2392/2392/2392
f 2396/2396/2396 2395/2395/2395 2394/2394/2394
f 2398/2398/2398 2397/2397/2397 2396/2396/2396
f 2400/2400/2400 2399/2399/2399 2398/2398/2398
f 2403/2403/2403 2401/2401/2401 2402/2402/2402
f 2405/2405/2405 2404/2404/2404 2403/2403/2403
f 2407/2407/2407 2406/2406/2406 2405/2405/2405
f 2409/2409/2409 2408/2408/2408 2407/2407/2407
f 2370/2370/2370 2410/2410/2410 2409/2409/2409
f 2412/2412/2412 2402/2402/2402 2411/2411/2411
f 2414/2414/2414 2402/2402/2402 2413/2413/2413
f 2402/2402/2402 2414/2414/2414 2411/2411/2411
f 2413/2413/2413 2402/2402/2402 2415/2415/2415
f 2416/2416/2416 2402/2402/2402 2401/2401/2401
f 2402/2402/2402 2416/2416/2416 2415/2415/2415
f 2418/2418/2418 2401/2401/2401 2417/2417/2417
f 2420/2420/2420 2401/2401/2401 2419/2419/2419
f 2401/2401/2401 2420/2420/2420 2417/2417/2417
f 2401/2401/2401 2418/2418/2418 2421/2421/2421
f 2401/2401/2401 2421/2421/2421 2422/2422/2422
f 2401/2401/2401 2422/2422/2422 2416/2416/2416
f 2425/2425/2425 2423/2423/2423 2424/2424/2424
f 2425/2425/2425 2424/2424/2424 2426/2426/2426
f 2427/2427/2427 2424/2424/2424 2412/2412/2412
f 2424/2424/2424 2427/2427/2427 2426/2426/2426
f 2423/2423/2423 2428/2428/2428 2429/2429/2429
f 2429/2429/2429 2430/2430/2430 2431/2431/2431
f 2431/2431/2431 2432/2432/2432 2433/2433/2433
f 2433/2433/2433 2434/2434/2434 2435/2435/2435
f 2438/2438/2438 2436/2436/2436 2437/2437/2437
f 2439/2439/2439 2435/2435/2435 2434/2434/2434
f 2435/2435/2435 2439/2439/2439 2436/2436/2436
f 2436/2436/2436 2439/2439/2439 2437/2437/2437
f 2442/2442/2442 2440/2440/2440 2441/2441/2441
f 2494/2494/2494 2496/2496/2496 2508/2508/2508
f 2498/2498/2498 2500/2500/2500 2511/2511/2511
f 2510/2510/2510 2512/2512/2512 2515/2515/2515
f 2510/2510/2510 2516/2516/2516 2517/2517/2517
f 2517/2517/2517 2518/2518/2518 2519/2519/2519
f 2519/2519/2519 2520/2520/2520 2521/2521/2521
f 2521/2521/2521 2522/2522/2522 2525/2525/2525
f 2477/2477/2477 2524/2524/2524 2478/2478/2478
f 2477/2477/2477 2526/2526/2526 2523/2523/2523
f 2525/2525/2525 2526/2526/2526 2477/2477/2477
f 2526/2526/2526 2525/2525/2525 2522/2522/2522
f 2524/2524/2524 2477/2477/2477 2523/2523/2523
f 2522/2522/2522 2521/2521/2521 2520/2520/2520
f 2520/2520/2520 2519/2519/2519 2518/2518/2518
f 2518/2518/2518 2517/2517/2517 2516/2516/2516
f 2516/2516/2516 2510/2510/2510 2515/2515/2515
f 2511/2511/2511 2514/2514/2514 2513/2513/2513
f 2514/2514/2514 2511/2511/2511 2500/2500/2500
f 2512/2512/2512 2511/2511/2511 2513/2513/2513
f 2512/2512/2512 2510/2510/2510 2511/2511/2511
f 2379/2379/2379 2504/2504/2504 2498/2498/2498
f 2379/2379/2379 2509/2509/2509 2505/2505/2505
f 2379/2379/2379 2507/2507/2507 2509/2509/2509
f 2379/2379/2379 2508/2508/2508 2506/2506/2506
f 2508/2508/2508 2379/2379/2379 2494/2494/2494
f 2507/2507/2507 2379/2379/2379 2506/2506/2506
f 2504/2504/2504 2379/2379/2379 2505/2505/2505
f 2503/2503/2503 2498/2498/2498 2504/2504/2504
f 2501/2501/2501 2498/2498/2498 2503/2503/2503
f 2498/2498/2498 2502/2502/2502 2499/2499/2499
f 2502/2502/2502 2498/2498/2498 2501/2501/2501
f 2500/2500/2500 2498/2498/2498 2499/2499/2499
f 2494/2494/2494 2497/2497/2497 2495/2495/2495
f 2493/2493/2493 2497/2497/2497 2494/2494/2494
f 2497/2497/2497 2493/2493/2493 2492/2492/2492
f 2496/2496/2496 2494/2494/2494 2495/2495/2495
f 2491/2491/2491 2492/2492/2492 2493/2493/2493
f 2489/2489/2489 2490/2490/2490 2491/2491/2491
f 2487/2487/2487 2488/2488/2488 2489/2489/2489
f 2481/2481/2481 2486/2486/2486 2487/2487/2487
f 2482/2482/2482 2485/2485/2485 2484/2484/2484
f 2485/2485/2485 2482/2482/2482 2470/2470/2470
f 2483/2483/2483 2482/2482/2482 2484/2484/2484
f 2483/2483/2483 2481/2481/2481 2482/2482/2482
f 2380/2380/2380 2480/2480/2480 2474/2474/2474
f 2380/2380/2380 2479/2479/2479 2480/2480/2480
f 2380/2380/2380 2476/2476/2476 2479/2479/2479
f 2461/2461/2461 2462/2462/2462 2463/2463/2463
f 2380/2380/2380 2478/2478/2478 2475/2475/2475
f 2478/2478/2478 2380/2380/2380 2477/2477/2477
f 2476/2476/2476 2380/2380/2380 2475/2475/2475
f 2381/2381/2381 2474/2474/2474 2473/2473/2473
f 2474/2474/2474 2381/2381/2381 2380/2380/2380
f 2471/2471/2471 2381/2381/2381 2473/2473/2473
f 2381/2381/2381 2472/2472/2472 2469/2469/2469
f 2472/2472/2472 2381/2381/2381 2471/2471/2471
f 2470/2470/2470 2381/2381/2381 2469/2469/2469
f 2419/2419/2419 2468/2468/2468 2465/2465/2465
f 2444/2444/2444 2440/2440/2440 2443/2443/2443
f 2440/2440/2440 2444/2444/2444 2441/2441/2441
f 2443/2443/2443 2440/2440/2440 2445/2445/2445
f 2445/2445/2445 2440/2440/2440 2446/2446/2446
f 2446/2446/2446 2400/2400/2400 2447/2447/2447
f 2449/2449/2449 2400/2400/2400 2448/2448/2448
f 2450/2450/2450 2400/2400/2400 2436/2436/2436
f 2400/2400/2400 2450/2450/2450 2448/2448/2448
f 2400/2400/2400 2449/2449/2449 2451/2451/2451
f 2400/2400/2400 2451/2451/2451 2447/2447/2447
f 2400/2400/2400 2446/2446/2446 2440/2440/2440
f 2454/2454/2454 2452/2452/2452 2453/2453/2453
f 2454/2454/2454 2453/2453/2453 2455/2455/2455
f 2456/2456/2456 2453/2453/2453 2442/2442/2442
f 2453/2453/2453 2456/2456/2456 2455/2455/2455
f 2458/2458/2458 2452/2452/2452 2457/2457/2457
f 2460/2460/2460 2459/2459/2459 2458/2458/2458
f 2462/2462/2462 2461/2461/2461 2460/2460/2460
f 2464/2464/2464 2463/2463/2463 2462/2462/2462
f 2466/2466/2466 2419/2419/2419 2465/2465/2465
f 2468/2468/2468 2467/2467/2467 2464/2464/2464
f 2467/2467/2467 2468/2468/2468 2419/2419/2419
f 2655/2655/2655 2653/2653/2653 2654/2654/2654
f 2653/2653/2653 2655/2655/2655 2656/2656/2656
f 2654/2654/2654 2657/2657/2657 2658/2658/2658
f 2661/2661/2661 2659/2659/2659 2660/2660/2660
f 2661/2661/2661 2662/2662/2662 2663/2663/2663
f 2655/2655/2655 2664/2664/2664 2656/2656/2656
f 2657/2657/2657 2654/2654/2654 2665/2665/2665
f 2659/2659/2659 2658/2658/2658 2657/2657/2657
f 2662/2662/2662 2661/2661/2661 2660/2660/2660
f 2668/2668/2668 2666/2666/2666 2667/2667/2667
f 2663/2663/2663 2662/2662/2662 2669/2669/2669
f 2663/2663/2663 2670/2670/2670 2671/2671/2671
f 2666/2666/2666 2671/2671/2671 2670/2670/2670
f 2659/2659/2659 2661/2661/2661 2658/2658/2658
f 2666/2666/2666 2668/2668/2668 2671/2671/2671
f 2668/2668/2668 2672/2672/2672 2673/2673/2673
f 2676/2676/2676 2674/2674/2674 2675/2675/2675
f 2676/2676/2676 2677/2677/2677 2678/2678/2678
f 2670/2670/2670 2663/2663/2663 2669/2669/2669
f 2672/2672/2672 2668/2668/2668 2667/2667/2667
f 2674/2674/2674 2679/2679/2679 2680/2680/2680
f 2677/2677/2677 2676/2676/2676 2675/2675/2675
f 2683/2683/2683 2681/2681/2681 2682/2682/2682
f 2686/2686/2686 2684/2684/2684 2685/2685/2685
f 2686/2686/2686 2687/2687/2687 2688/2688/2688
f 2673/2673/2673 2672/2672/2672 2689/2689/2689
f 2679/2679/2679 2689/2689/2689 2680/2680/2680
f 2678/2678/2678 2677/2677/2677 2690/2690/2690
f 2692/2692/2692 2690/2690/2690 2691/2691/2691
f 2695/2695/2695 2693/2693/2693 2694/2694/2694
f 2681/2681/2681 2683/2683/2683 2696/2696/2696
f 2699/2699/2699 2697/2697/2697 2698/2698/2698
f 2684/2684/2684 2699/2699/2699 2698/2698/2698
f 2682/2682/2682 2681/2681/2681 2697/2697/2697
f 2687/2687/2687 2686/2686/2686 2685/2685/2685
f 2689/2689/2689 2679/2679/2679 2673/2673/2673
f 2690/2690/2690 2692/2692/2692 2678/2678/2678
f 2702/2702/2702 2700/2700/2700 2701/2701/2701
f 2702/2702/2702 2703/2703/2703 2704/2704/2704
f 2693/2693/2693 2704/2704/2704 2703/2703/2703
f 2695/2695/2695 2705/2705/2705 2706/2706/2706
f 2683/2683/2683 2707/2707/2707 2696/2696/2696
f 2697/2697/2697 2699/2699/2699 2682/2682/2682
f 2688/2688/2688 2687/2687/2687 2664/2664/2664
f 2674/2674/2674 2676/2676/2676 2679/2679/2679
f 2700/2700/2700 2692/2692/2692 2691/2691/2691
f 2693/2693/2693 2695/2695/2695 2704/2704/2704
f 2705/2705/2705 2695/2695/2695 2694/2694/2694
f 2706/2706/2706 2708/2708/2708 2709/2709/2709
f 2707/2707/2707 2709/2709/2709 2708/2708/2708
f 2684/2684/2684 2686/2686/2686 2699/2699/2699
f 2700/2700/2700 2702/2702/2702 2692/2692/2692
f 2706/2706/2706 2705/2705/2705 2710/2710/2710
f 2707/2707/2707 2683/2683/2683 2709/2709/2709
f 2664/2664/2664 2655/2655/2655 2688/2688/2688
f 2708/2708/2708 2706/2706/2706 2710/2710/2710
f 2703/2703/2703 2702/2702/2702 2701/2701/2701
f 2654/2654/2654 2653/2653/2653 2665/2665/2665
f 2711/2711/2711 2713/2713/2713 2714/2714/2714
f 2714/2714/2714 2715/2715/2715 2716/2716/2716
f 2716/2716/2716 2717/2717/2717 2718/2718/2718
f 2718/2718/2718 2719/2719/2719 2720/2720/2720
f 2720/2720/2720 2721/2721/2721 2722/2722/2722
f 2722/2722/2722 2723/2723/2723 2724/2724/2724
f 2724/2724/2724 2725/2725/2725 2726/2726/2726
f 2726/2726/2726 2727/2727/2727 2728/2728/2728
f 2728/2728/2728 2729/2729/2729 2730/2730/2730
f 2730/2730/2730 2731/2731/2731 2732/2732/2732
f 2732/2732/2732 2733/2733/2733 2734/2734/2734
f 2734/2734/2734 2735/2735/2735 2736/2736/2736
f 2736/2736/2736 2737/2737/2737 2738/2738/2738
f 2738/2738/2738 2739/2739/2739 2740/2740/2740
f 2740/2740/2740 2741/2741/2741 2742/2742/2742
f 2742/2742/2742 2743/2743/2743 2744/2744/2744
f 2744/2744/2744 2745/2745/2745 2746/2746/2746
f 2746/2746/2746 2747/2747/2747 2748/2748/2748
f 2748/2748/2748 2749/2749/2749 2750/2750/2750
f 2750/2750/2750 2751/2751/2751 2752/2752/2752
f 2752/2752/2752 2753/2753/2753 2754/2754/2754
f 2754/2754/2754 2712/2712/2712 2711/2711/2711
f 2712/2712/2712 2754/2754/2754 2753/2753/2753
f 2753/2753/2753 2752/2752/2752 2751/2751/2751
f 2751/2751/2751 2750/2750/2750 2749/2749/2749
f 2749/2749/2749 2748/2748/2748 2747/2747/2747
f 2747/2747/2747 2746/2746/2746 2745/2745/2745
f 2745/2745/2745 2744/2744/2744 2743/2743/2743
f 2743/2743/2743 2742/2742/2742 2741/2741/2741
f 2741/2741/2741 2740/2740/2740 2739/2739/2739
f 2739/2739/2739 2738/2738/2738 2737/2737/2737
f 2737/2737/2737 2736/2736/2736 2735/2735/2735
f 2735/2735/2735 2734/2734/2734 2733/2733/2733
f 2733/2733/2733 2732/2732/2732 2731/2731/2731
f 2731/2731/2731 2730/2730/2730 2729/2729/2729
f 2729/2729/2729 2728/2728/2728 2727/2727/2727
f 2727/2727/2727 2726/2726/2726 2725/2725/2725
f 2725/2725/2725 2724/2724/2724 2723/2723/2723
f 2723/2723/2723 2722/2722/2722 2721/2721/2721
f 2721/2721/2721 2720/2720/2720 2719/2719/2719
f 2719/2719/2719 2718/2718/2718 2717/2717/2717
f 2717/2717/2717 2716/2716/2716 2715/2715/2715
f 2715/2715/2715 2714/2714/2714 2713/2713/2713
f 2713/2713/2713 2711/2711/2711 2712/2712/2712
f 2757/2757/2757 2755/2755/2755 2756/2756/2756
f 2760/2760/2760 2758/2758/2758 2759/2759/2759
f 2755/2755/2755 2759/2759/2759 2758/2758/2758
f 2763/2763/2763 2761/2761/2761 2762/2762/2762
f 2765/2765/2765 2764/2764/2764 2760/2760/2760
f 2755/2755/2755 2757/2757/2757 2759/2759/2759
f 2767/2767/2767 2756/2756/2756 2766/2766/2766
f 2769/2769/2769 2766/2766/2766 2768/2768/2768
f 2772/2772/2772 2770/2770/2770 2771/2771/2771
f 2775/2775/2775 2773/2773/2773 2774/2774/2774
f 2777/2777/2777 2774/2774/2774 2776/2776/2776
f 2777/2777/2777 2778/2778/2778 2779/2779/2779
f 2779/2779/2779 2780/2780/2780 2781/2781/2781
f 2784/2784/2784 2782/2782/2782 2783/2783/2783
f 2786/2786/2786 2785/2785/2785 2763/2763/2763
f 2761/2761/2761 2763/2763/2763 2785/2785/2785
f 2758/2758/2758 2760/2760/2760 2764/2764/2764
f 2766/2766/2766 2769/2769/2769 2767/2767/2767
f 2769/2769/2769 2787/2787/2787 2772/2772/2772
f 2770/2770/2770 2772/2772/2772 2787/2787/2787
f 2774/2774/2774 2777/2777/2777 2775/2775/2775
f 2780/2780/2780 2779/2779/2779 2778/2778/2778
f 2782/2782/2782 2781/2781/2781 2780/2780/2780
f 2789/2789/2789 2783/2783/2783 2788/2788/2788
f 2786/2786/2786 2788/2788/2788 2790/2790/2790
f 2762/2762/2762 2761/2761/2761 2791/2791/2791
f 2756/2756/2756 2767/2767/2767 2757/2757/2757
f 2771/2771/2771 2770/2770/2770 2773/2773/2773
f 2778/2778/2778 2777/2777/2777 2776/2776/2776
f 2783/2783/2783 2789/2789/2789 2784/2784/2784
f 2785/2785/2785 2786/2786/2786 2790/2790/2790
f 2793/2793/2793 2791/2791/2791 2792/2792/2792
f 2787/2787/2787 2769/2769/2769 2768/2768/2768
f 2782/2782/2782 2784/2784/2784 2781/2781/2781
f 2791/2791/2791 2793/2793/2793 2762/2762/2762
f 2765/2765/2765 2792/2792/2792 2794/2794/2794
f 2773/2773/2773 2775/2775/2775 2771/2771/2771
f 2792/2792/2792 2765/2765/2765 2793/2793/2793
f 2788/2788/2788 2786/2786/2786 2789/2789/2789
f 2764/2764/2764 2765/2765/2765 2794/2794/2794
f 655/655/655 708/708/708 711/711/711
f 708/708/708 655/655/655 709/709/709
f 654/654/654 655/655/655 711/711/711
f 648/648/648 650/650/650 654/654/654
f 696/696/696 710/710/710 697/697/697
f 705/705/705 707/707/707 710/710/710
f 700/700/700 704/704/704 701/701/701
f 706/706/706 709/709/709 707/707/707
f 710/710/710 696/696/696 705/705/705
f 702/702/702 703/703/703 704/704/704
f 691/691/691 699/699/699 692/692/692
f 709/709/709 706/706/706 708/708/708
f 707/707/707 705/705/705 706/706/706
f 693/693/693 695/695/695 703/703/703
f 704/704/704 700/700/700 702/702/702
f 698/698/698 701/701/701 699/699/699
f 688/688/688 690/690/690 689/689/689
f 694/694/694 697/697/697 695/695/695
f 703/703/703 702/702/702 693/693/693
f 701/701/701 698/698/698 700/700/700
f 699/699/699 691/691/691 698/698/698
f 684/684/684 692/692/692 685/685/685
f 679/679/679 687/687/687 680/680/680
f 697/697/697 694/694/694 696/696/696
f 695/695/695 693/693/693 694/694/694
f 692/692/692 684/684/684 691/691/691
f 681/681/681 683/683/683 690/690/690
f 686/686/686 689/689/689 687/687/687
f 676/676/676 675/675/675 674/674/674
f 682/682/682 685/685/685 683/683/683
f 690/690/690 688/688/688 681/681/681
f 689/689/689 686/686/686 688/688/688
f 687/687/687 679/679/679 686/686/686
f 658/658/658 660/660/660 678/678/678
f 670/670/670 669/669/669 668/668/668
f 685/685/685 682/682/682 684/684/684
f 683/683/683 681/681/681 682/682/682
f 664/664/664 680/680/680 665/665/665
f 678/678/678 677/677/677 676/676/676
f 643/643/643 641/641/641 642/642/642
f 642/642/642 644/644/644 645/645/645
f 647/647/647 646/646/646 643/643/643
f 644/644/644 642/642/642 641/641/641
f 650/650/650 648/648/648 649/649/649
f 649/649/649 651/651/651 647/647/647
f 641/641/641 643/643/643 646/646/646
f 645/645/645 652/652/652 653/653/653
f 655/655/655 654/654/654 650/650/650
f 651/651/651 649/649/649 648/648/648
f 652/652/652 645/645/645 644/644/644
f 653/653/653 656/656/656 657/657/657
f 660/660/660 658/658/658 659/659/659
f 659/659/659 661/661/661 662/662/662
f 665/665/665 663/663/663 664/664/664
f 674/674/674 673/673/673 672/672/672
f 656/656/656 653/653/653 652/652/652
f 657/657/657 666/666/666 667/667/667
f 667/667/667 668/668/668 669/669/669
f 669/669/669 670/670/670 671/671/671
f 671/671/671 672/672/672 673/673/673
f 661/661/661 659/659/659 658/658/658
f 663/663/663 662/662/662 661/661/661
f 646/646/646 647/647/647 651/651/651
f 668/668/668 667/667/667 666/666/666
f 672/672/672 671/671/671 670/670/670
f 673/673/673 674/674/674 675/675/675
f 675/675/675 676/676/676 677/677/677
f 677/677/677 678/678/678 660/660/660
f 663/663/663 665/665/665 662/662/662
f 680/680/680 664/664/664 679/679/679
f 666/666/666 657/657/657 656/656/656
f 571/571/571 573/573/573 575/575/575
f 574/574/574 575/575/575 577/577/577
f 576/576/576 577/577/577 579/579/579
f 578/578/578 579/579/579 581/581/581
f 580/580/580 581/581/581 583/583/583
f 582/582/582 583/583/583 585/585/585
f 584/584/584 585/585/585 587/587/587
f 586/586/586 587/587/587 589/589/589
f 588/588/588 589/589/589 591/591/591
f 590/590/590 591/591/591 593/593/593
f 592/592/592 593/593/593 595/595/595
f 594/594/594 595/595/595 597/597/597
f 596/596/596 597/597/597 599/599/599
f 598/598/598 599/599/599 601/601/601
f 600/600/600 601/601/601 603/603/603
f 602/602/602 603/603/603 605/605/605
f 604/604/604 605/605/605 607/607/607
f 606/606/606 607/607/607 609/609/609
f 608/608/608 609/609/609 611/611/611
f 610/610/610 611/611/611 613/613/613
f 612/612/612 613/613/613 615/615/615
f 614/614/614 615/615/615 617/617/617
f 616/616/616 617/617/617 619/619/619
f 618/618/618 619/619/619 621/621/621
f 620/620/620 621/621/621 623/623/623
f 622/622/622 623/623/623 625/625/625
f 624/624/624 625/625/625 627/627/627
f 626/626/626 627/627/627 629/629/629
f 628/628/628 629/629/629 631/631/631
f 630/630/630 631/631/631 633/633/633
f 632/632/632 633/633/633 635/635/635
f 634/634/634 635/635/635 637/637/637
f 636/636/636 637/637/637 639/639/639
f 640/640/640 572/572/572 638/638/638
f 639/639/639 638/638/638 636/636/636
f 637/637/637 636/636/636 634/634/634
f 635/635/635 634/634/634 632/632/632
f 633/633/633 632/632/632 630/630/630
f 631/631/631 630/630/630 628/628/628
f 629/629/629 628/628/628 626/626/626
f 627/627/627 626/626/626 624/624/624
f 625/625/625 624/624/624 622/622/622
f 623/623/623 622/622/622 620/620/620
f 621/621/621 620/620/620 618/618/618
f 619/619/619 618/618/618 616/616/616
f 617/617/617 616/616/616 614/614/614
f 615/615/615 614/614/614 612/612/612
f 613/613/613 612/612/612 610/610/610
f 611/611/611 610/610/610 608/608/608
f 609/609/609 608/608/608 606/606/606
f 607/607/607 606/606/606 604/604/604
f 605/605/605 604/604/604 602/602/602
f 603/603/603 602/602/602 600/600/600
f 601/601/601 600/600/600 598/598/598
f 599/599/599 598/598/598 596/596/596
f 597/597/597 596/596/596 594/594/594
f 595/595/595 594/594/594 592/592/592
f 593/593/593 592/592/592 590/590/590
f 591/591/591 590/590/590 588/588/588
f 589/589/589 588/588/588 586/586/586
f 587/587/587 586/586/586 584/584/584
f 585/585/585 584/584/584 582/582/582
f 583/583/583 582/582/582 580/580/580
f 581/581/581 580/580/580 578/578/578
f 579/579/579 578/578/578 576/576/576
f 577/577/577 576/576/576 574/574/574
f 575/575/575 574/574/574 571/571/571
f 573/573/573 571/571/571 572/572/572
f 638/638/638 639/639/639 640/640/640
f 572/572/572 640/640/640 573/573/573
f 555/555/555 554/554/554 505/505/505
f 554/554/554 538/538/538 527/527/527
f 497/497/497 498/498/498 517/517/517
f 524/524/524 526/526/526 543/543/543
f 544/544/544 543/543/543 553/553/553
f 532/532/532 534/534/534 541/541/541
f 518/518/518 459/459/459 552/552/552
f 530/530/530 505/505/505 496/496/496
f 551/551/551 503/503/503 550/550/550
f 549/549/549 547/547/547 548/548/548
f 509/509/509 529/529/529 546/546/546
f 497/497/497 537/537/537 545/545/545
f 536/536/536 524/524/524 537/537/537
f 542/542/542 543/543/543 544/544/544
f 533/533/533 532/532/532 542/542/542
f 540/540/540 532/532/532 541/541/541
f 523/523/523 521/521/521 540/540/540
f 505/505/505 531/531/531 539/539/539
f 528/528/528 509/509/509 501/501/501
f 516/516/516 527/527/527 538/538/538
f 537/537/537 497/497/497 536/536/536
f 524/524/524 536/536/536 535/535/535
f 525/525/525 524/524/524 535/535/535
f 534/534/534 532/532/532 533/533/533
f 477/477/477 515/515/515 520/520/520
f 531/531/531 505/505/505 530/530/530
f 529/529/529 509/509/509 528/528/528
f 547/547/547 549/549/549 556/556/556
f 501/501/501 508/508/508 502/502/502
f 526/526/526 524/524/524 525/525/525
f 520/520/520 521/521/521 523/523/523
f 459/459/459 519/519/519 468/468/468
f 510/510/510 512/512/512 522/522/522
f 479/479/479 481/481/481 506/506/506
f 521/521/521 520/520/520 515/515/515
f 514/514/514 477/477/477 475/475/475
f 519/519/519 459/459/459 518/518/518
f 457/457/457 459/459/459 469/469/469
f 511/511/511 510/510/510 509/509/509
f 509/509/509 507/507/507 501/501/501
f 499/499/499 495/495/495 494/494/494
f 517/517/517 498/498/498 516/516/516
f 515/515/515 477/477/477 514/514/514
f 460/460/460 462/462/462 490/490/490
f 457/457/457 504/504/504 513/513/513
f 512/512/512 510/510/510 511/511/511
f 507/507/507 509/509/509 510/510/510
f 508/508/508 501/501/501 507/507/507
f 501/501/501 500/500/500 499/499/499
f 492/492/492 487/487/487 486/486/486
f 498/498/498 479/479/479 506/506/506
f 478/478/478 496/496/496 505/505/505
f 470/470/470 472/472/472 489/489/489
f 504/504/504 457/457/457 503/503/503
f 500/500/500 501/501/501 502/502/502
f 495/495/495 499/499/499 500/500/500
f 494/494/494 493/493/493 492/492/492
f 482/482/482 485/485/485 483/483/483
f 498/498/498 497/497/497 479/479/479
f 496/496/496 478/478/478 477/477/477
f 475/475/475 491/491/491 476/476/476
f 473/473/473 462/462/462 474/474/474
f 458/458/458 489/489/489 488/488/488
f 493/493/493 494/494/494 495/495/495
f 487/487/487 492/492/492 493/493/493
f 484/484/484 487/487/487 485/485/485
f 480/480/480 483/483/483 481/481/481
f 475/475/475 478/478/478 491/491/491
f 475/475/475 467/467/467 466/466/466
f 462/462/462 473/473/473 490/490/490
f 471/471/471 474/474/474 472/472/472
f 489/489/489 458/458/458 470/470/470
f 465/465/465 458/458/458 488/488/488
f 487/487/487 484/484/484 486/486/486
f 485/485/485 482/482/482 484/484/484
f 483/483/483 480/480/480 482/482/482
f 481/481/481 479/479/479 480/480/480
f 478/478/478 475/475/475 477/477/477
f 467/467/467 475/475/475 476/476/476
f 466/466/466 464/464/464 463/463/463
f 474/474/474 471/471/471 473/473/473
f 472/472/472 470/470/470 471/471/471
f 469/469/469 459/459/459 468/468/468
f 464/464/464 466/466/466 467/467/467
f 463/463/463 461/461/461 460/460/460
f 459/459/459 458/458/458 465/465/465
f 461/461/461 463/463/463 464/464/464
f 462/462/462 460/460/460 461/461/461
f 459/459/459 457/457/457 458/458/458
f 558/558/558 551/551/551 557/557/557
f 559/559/559 551/551/551 550/550/550
f 503/503/503 551/551/551 560/560/560
f 457/457/457 513/513/513 458/458/458
f 543/543/543 542/542/542 532/532/532
f 497/497/497 545/545/545 479/479/479
f 554/554/554 555/555/555 561/561/561
f 547/547/547 546/546/546 562/562/562
f 564/564/564 547/547/547 563/563/563
f 549/549/549 548/548/548 565/565/565
f 557/557/557 551/551/551 566/566/566
f 503/503/503 560/560/560 504/504/504
f 532/532/532 540/540/540 521/521/521
f 538/538/538 554/554/554 561/561/561
f 562/562/562 546/546/546 529/529/529
f 547/547/547 556/556/556 563/563/563
f 551/551/551 559/559/559 566/566/566
f 543/543/543 526/526/526 553/553/553
f 547/547/547 564/564/564 567/567/567
f 552/552/552 522/522/522 568/568/568
f 551/551/551 558/558/558 548/548/548
f 546/546/546 547/547/547 567/567/567
f 505/505/505 539/539/539 555/555/555
f 522/522/522 570/570/570 568/568/568
f 522/522/522 552/552/552 569/569/569
f 548/548/548 558/558/558 565/565/565
f 570/570/570 522/522/522 512/512/512
f 527/527/527 516/516/516 498/498/498
f 569/569/569 552/552/552 459/459/459
f 452/452/452 453/453/453 454/454/454
f 454/454/454 455/455/455 456/456/456
f 456/456/456 396/396/396 395/395/395
f 396/396/396 456/456/456 455/455/455
f 455/455/455 454/454/454 453/453/453
f 453/453/453 452/452/452 451/451/451
f 451/451/451 450/450/450 449/449/449
f 449/449/449 448/448/448 447/447/447
f 447/447/447 446/446/446 445/445/445
f 445/445/445 444/444/444 443/443/443
f 443/443/443 442/442/442 441/441/441
f 441/441/441 440/440/440 439/439/439
f 439/439/439 438/438/438 437/437/437
f 437/437/437 436/436/436 435/435/435
f 435/435/435 434/434/434 433/433/433
f 433/433/433 432/432/432 431/431/431
f 431/431/431 430/430/430 429/429/429
f 429/429/429 428/428/428 427/427/427
f 427/427/427 426/426/426 425/425/425
f 425/425/425 424/424/424 423/423/423
f 423/423/423 422/422/422 421/421/421
f 421/421/421 420/420/420 419/419/419
f 419/419/419 418/418/418 417/417/417
f 417/417/417 416/416/416 415/415/415
f 415/415/415 414/414/414 413/413/413
f 413/413/413 412/412/412 411/411/411
f 411/411/411 410/410/410 409/409/409
f 409/409/409 408/408/408 407/407/407
f 407/407/407 406/406/406 405/405/405
f 405/405/405 404/404/404 403/403/403
f 403/403/403 402/402/402 401/401/401
f 401/401/401 400/400/400 399/399/399
f 399/399/399 398/398/398 397/397/397
f 397/397/397 395/395/395 396/396/396
f 448/448/448 449/449/449 450/450/450
f 446/446/446 447/447/447 448/448/448
f 444/444/444 445/445/445 446/446/446
f 442/442/442 443/443/443 444/444/444
f 440/440/440 441/441/441 442/442/442
f 438/438/438 439/439/439 440/440/440
f 436/436/436 437/437/437 438/438/438
f 434/434/434 435/435/435 436/436/436
f 432/432/432 433/433/433 434/434/434
f 430/430/430 431/431/431 432/432/432
f 428/428/428 429/429/429 430/430/430
f 426/426/426 427/427/427 428/428/428
f 424/424/424 425/425/425 426/426/426
f 422/422/422 423/423/423 424/424/424
f 420/420/420 421/421/421 422/422/422
f 418/418/418 419/419/419 420/420/420
f 416/416/416 417/417/417 418/418/418
f 414/414/414 415/415/415 416/416/416
f 412/412/412 413/413/413 414/414/414
f 410/410/410 411/411/411 412/412/412
f 408/408/408 409/409/409 410/410/410
f 406/406/406 407/407/407 408/408/408
f 404/404/404 405/405/405 406/406/406
f 402/402/402 403/403/403 404/404/404
f 400/400/400 401/401/401 402/402/402
f 398/398/398 399/399/399 400/400/400
f 395/395/395 397/397/397 398/398/398
f 450/450/450 451/451/451 452/452/452
f 50/50/50 56/56/56 57/57/57
f 55/55/55 53/53/53 54/54/54
f 52/52/52 50/50/50 51/51/51
f 59/59/59 51/51/51 58/58/58
f 62/62/62 60/60/60 61/61/61
f 64/64/64 63/63/63 55/55/55
f 53/53/53 55/55/55 63/63/63
f 67/67/67 65/65/65 66/66/66
f 69/69/69 66/66/66 68/68/68
f 51/51/51 59/59/59 52/52/52
f 71/71/71 58/58/58 70/70/70
f 71/71/71 72/72/72 73/73/73
f 73/73/73 74/74/74 75/75/75
f 77/77/77 61/61/61 76/76/76
f 79/79/79 76/76/76 78/78/78
f 79/79/79 80/80/80 64/64/64
f 54/54/54 53/53/53 65/65/65
f 66/66/66 69/69/69 67/67/67
f 58/58/58 71/71/71 59/59/59
f 74/74/74 73/73/73 72/72/72
f 61/61/61 77/77/77 62/62/62
f 80/80/80 79/79/79 78/78/78
f 65/65/65 67/67/67 54/54/54
f 69/69/69 81/81/81 82/82/82
f 72/72/72 71/71/71 70/70/70
f 76/76/76 79/79/79 77/77/77
f 81/81/81 69/69/69 68/68/68
f 82/82/82 83/83/83 84/84/84
f 60/60/60 62/62/62 75/75/75
f 83/83/83 82/82/82 81/81/81
f 84/84/84 85/85/85 56/56/56
f 63/63/63 64/64/64 80/80/80
f 85/85/85 84/84/84 83/83/83
f 56/56/56 85/85/85 57/57/57
f 50/50/50 52/52/52 56/56/56
f 60/60/60 75/75/75 74/74/74
f 100/100/100 99/99/99 98/98/98
f 98/98/98 97/97/97 96/96/96
f 96/96/96 95/95/95 94/94/94
f 102/102/102 101/101/101 100/100/100
f 92/92/92 91/91/91 90/90/90
f 90/90/90 89/89/89 88/88/88
f 88/88/88 86/86/86 87/87/87
f 104/104/104 103/103/103 102/102/102
f 107/107/107 105/105/105 106/106/106
f 109/109/109 108/108/108 104/104/104
f 108/108/108 109/109/109 107/107/107
f 110/110/110 106/106/106 105/105/105
f 112/112/112 111/111/111 110/110/110
f 114/114/114 113/113/113 112/112/112
f 116/116/116 115/115/115 114/114/114
f 118/118/118 117/117/117 116/116/116
f 120/120/120 119/119/119 118/118/118
f 122/122/122 121/121/121 120/120/120
f 124/124/124 123/123/123 122/122/122
f 87/87/87 125/125/125 124/124/124
f 125/125/125 87/87/87 86/86/86
f 123/123/123 124/124/124 125/125/125
f 121/121/121 122/122/122 123/123/123
f 119/119/119 120/120/120 121/121/121
f 86/86/86 88/88/88 89/89/89
f 115/115/115 116/116/116 117/117/117
f 113/113/113 114/114/114 115/115/115
f 111/111/111 112/112/112 113/113/113
f 106/106/106 110/110/110 111/111/111
f 117/117/117 118/118/118 119/119/119
f 105/105/105 107/107/107 109/109/109
f 103/103/103 104/104/104 108/108/108
f 101/101/101 102/102/102 103/103/103
f 99/99/99 100/100/100 101/101/101
f 97/97/97 98/98/98 99/99/99
f 95/95/95 96/96/96 97/97/97
f 93/93/93 94/94/94 95/95/95
f 91/91/91 92/92/92 93/93/93
f 94/94/94 93/93/93 92/92/92
f 89/89/89 90/90/90 91/91/91
f 18/18/18 20/20/20 22/22/22
f 23/23/23 24/24/24 26/26/26
f 25/25/25 26/26/26 28/28/28
f 27/27/27 28/28/28 30/30/30
f 29/29/29 30/30/30 32/32/32
f 31/31/31 32/32/32 34/34/34
f 33/33/33 34/34/34 36/36/36
f 35/35/35 36/36/36 38/38/38
f 37/37/37 38/38/38 40/40/40
f 39/39/39 40/40/40 42/42/42
f 41/41/41 42/42/42 44/44/44
f 43/43/43 44/44/44 46/46/46
f 45/45/45 46/46/46 48/48/48
f 47/47/47 48/48/48 49/49/49
f 19/19/19 49/49/49 20/20/20
f 49/49/49 19/19/19 47/47/47
f 48/48/48 47/47/47 45/45/45
f 46/46/46 45/45/45 43/43/43
f 44/44/44 43/43/43 41/41/41
f 42/42/42 41/41/41 39/39/39
f 40/40/40 39/39/39 37/37/37
f 38/38/38 37/37/37 35/35/35
f 36/36/36 35/35/35 33/33/33
f 34/34/34 33/33/33 31/31/31
f 32/32/32 31/31/31 29/29/29
f 30/30/30 29/29/29 27/27/27
f 28/28/28 27/27/27 25/25/25
f 26/26/26 25/25/25 23/23/23
f 24/24/24 23/23/23 21/21/21
f 22/22/22 21/21/21 18/18/18
f 20/20/20 18/18/18 19/19/19
f 21/21/21 22/22/22 24/24/24
f 1/1/1 16/16/16 17/17/17
f 1/1/1 15/15/15 16/16/16
f 1/1/1 14/14/14 15/15/15
f 1/1/1 13/13/13 14/14/14
f 1/1/1 12/12/12 13/13/13
f 1/1/1 11/11/11 12/12/12
f 1/1/1 10/10/10 11/11/11
f 1/1/1 9/9/9 10/10/10
f 1/1/1 8/8/8 9/9/9
f 1/1/1 7/7/7 8/8/8
f 1/1/1 6/6/6 7/7/7
f 1/1/1 5/5/5 6/6/6
f 1/1/1 4/4/4 5/5/5
f 1/1/1 3/3/3 4/4/4
f 1/1/1 17/17/17 2/2/2
f 3/3/3 1/1/1 2/2/2
f 2175/2175/2175 2173/2173/2173 2174/2174/2174
f 2173/2173/2173 2179/2179/2179 2180/2180/2180
f 2182/2182/2182 2174/2174/2174 2181/2181/2181
f 2181/2181/2181 2183/2183/2183 2182/2182/2182
f 2176/2176/2176 2178/2178/2178 2184/2184/2184
f 2184/2184/2184 2180/2180/2180 2179/2179/2179
f 2174/2174/2174 2182/2182/2182 2175/2175/2175
f 2183/2183/2183 2185/2185/2185 2186/2186/2186
f 2180/2180/2180 2184/2184/2184 2178/2178/2178
f 2183/2183/2183 2181/2181/2181 2185/2185/2185
f 2173/2173/2173 2175/2175/2175 2179/2179/2179
f 2177/2177/2177 2176/2176/2176 2187/2187/2187
f 2178/2178/2178 2176/2176/2176 2177/2177/2177
f 2204/2204/2204 2206/2206/2206 2205/2205/2205
f 2211/2211/2211 2209/2209/2209 2210/2210/2210
f 2209/2209/2209 2211/2211/2211 2212/2212/2212
f 2209/2209/2209 2212/2212/2212 2208/2208/2208
f 2215/2215/2215 2213/2213/2213 2214/2214/2214
f 2213/2213/2213 2215/2215/2215 2216/2216/2216
f 2213/2213/2213 2216/2216/2216 2211/2211/2211
f 2219/2219/2219 2217/2217/2217 2218/2218/2218
f 2206/2206/2206 2207/2207/2207 2208/2208/2208
f 2219/2219/2219 2218/2218/2218 2221/2221/2221
f 2217/2217/2217 2220/2220/2220 2215/2215/2215
f 2215/2215/2215 2214/2214/2214 2217/2217/2217
f 2211/2211/2211 2210/2210/2210 2213/2213/2213
f 2208/2208/2208 2207/2207/2207 2209/2209/2209
f 2202/2202/2202 2203/2203/2203 2204/2204/2204
f 2198/2198/2198 2196/2196/2196 2201/2201/2201
f 2194/2194/2194 2193/2193/2193 2197/2197/2197
f 2188/2188/2188 2190/2190/2190 2192/2192/2192
f 2207/2207/2207 2206/2206/2206 2204/2204/2204
f 2203/2203/2203 2200/2200/2200 2198/2198/2198
f 2202/2202/2202 2204/2204/2204 2205/2205/2205
f 2203/2203/2203 2202/2202/2202 2200/2200/2200
f 2201/2201/2201 2196/2196/2196 2194/2194/2194
f 2199/2199/2199 2198/2198/2198 2200/2200/2200
f 2196/2196/2196 2198/2198/2198 2199/2199/2199
f 2197/2197/2197 2193/2193/2193 2188/2188/2188
f 2195/2195/2195 2194/2194/2194 2196/2196/2196
f 2193/2193/2193 2194/2194/2194 2195/2195/2195
f 2189/2189/2189 2188/2188/2188 2193/2193/2193
f 2217/2217/2217 2219/2219/2219 2220/2220/2220
f 2190/2190/2190 2188/2188/2188 2189/2189/2189
f 2192/2192/2192 2190/2190/2190 2191/2191/2191
f 2226/2226/2226 2225/2225/2225 2236/2236/2236
f 2233/2233/2233 2231/2231/2231 2223/2223/2223
f 2230/2230/2230 2232/2232/2232 2234/2234/2234
f 2228/2228/2228 2229/2229/2229 2227/2227/2227
f 2230/2230/2230 2234/2234/2234 2235/2235/2235
f 2231/2231/2231 2233/2233/2233 2232/2232/2232
f 2223/2223/2223 2222/2222/2222 2233/2233/2233
f 2225/2225/2225 2227/2227/2227 2229/2229/2229
f 2232/2232/2232 2230/2230/2230 2231/2231/2231
f 2222/2222/2222 2224/2224/2224 2228/2228/2228
f 2229/2229/2229 2228/2228/2228 2224/2224/2224
f 2224/2224/2224 2222/2222/2222 2223/2223/2223
f 2227/2227/2227 2225/2225/2225 2226/2226/2226
f 2253/2253/2253 2255/2255/2255 2254/2254/2254
f 2260/2260/2260 2258/2258/2258 2259/2259/2259
f 2258/2258/2258 2260/2260/2260 2261/2261/2261
f 2258/2258/2258 2261/2261/2261 2257/2257/2257
f 2264/2264/2264 2262/2262/2262 2263/2263/2263
f 2262/2262/2262 2264/2264/2264 2265/2265/2265
f 2262/2262/2262 2265/2265/2265 2260/2260/2260
f 2268/2268/2268 2266/2266/2266 2267/2267/2267
f 2255/2255/2255 2256/2256/2256 2257/2257/2257
f 2268/2268/2268 2267/2267/2267 2270/2270/2270
f 2266/2266/2266 2269/2269/2269 2264/2264/2264
f 2264/2264/2264 2263/2263/2263 2266/2266/2266
f 2260/2260/2260 2259/2259/2259 2262/2262/2262
f 2257/2257/2257 2256/2256/2256 2258/2258/2258
f 2251/2251/2251 2252/2252/2252 2253/2253/2253
f 2247/2247/2247 2245/2245/2245 2250/2250/2250
f 2243/2243/2243 2242/2242/2242 2246/2246/2246
f 2237/2237/2237 2239/2239/2239 2241/2241/2241
f 2256/2256/2256 2255/2255/2255 2253/2253/2253
f 2252/2252/2252 2249/2249/2249 2247/2247/2247
f 2251/2251/2251 2253/2253/2253 2254/2254/2254
f 2252/2252/2252 2251/2251/2251 2249/2249/2249
f 2250/2250/2250 2245/2245/2245 2243/2243/2243
f 2248/2248/2248 2247/2247/2247 2249/2249/2249
f 2245/2245/2245 2247/2247/2247 2248/2248/2248
f 2246/2246/2246 2242/2242/2242 2237/2237/2237
f 2244/2244/2244 2243/2243/2243 2245/2245/2245
f 2242/2242/2242 2243/2243/2243 2244/2244/2244
f 2238/2238/2238 2237/2237/2237 2242/2242/2242
f 2266/2266/2266 2268/2268/2268 2269/2269/2269
f 2239/2239/2239 2237/2237/2237 2238/2238/2238
f 2241/2241/2241 2239/2239/2239 2240/2240/2240
f 2273/2273/2273 2271/2271/2271 2272/2272/2272
f 2272/2272/2272 2271/2271/2271 2276/2276/2276
f 2276/2276/2276 2277/2277/2277 2278/2278/2278
f 2278/2278/2278 2277/2277/2277 2279/2279/2279
f 2280/2280/2280 2276/2276/2276 2271/2271/2271
f 2279/2279/2279 2281/2281/2281 2282/2282/2282
f 2282/2282/2282 2281/2281/2281 2283/2283/2283
f 2284/2284/2284 2279/2279/2279 2277/2277/2277
f 2286/2286/2286 2285/2285/2285 2283/2283/2283
f 2285/2285/2285 2287/2287/2287 2288/2288/2288
f 2286/2286/2286 2283/2283/2283 2281/2281/2281
f 2290/2290/2290 2289/2289/2289 2287/2287/2287
f 2289/2289/2289 2290/2290/2290 2291/2291/2291
f 2287/2287/2287 2289/2289/2289 2288/2288/2288
f 2294/2294/2294 2292/2292/2292 2293/2293/2293
f 2292/2292/2292 2294/2294/2294 2295/2295/2295
f 2292/2292/2292 2295/2295/2295 2291/2291/2291
f 2298/2298/2298 2296/2296/2296 2297/2297/2297
f 2296/2296/2296 2298/2298/2298 2299/2299/2299
f 2296/2296/2296 2299/2299/2299 2294/2294/2294
f 2302/2302/2302 2300/2300/2300 2301/2301/2301
f 2300/2300/2300 2302/2302/2302 2303/2303/2303
f 2302/2302/2302 2301/2301/2301 2304/2304/2304
f 2300/2300/2300 2303/2303/2303 2298/2298/2298
f 2298/2298/2298 2297/2297/2297 2300/2300/2300
f 2294/2294/2294 2293/2293/2293 2296/2296/2296
f 2291/2291/2291 2290/2290/2290 2292/2292/2292
f 2285/2285/2285 2286/2286/2286 2287/2287/2287
f 2281/2281/2281 2279/2279/2279 2284/2284/2284
f 2277/2277/2277 2276/2276/2276 2280/2280/2280
f 2271/2271/2271 2273/2273/2273 2275/2275/2275
f 2275/2275/2275 2273/2273/2273 2274/2274/2274
f 2315/2315/2315 2314/2314/2314 2319/2319/2319
f 2313/2313/2313 2311/2311/2311 2317/2317/2317
f 2314/2314/2314 2316/2316/2316 2309/2309/2309
f 2313/2313/2313 2317/2317/2317 2318/2318/2318
f 2310/2310/2310 2312/2312/2312 2306/2306/2306
f 2316/2316/2316 2314/2314/2314 2315/2315/2315
f 2311/2311/2311 2313/2313/2313 2312/2312/2312
f 2312/2312/2312 2310/2310/2310 2311/2311/2311
f 2306/2306/2306 2305/2305/2305 2310/2310/2310
f 2305/2305/2305 2307/2307/2307 2308/2308/2308
f 2309/2309/2309 2308/2308/2308 2307/2307/2307
f 2307/2307/2307 2305/2305/2305 2306/2306/2306
f 2308/2308/2308 2309/2309/2309 2316/2316/2316
f 2334/2334/2334 2336/2336/2336 2337/2337/2337
f 2326/2326/2326 2325/2325/2325 2329/2329/2329
f 2330/2330/2330 2328/2328/2328 2333/2333/2333
f 2334/2334/2334 2335/2335/2335 2336/2336/2336
f 2340/2340/2340 2339/2339/2339 2341/2341/2341
f 2343/2343/2343 2342/2342/2342 2345/2345/2345
f 2347/2347/2347 2346/2346/2346 2349/2349/2349
f 2349/2349/2349 2352/2352/2352 2347/2347/2347
f 2351/2351/2351 2350/2350/2350 2353/2353/2353
f 2349/2349/2349 2351/2351/2351 2352/2352/2352
f 2351/2351/2351 2349/2349/2349 2350/2350/2350
f 2345/2345/2345 2348/2348/2348 2343/2343/2343
f 2322/2322/2322 2320/2320/2320 2321/2321/2321
f 2324/2324/2324 2322/2322/2322 2323/2323/2323
f 2321/2321/2321 2320/2320/2320 2325/2325/2325
f 2325/2325/2325 2326/2326/2326 2327/2327/2327
f 2327/2327/2327 2326/2326/2326 2328/2328/2328
f 2329/2329/2329 2325/2325/2325 2320/2320/2320
f 2328/2328/2328 2330/2330/2330 2331/2331/2331
f 2331/2331/2331 2330/2330/2330 2332/2332/2332
f 2333/2333/2333 2328/2328/2328 2326/2326/2326
f 2335/2335/2335 2334/2334/2334 2332/2332/2332
f 2320/2320/2320 2322/2322/2322 2324/2324/2324
f 2335/2335/2335 2332/2332/2332 2330/2330/2330
f 2339/2339/2339 2338/2338/2338 2336/2336/2336
f 2338/2338/2338 2339/2339/2339 2340/2340/2340
f 2336/2336/2336 2338/2338/2338 2337/2337/2337
f 2343/2343/2343 2341/2341/2341 2342/2342/2342
f 2341/2341/2341 2343/2343/2343 2344/2344/2344
f 2341/2341/2341 2344/2344/2344 2340/2340/2340
f 2347/2347/2347 2345/2345/2345 2346/2346/2346
f 2345/2345/2345 2347/2347/2347 2348/2348/2348
f 2361/2361/2361 2360/2360/2360 2368/2368/2368
f 2365/2365/2365 2366/2366/2366 2367/2367/2367
f 2357/2357/2357 2359/2359/2359 2362/2362/2362
f 2363/2363/2363 2365/2365/2365 2364/2364/2364
f 2355/2355/2355 2364/2364/2364 2356/2356/2356
f 2360/2360/2360 2362/2362/2362 2359/2359/2359
f 2364/2364/2364 2355/2355/2355 2363/2363/2363
f 2354/2354/2354 2356/2356/2356 2358/2358/2358
f 2362/2362/2362 2360/2360/2360 2361/2361/2361
f 2354/2354/2354 2358/2358/2358 2357/2357/2357
f 2359/2359/2359 2357/2357/2357 2358/2358/2358
f 2356/2356/2356 2354/2354/2354 2355/2355/2355
f 2365/2365/2365 2363/2363/2363 2366/2366/2366
f 1370/1370/1370 1393/1393/1393 1394/1394/1394
f 1370/1370/1370 1392/1392/1392 1393/1393/1393
f 1370/1370/1370 1391/1391/1391 1392/1392/1392
f 1370/1370/1370 1390/1390/1390 1391/1391/1391
f 1370/1370/1370 1389/1389/1389 1390/1390/1390
f 1370/1370/1370 1388/1388/1388 1389/1389/1389
f 1370/1370/1370 1387/1387/1387 1388/1388/1388
f 1370/1370/1370 1386/1386/1386 1387/1387/1387
f 1370/1370/1370 1385/1385/1385 1386/1386/1386
f 1370/1370/1370 1384/1384/1384 1385/1385/1385
f 1370/1370/1370 1383/1383/1383 1384/1384/1384
f 1370/1370/1370 1382/1382/1382 1383/1383/1383
f 1370/1370/1370 1381/1381/1381 1382/1382/1382
f 1370/1370/1370 1380/1380/1380 1381/1381/1381
f 1370/1370/1370 1379/1379/1379 1380/1380/1380
f 1370/1370/1370 1378/1378/1378 1379/1379/1379
f 1370/1370/1370 1377/1377/1377 1378/1378/1378
f 1370/1370/1370 1376/1376/1376 1377/1377/1377
f 1370/1370/1370 1375/1375/1375 1376/1376/1376
f 1370/1370/1370 1374/1374/1374 1375/1375/1375
f 1370/1370/1370 1373/1373/1373 1374/1374/1374
f 1370/1370/1370 1372/1372/1372 1373/1373/1373
f 1372/1372/1372 1370/1370/1370 1371/1371/1371
f 1370/1370/1370 1394/1394/1394 1371/1371/1371
f 881/881/881 908/908/908 906/906/906
f 879/879/879 906/906/906 904/904/904
f 877/877/877 904/904/904 903/903/903
f 873/873/873 871/871/871 872/872/872
f 871/871/871 894/894/894 869/869/869
f 869/869/869 893/893/893 867/867/867
f 856/856/856 886/886/886 884/884/884
f 854/854/854 884/884/884 882/882/882
f 852/852/852 882/882/882 880/880/880
f 850/850/850 880/880/880 878/878/878
f 848/848/848 878/878/878 876/876/876
f 846/846/846 876/876/876 874/874/874
f 872/872/872 874/874/874 873/873/873
f 844/844/844 841/841/841 843/843/843
f 841/841/841 868/868/868 839/839/839
f 839/839/839 866/866/866 837/837/837
f 837/837/837 864/864/864 835/835/835
f 835/835/835 861/861/861 833/833/833
f 833/833/833 860/860/860 831/831/831
f 821/821/821 855/855/855 853/853/853
f 819/819/819 853/853/853 851/851/851
f 817/817/817 851/851/851 849/849/849
f 815/815/815 849/849/849 847/847/847
f 813/813/813 847/847/847 845/845/845
f 843/843/843 845/845/845 844/844/844
f 842/842/842 808/808/808 1365/1365/1365
f 1365/1365/1365 811/811/811 842/842/842
f 808/808/808 838/838/838 806/806/806
f 806/806/806 836/836/836 804/804/804
f 804/804/804 834/834/834 802/802/802
f 802/802/802 832/832/832 800/800/800
f 800/800/800 830/830/830 798/798/798
f 798/798/798 827/827/827 795/795/795
f 795/795/795 826/826/826 796/796/796
f 824/824/824 796/796/796 826/826/826
f 790/790/790 824/824/824 822/822/822
f 788/788/788 822/822/822 820/820/820
f 786/786/786 820/820/820 818/818/818
f 784/784/784 818/818/818 816/816/816
f 782/782/782 816/816/816 814/814/814
f 780/780/780 814/814/814 812/812/812
f 810/810/810 812/812/812 811/811/811
f 1365/1365/1365 807/807/807 809/809/809
f 1364/1364/1364 778/778/778 809/809/809
f 775/775/775 805/805/805 773/773/773
f 773/773/773 803/803/803 771/771/771
f 771/771/771 801/801/801 769/769/769
f 769/769/769 799/799/799 767/767/767
f 767/767/767 797/797/797 765/765/765
f 765/765/765 794/794/794 762/762/762
f 762/762/762 793/793/793 763/763/763
f 791/791/791 763/763/763 793/793/793
f 757/757/757 791/791/791 789/789/789
f 755/755/755 789/789/789 787/787/787
f 753/753/753 787/787/787 785/785/785
f 751/751/751 785/785/785 783/783/783
f 749/749/749 783/783/783 781/781/781
f 747/747/747 781/781/781 779/779/779
f 777/777/777 779/779/779 778/778/778
f 776/776/776 742/742/742 1363/1363/1363
f 1364/1364/1364 774/774/774 776/776/776
f 1363/1363/1363 745/745/745 776/776/776
f 742/742/742 772/772/772 740/740/740
f 740/740/740 770/770/770 738/738/738
f 738/738/738 768/768/768 736/736/736
f 736/736/736 766/766/766 734/734/734
f 734/734/734 764/764/764 732/732/732
f 732/732/732 761/761/761 729/729/729
f 729/729/729 760/760/760 730/730/730
f 758/758/758 730/730/730 760/760/760
f 724/724/724 758/758/758 756/756/756
f 722/722/722 756/756/756 754/754/754
f 720/720/720 754/754/754 752/752/752
f 718/718/718 752/752/752 750/750/750
f 716/716/716 750/750/750 748/748/748
f 714/714/714 748/748/748 746/746/746
f 744/744/744 746/746/746 745/745/745
f 1363/1363/1363 741/741/741 743/743/743
f 1362/1362/1362 743/743/743 741/741/741
f 741/741/741 1361/1361/1361 1362/1362/1362
f 737/737/737 1360/1360/1360 739/739/739
f 1358/1358/1358 735/735/735 1357/1357/1357
f 1357/1357/1357 733/733/733 1356/1356/1356
f 731/731/731 1356/1356/1356 733/733/733
f 728/728/728 1354/1354/1354 731/731/731
f 1352/1352/1352 727/727/727 1351/1351/1351
f 725/725/725 1351/1351/1351 727/727/727
f 725/725/725 1349/1349/1349 1350/1350/1350
f 723/723/723 1347/1347/1347 1348/1348/1348
f 1345/1345/1345 721/721/721 719/719/719
f 1344/1344/1344 719/719/719 717/717/717
f 717/717/717 1343/1343/1343 1344/1344/1344
f 715/715/715 1341/1341/1341 1342/1342/1342
f 1339/1339/1339 713/713/713 712/712/712
f 1305/1305/1305 1304/1304/1304 1287/1287/1287
f 1304/1304/1304 1336/1336/1336 1302/1302/1302
f 1302/1302/1302 1335/1335/1335 1303/1303/1303
f 1333/1333/1333 1303/1303/1303 1335/1335/1335
f 1301/1301/1301 1330/1330/1330 1300/1300/1300
f 1330/1330/1330 1329/1329/1329 1326/1326/1326
f 1326/1326/1326 1328/1328/1328 1325/1325/1325
f 1324/1324/1324 1325/1325/1325 1328/1328/1328
f 1321/1321/1321 1323/1323/1323 1324/1324/1324
f 1317/1317/1317 1322/1322/1322 1318/1318/1318
f 1316/1316/1316 1319/1319/1319 1314/1314/1314
f 1314/1314/1314 1315/1315/1315 1316/1316/1316
f 1313/1313/1313 1310/1310/1310 1315/1315/1315
f 1307/1307/1307 1312/1312/1312 1308/1308/1308
f 1306/1306/1306 1309/1309/1309 1369/1369/1369
f 1305/1305/1305 1306/1306/1306 1369/1369/1369
f 1287/1287/1287 1285/1285/1285 1269/1269/1269
f 1285/1285/1285 1302/1302/1302 1283/1283/1283
f 1283/1283/1283 1303/1303/1303 1284/1284/1284
f 1301/1301/1301 1284/1284/1284 1303/1303/1303
f 1300/1300/1300 1282/1282/1282 1301/1301/1301
f 1299/1299/1299 1281/1281/1281 1300/1300/1300
f 1298/1298/1298 1280/1280/1280 1299/1299/1299
f 1297/1297/1297 1279/1279/1279 1298/1298/1298
f 1278/1278/1278 1295/1295/1295 1277/1277/1277
f 1293/1293/1293 1296/1296/1296 1294/1294/1294
f 1291/1291/1291 1294/1294/1294 1368/1368/1368
f 1290/1290/1290 1291/1291/1291 1368/1368/1368
f 1290/1290/1290 1271/1271/1271 1272/1272/1272
f 1289/1289/1289 1270/1270/1270 1271/1271/1271
f 1288/1288/1288 1268/1268/1268 1270/1270/1270
f 1286/1286/1286 1269/1269/1269 1268/1268/1268
f 1269/1269/1269 1267/1267/1267 1248/1248/1248
f 1267/1267/1267 1283/1283/1283 1265/1265/1265
f 1265/1265/1265 1284/1284/1284 1266/1266/1266
f 1282/1282/1282 1266/1266/1266 1284/1284/1284
f 1281/1281/1281 1264/1264/1264 1282/1282/1282
f 1280/1280/1280 1263/1263/1263 1281/1281/1281
f 1279/1279/1279 1262/1262/1262 1280/1280/1280
f 1278/1278/1278 1260/1260/1260 1279/1279/1279
f 1261/1261/1261 1276/1276/1276 1258/1258/1258
f 1274/1274/1274 1277/1277/1277 1275/1275/1275
f 1273/1273/1273 1275/1275/1275 1292/1292/1292
f 1272/1272/1272 1273/1273/1273 1292/1292/1292
f 1272/1272/1272 1250/1250/1250 1253/1253/1253
f 1271/1271/1271 1249/1249/1249 1250/1250/1250
f 1270/1270/1270 1247/1247/1247 1249/1249/1249
f 1268/1268/1268 1248/1248/1248 1247/1247/1247
f 1248/1248/1248 1246/1246/1246 1227/1227/1227
f 1246/1246/1246 1265/1265/1265 1244/1244/1244
f 1244/1244/1244 1266/1266/1266 1245/1245/1245
f 1264/1264/1264 1245/1245/1245 1266/1266/1266
f 1263/1263/1263 1243/1243/1243 1264/1264/1264
f 1262/1262/1262 1242/1242/1242 1263/1263/1263
f 1260/1260/1260 1241/1241/1241 1262/1262/1262
f 1239/1239/1239 1259/1259/1259 1240/1240/1240
f 1258/1258/1258 1259/1259/1259 1261/1261/1261
f 1255/1255/1255 1258/1258/1258 1256/1256/1256
f 1254/1254/1254 1256/1256/1256 1252/1252/1252
f 1252/1252/1252 1251/1251/1251 1254/1254/1254
f 1250/1250/1250 1251/1251/1251 1253/1253/1253
f 1250/1250/1250 1228/1228/1228 1229/1229/1229
f 1249/1249/1249 1226/1226/1226 1228/1228/1228
f 1247/1247/1247 1227/1227/1227 1226/1226/1226
f 1227/1227/1227 1225/1225/1225 1204/1204/1204
f 1225/1225/1225 1244/1244/1244 1223/1223/1223
f 1223/1223/1223 1245/1245/1245 1224/1224/1224
f 1243/1243/1243 1224/1224/1224 1245/1245/1245
f 1242/1242/1242 1222/1222/1222 1243/1243/1243
f 1241/1241/1241 1221/1221/1221 1242/1242/1242
f 1239/1239/1239 1219/1219/1219 1241/1241/1241
f 1220/1220/1220 1238/1238/1238 1217/1217/1217
f 1237/1237/1237 1238/1238/1238 1240/1240/1240
f 1234/1234/1234 1237/1237/1237 1235/1235/1235
f 1233/1233/1233 1235/1235/1235 1231/1231/1231
f 1231/1231/1231 1230/1230/1230 1233/1233/1233
f 1229/1229/1229 1230/1230/1230 1232/1232/1232
f 1229/1229/1229 1205/1205/1205 1208/1208/1208
f 1228/1228/1228 1203/1203/1203 1205/1205/1205
f 1226/1226/1226 1204/1204/1204 1203/1203/1203
f 1204/1204/1204 1202/1202/1202 1180/1180/1180
f 1202/1202/1202 1223/1223/1223 1200/1200/1200
f 1200/1200/1200 1224/1224/1224 1201/1201/1201
f 1222/1222/1222 1201/1201/1201 1224/1224/1224
f 1221/1221/1221 1199/1199/1199 1222/1222/1222
f 1219/1219/1219 1198/1198/1198 1221/1221/1221
f 1196/1196/1196 1218/1218/1218 1197/1197/1197
f 1217/1217/1217 1218/1218/1218 1220/1220/1220
f 1215/1215/1215 1216/1216/1216 1217/1217/1217
f 1212/1212/1212 1215/1215/1215 1213/1213/1213
f 1211/1211/1211 1213/1213/1213 1209/1209/1209
f 1209/1209/1209 1210/1210/1210 1211/1211/1211
f 1207/1207/1207 1206/1206/1206 1210/1210/1210
f 1205/1205/1205 1206/1206/1206 1208/1208/1208
f 1205/1205/1205 1179/1179/1179 1183/1183/1183
f 1203/1203/1203 1180/1180/1180 1179/1179/1179
f 1180/1180/1180 1178/1178/1178 1154/1154/1154
f 1178/1178/1178 1200/1200/1200 1176/1176/1176
f 1176/1176/1176 1201/1201/1201 1177/1177/1177
f 1199/1199/1199 1177/1177/1177 1201/1201/1201
f 1198/1198/1198 1175/1175/1175 1199/1199/1199
f 1196/1196/1196 1174/1174/1174 1198/1198/1198
f 1172/1172/1172 1195/1195/1195 1173/1173/1173
f 1194/1194/1194 1195/1195/1195 1197/1197/1197
f 1192/1192/1192 1193/1193/1193 1194/1194/1194
f 1189/1189/1189 1192/1192/1192 1190/1190/1190
f 1188/1188/1188 1190/1190/1190 1186/1186/1186
f 1186/1186/1186 1187/1187/1187 1188/1188/1188
f 1184/1184/1184 1185/1185/1185 1187/1187/1187
f 1182/1182/1182 1181/1181/1181 1185/1185/1185
f 1179/1179/1179 1181/1181/1181 1183/1183/1183
f 1179/1179/1179 1154/1154/1154 1157/1157/1157
f 1154/1154/1154 1153/1153/1153 1135/1135/1135
f 1153/1153/1153 1176/1176/1176 1151/1151/1151
f 1151/1151/1151 1177/1177/1177 1152/1152/1152
f 1175/1175/1175 1152/1152/1152 1177/1177/1177
f 1174/1174/1174 1150/1150/1150 1175/1175/1175
f 1172/1172/1172 1149/1149/1149 1174/1174/1174
f 1148/1148/1148 1171/1171/1171 1147/1147/1147
f 1170/1170/1170 1171/1171/1171 1173/1173/1173
f 1168/1168/1168 1169/1169/1169 1170/1170/1170
f 1165/1165/1165 1168/1168/1168 1166/1166/1166
f 1164/1164/1164 1166/1166/1166 1162/1162/1162
f 1162/1162/1162 1163/1163/1163 1164/1164/1164
f 1160/1160/1160 1161/1161/1161 1163/1163/1163
f 1158/1158/1158 1159/1159/1159 1161/1161/1161
f 1156/1156/1156 1155/1155/1155 1159/1159/1159
f 1154/1154/1154 1155/1155/1155 1157/1157/1157
f 1135/1135/1135 1133/1133/1133 1112/1112/1112
f 1133/1133/1133 1151/1151/1151 1131/1131/1131
f 1131/1131/1131 1152/1152/1152 1132/1132/1132
f 1150/1150/1150 1132/1132/1132 1152/1152/1152
f 1149/1149/1149 1130/1130/1130 1150/1150/1150
f 1148/1148/1148 1129/1129/1129 1149/1149/1149
f 1147/1147/1147 1128/1128/1128 1148/1148/1148
f 1146/1146/1146 1127/1127/1127 1147/1147/1147
f 1145/1145/1145 1126/1126/1126 1146/1146/1146
f 1125/1125/1125 1143/1143/1143 1124/1124/1124
f 1142/1142/1142 1144/1144/1144 1140/1140/1140
f 1140/1140/1140 1141/1141/1141 1142/1142/1142
f 1138/1138/1138 1137/1137/1137 1141/1141/1141
f 1136/1136/1136 1137/1137/1137 1139/1139/1139
f 1136/1136/1136 1115/1115/1115 1114/1114/1114
f 1134/1134/1134 1112/1112/1112 1115/1115/1115
f 1112/1112/1112 1110/1110/1110 1088/1088/1088
f 1110/1110/1110 1131/1131/1131 1111/1111/1111
f 1111/1111/1111 1132/1132/1132 1108/1108/1108
f 1130/1130/1130 1108/1108/1108 1132/1132/1132
f 1129/1129/1129 1106/1106/1106 1130/1130/1130
f 1128/1128/1128 1105/1105/1105 1129/1129/1129
f 1127/1127/1127 1104/1104/1104 1128/1128/1128
f 1126/1126/1126 1103/1103/1103 1127/1127/1127
f 1125/1125/1125 1102/1102/1102 1126/1126/1126
f 1101/1101/1101 1123/1123/1123 1100/1100/1100
f 1122/1122/1122 1124/1124/1124 1120/1120/1120
f 1120/1120/1120 1121/1121/1121 1122/1122/1122
f 1118/1118/1118 1119/1119/1119 1121/1121/1121
f 1116/1116/1116 1117/1117/1117 1119/1119/1119
f 1114/1114/1114 1113/1113/1113 1117/1117/1117
f 1112/1112/1112 1113/1113/1113 1115/1115/1115
f 1088/1088/1088 1109/1109/1109 1089/1089/1089
f 1109/1109/1109 1111/1111/1111 1107/1107/1107
f 1108/1108/1108 1107/1107/1107 1111/1111/1111
f 1106/1106/1106 1084/1084/1084 1108/1108/1108
f 1105/1105/1105 1080/1080/1080 1106/1106/1106
f 1104/1104/1104 1078/1078/1078 1105/1105/1105
f 1103/1103/1103 1077/1077/1077 1104/1104/1104
f 1102/1102/1102 1073/1073/1073 1103/1103/1103
f 1101/1101/1101 1072/1072/1072 1102/1102/1102
f 1071/1071/1071 1099/1099/1099 1069/1069/1069
f 1098/1098/1098 1100/1100/1100 1096/1096/1096
f 1096/1096/1096 1097/1097/1097 1098/1098/1098
f 1094/1094/1094 1095/1095/1095 1097/1097/1097
f 1092/1092/1092 1093/1093/1093 1095/1095/1095
f 1090/1090/1090 1091/1091/1091 1093/1093/1093
f 1087/1087/1087 1089/1089/1089 1091/1091/1091
f 1057/1057/1057 1085/1085/1085 1058/1058/1058
f 1085/1085/1085 1083/1083/1083 1082/1082/1082
f 1082/1082/1082 1084/1084/1084 1081/1081/1081
f 1080/1080/1080 1081/1081/1081 1084/1084/1084
f 1078/1078/1078 1079/1079/1079 1080/1080/1080
f 1077/1077/1077 1076/1076/1076 1078/1078/1078
f 1073/1073/1073 1074/1074/1074 1077/1077/1077
f 1072/1072/1072 1049/1049/1049 1073/1073/1073
f 1048/1048/1048 1070/1070/1070 1047/1047/1047
f 1068/1068/1068 1071/1071/1071 1069/1069/1069
f 1067/1067/1067 1069/1069/1069 1065/1065/1065
f 1065/1065/1065 1066/1066/1066 1067/1067/1067
f 1063/1063/1063 1064/1064/1064 1066/1066/1066
f 1061/1061/1061 1062/1062/1062 1064/1064/1064
f 1059/1059/1059 1060/1060/1060 1062/1062/1062
f 1056/1056/1056 1058/1058/1058 1060/1060/1060
f 1041/1041/1041 1039/1039/1039 1023/1023/1023
f 1039/1039/1039 1053/1053/1053 1038/1038/1038
f 1038/1038/1038 1054/1054/1054 1037/1037/1037
f 1052/1052/1052 1037/1037/1037 1054/1054/1054
f 1051/1051/1051 1036/1036/1036 1052/1052/1052
f 1050/1050/1050 1034/1034/1034 1075/1075/1075
f 1049/1049/1049 1033/1033/1033 1074/1074/1074
f 1048/1048/1048 1031/1031/1031 1049/1049/1049
f 1047/1047/1047 1030/1030/1030 1048/1048/1048
f 1028/1028/1028 1047/1047/1047 1046/1046/1046
f 1027/1027/1027 1046/1046/1046 1045/1045/1045
f 1045/1045/1045 1026/1026/1026 1027/1027/1027
f 1044/1044/1044 1025/1025/1025 1026/1026/1026
f 1043/1043/1043 1024/1024/1024 1025/1025/1025
f 1042/1042/1042 1022/1022/1022 1024/1024/1024
f 1040/1040/1040 1023/1023/1023 1022/1022/1022
f 1023/1023/1023 1021/1021/1021 991/991/991
f 1021/1021/1021 1038/1038/1038 1019/1019/1019
f 1019/1019/1019 1037/1037/1037 1016/1016/1016
f 1016/1016/1016 1036/1036/1036 1017/1017/1017
f 1017/1017/1017 1034/1034/1034 1013/1013/1013
f 1013/1013/1013 1033/1033/1033 1011/1011/1011
f 1031/1031/1031 1011/1011/1011 1033/1033/1033
f 1030/1030/1030 1009/1009/1009 1031/1031/1031
f 1029/1029/1029 1007/1007/1007 1030/1030/1030
f 1003/1003/1003 1029/1029/1029 1028/1028/1028
f 1001/1001/1001 1028/1028/1028 1027/1027/1027
f 997/997/997 1027/1027/1027 1026/1026/1026
f 1026/1026/1026 995/995/995 997/997/997
f 1025/1025/1025 993/993/993 995/995/995
f 1024/1024/1024 990/990/990 993/993/993
f 1022/1022/1022 991/991/991 990/990/990
f 991/991/991 1020/1020/1020 992/992/992
f 1020/1020/1020 1019/1019/1019 1018/1018/1018
f 1018/1018/1018 1016/1016/1016 1015/1015/1015
f 1015/1015/1015 1017/1017/1017 1014/1014/1014
f 1013/1013/1013 1014/1014/1014 1017/1017/1017
f 1011/1011/1011 1012/1012/1012 1013/1013/1013
f 1009/1009/1009 1010/1010/1010 1011/1011/1011
f 1007/1007/1007 1008/1008/1008 1009/1009/1009
f 1005/1005/1005 1006/1006/1006 1007/1007/1007
f 1002/1002/1002 1005/1005/1005 1003/1003/1003
f 1000/1000/1000 1003/1003/1003 1001/1001/1001
f 999/999/999 1001/1001/1001 997/997/997
f 997/997/997 998/998/998 999/999/999
f 995/995/995 996/996/996 998/998/998
f 993/993/993 994/994/994 996/996/996
f 990/990/990 992/992/992 994/994/994
f 974/974/974 988/988/988 973/973/973
f 987/987/987 988/988/988 989/989/989
f 968/968/968 986/986/986 966/966/966
f 966/966/966 985/985/985 964/964/964
f 964/964/964 984/984/984 962/962/962
f 962/962/962 983/983/983 960/960/960
f 960/960/960 981/981/981 957/957/957
f 957/957/957 982/982/982 958/958/958
f 980/980/980 958/958/958 982/982/982
f 952/952/952 980/980/980 979/979/979
f 951/951/951 979/979/979 978/978/978
f 950/950/950 978/978/978 977/977/977
f 949/949/949 977/977/977 976/976/976
f 948/948/948 976/976/976 975/975/975
f 945/945/945 975/975/975 972/972/972
f 945/945/945 973/973/973 947/947/947
f 947/947/947 971/971/971 946/946/946
f 969/969/969 968/968/968 967/967/967
f 967/967/967 966/966/966 965/965/965
f 965/965/965 964/964/964 963/963/963
f 963/963/963 962/962/962 961/961/961
f 961/961/961 960/960/960 959/959/959
f 959/959/959 957/957/957 956/956/956
f 956/956/956 958/958/958 955/955/955
f 954/954/954 955/955/955 958/958/958
f 952/952/952 953/953/953 954/954/954
f 931/931/931 952/952/952 951/951/951
f 929/929/929 951/951/951 950/950/950
f 927/927/927 950/950/950 949/949/949
f 925/925/925 949/949/949 948/948/948
f 923/923/923 948/948/948 945/945/945
f 923/923/923 946/946/946 943/943/943
f 942/942/942 944/944/944 1367/1367/1367
f 941/941/941 942/942/942 1367/1367/1367
f 918/918/918 940/940/940 917/917/917
f 917/917/917 939/939/939 916/916/916
f 916/916/916 938/938/938 915/915/915
f 915/915/915 937/937/937 914/914/914
f 914/914/914 936/936/936 912/912/912
f 912/912/912 935/935/935 913/913/913
f 913/913/913 934/934/934 911/911/911
f 911/911/911 932/932/932 910/910/910
f 930/930/930 933/933/933 931/931/931
f 928/928/928 931/931/931 929/929/929
f 926/926/926 929/929/929 927/927/927
f 924/924/924 927/927/927 925/925/925
f 922/922/922 925/925/925 923/923/923
f 921/921/921 923/923/923 943/943/943
f 902/902/902 919/919/919 901/901/901
f 918/918/918 919/919/919 920/920/920
f 895/895/895 917/917/917 896/896/896
f 896/896/896 916/916/916 892/892/892
f 892/892/892 915/915/915 891/891/891
f 891/891/891 914/914/914 890/890/890
f 890/890/890 912/912/912 889/889/889
f 889/889/889 913/913/913 888/888/888
f 911/911/911 888/888/888 913/913/913
f 885/885/885 911/911/911 910/910/910
f 885/885/885 908/908/908 883/883/883
f 906/906/906 909/909/909 907/907/907
f 904/904/904 907/907/907 905/905/905
f 903/903/903 905/905/905 1366/1366/1366
f 900/900/900 903/903/903 1366/1366/1366
f 875/875/875 901/901/901 899/899/899
f 899/899/899 897/897/897 873/873/873
f 897/897/897 895/895/895 894/894/894
f 894/894/894 896/896/896 893/893/893
f 892/892/892 893/893/893 896/896/896
f 865/865/865 891/891/891 862/862/862
f 862/862/862 890/890/890 863/863/863
f 863/863/863 889/889/889 858/858/858
f 858/858/858 888/888/888 859/859/859
f 859/859/859 886/886/886 857/857/857
f 884/884/884 887/887/887 885/885/885
f 882/882/882 885/885/885 883/883/883
f 880/880/880 883/883/883 881/881/881
f 878/878/878 881/881/881 879/879/879
f 876/876/876 879/879/879 877/877/877
f 874/874/874 877/877/877 875/875/875
f 873/873/873 875/875/875 899/899/899
f 872/872/872 870/870/870 844/844/844
f 870/870/870 869/869/869 868/868/868
f 868/868/868 867/867/867 866/866/866
f 866/866/866 865/865/865 864/864/864
f 864/864/864 862/862/862 861/861/861
f 861/861/861 863/863/863 860/860/860
f 858/858/858 860/860/860 863/863/863
f 828/828/828 859/859/859 829/829/829
f 857/857/857 829/829/829 859/859/859
f 825/825/825 855/855/855 823/823/823
f 853/853/853 856/856/856 854/854/854
f 851/851/851 854/854/854 852/852/852
f 849/849/849 852/852/852 850/850/850
f 847/847/847 850/850/850 848/848/848
f 845/845/845 848/848/848 846/846/846
f 844/844/844 846/846/846 872/872/872
f 843/843/843 842/842/842 811/811/811
f 840/840/840 839/839/839 838/838/838
f 838/838/838 837/837/837 836/836/836
f 836/836/836 835/835/835 834/834/834
f 834/834/834 833/833/833 832/832/832
f 832/832/832 831/831/831 830/830/830
f 830/830/830 828/828/828 827/827/827
f 827/827/827 829/829/829 826/826/826
f 825/825/825 826/826/826 829/829/829
f 822/822/822 825/825/825 823/823/823
f 820/820/820 823/823/823 821/821/821
f 818/818/818 821/821/821 819/819/819
f 816/816/816 819/819/819 817/817/817
f 814/814/814 817/817/817 815/815/815
f 812/812/812 815/815/815 813/813/813
f 811/811/811 813/813/813 843/843/843
f 809/809/809 810/810/810 1365/1365/1365
f 807/807/807 806/806/806 805/805/805
f 805/805/805 804/804/804 803/803/803
f 803/803/803 802/802/802 801/801/801
f 801/801/801 800/800/800 799/799/799
f 799/799/799 798/798/798 797/797/797
f 797/797/797 795/795/795 794/794/794
f 794/794/794 796/796/796 793/793/793
f 792/792/792 793/793/793 796/796/796
f 789/789/789 792/792/792 790/790/790
f 787/787/787 790/790/790 788/788/788
f 785/785/785 788/788/788 786/786/786
f 783/783/783 786/786/786 784/784/784
f 781/781/781 784/784/784 782/782/782
f 779/779/779 782/782/782 780/780/780
f 778/778/778 780/780/780 810/810/810
f 776/776/776 777/777/777 1364/1364/1364
f 774/774/774 773/773/773 772/772/772
f 772/772/772 771/771/771 770/770/770
f 770/770/770 769/769/769 768/768/768
f 768/768/768 767/767/767 766/766/766
f 766/766/766 765/765/765 764/764/764
f 764/764/764 762/762/762 761/761/761
f 761/761/761 763/763/763 760/760/760
f 759/759/759 760/760/760 763/763/763
f 756/756/756 759/759/759 757/757/757
f 754/754/754 757/757/757 755/755/755
f 1257/1257/1257 1235/1235/1235 1237/1237/1237
f 750/750/750 753/753/753 751/751/751
f 748/748/748 751/751/751 749/749/749
f 746/746/746 749/749/749 747/747/747
f 745/745/745 747/747/747 777/777/777
f 743/743/743 744/744/744 1363/1363/1363
f 741/741/741 740/740/740 739/739/739
f 1191/1191/1191 1170/1170/1170 1193/1193/1193
f 737/737/737 736/736/736 735/735/735
f 735/735/735 734/734/734 733/733/733
f 733/733/733 732/732/732 731/731/731
f 731/731/731 729/729/729 728/728/728
f 728/728/728 730/730/730 727/727/727
f 726/726/726 727/727/727 730/730/730
f 723/723/723 726/726/726 724/724/724
f 721/721/721 724/724/724 722/722/722
f 719/719/719 722/722/722 720/720/720
f 717/717/717 720/720/720 718/718/718
f 715/715/715 718/718/718 716/716/716
f 713/713/713 716/716/716 714/714/714
f 712/712/712 714/714/714 744/744/744
f 714/714/714 712/712/712 713/713/713
f 716/716/716 713/713/713 715/715/715
f 989/989/989 1018/1018/1018 987/987/987
f 720/720/720 717/717/717 719/719/719
f 722/722/722 719/719/719 721/721/721
f 724/724/724 721/721/721 723/723/723
f 726/726/726 723/723/723 725/725/725
f 727/727/727 726/726/726 725/725/725
f 901/901/901 898/898/898 899/899/899
f 729/729/729 731/731/731 732/732/732
f 732/732/732 733/733/733 734/734/734
f 734/734/734 735/735/735 736/736/736
f 736/736/736 737/737/737 738/738/738
f 738/738/738 739/739/739 740/740/740
f 740/740/740 741/741/741 742/742/742
f 744/744/744 743/743/743 712/712/712
f 747/747/747 745/745/745 746/746/746
f 749/749/749 746/746/746 748/748/748
f 751/751/751 748/748/748 750/750/750
f 753/753/753 750/750/750 752/752/752
f 755/755/755 752/752/752 754/754/754
f 757/757/757 754/754/754 756/756/756
f 759/759/759 756/756/756 758/758/758
f 760/760/760 759/759/759 758/758/758
f 989/989/989 992/992/992 1020/1020/1020
f 1018/1018/1018 989/989/989 1020/1020/1020
f 1015/1015/1015 987/987/987 1018/1018/1018
f 1014/1014/1014 986/986/986 1015/1015/1015
f 1012/1012/1012 985/985/985 1014/1014/1014
f 1010/1010/1010 984/984/984 1012/1012/1012
f 983/983/983 1008/1008/1008 981/981/981
f 981/981/981 1006/1006/1006 982/982/982
f 982/982/982 1004/1004/1004 980/980/980
f 1004/1004/1004 979/979/979 980/980/980
f 1002/1002/1002 978/978/978 979/979/979
f 1000/1000/1000 977/977/977 978/978/978
f 999/999/999 976/976/976 977/977/977
f 998/998/998 975/975/975 976/976/976
f 972/972/972 996/996/996 994/994/994
f 974/974/974 994/994/994 992/992/992
f 970/970/970 973/973/973 988/988/988
f 969/969/969 944/944/944 971/971/971
f 946/946/946 944/944/944 943/943/943
f 967/967/967 1367/1367/1367 969/969/969
f 965/965/965 941/941/941 967/967/967
f 963/963/963 940/940/940 965/965/965
f 961/961/961 939/939/939 963/963/963
f 959/959/959 938/938/938 961/961/961
f 956/956/956 937/937/937 959/959/959
f 955/955/955 936/936/936 956/956/956
f 953/953/953 935/935/935 955/955/955
f 920/920/920 921/921/921 942/942/942
f 932/932/932 909/909/909 910/910/910
f 930/930/930 907/907/907 909/909/909
f 928/928/928 905/905/905 907/907/907
f 926/926/926 1366/1366/1366 905/905/905
f 924/924/924 900/900/900 1366/1366/1366
f 898/898/898 901/901/901 919/919/919
f 908/908/908 881/881/881 883/883/883
f 906/906/906 879/879/879 881/881/881
f 904/904/904 877/877/877 879/879/879
f 871/871/871 873/873/873 897/897/897
f 894/894/894 871/871/871 897/897/897
f 893/893/893 869/869/869 894/894/894
f 886/886/886 856/856/856 857/857/857
f 884/884/884 854/854/854 856/856/856
f 882/882/882 852/852/852 854/854/854
f 880/880/880 850/850/850 852/852/852
f 878/878/878 848/848/848 850/850/850
f 876/876/876 846/846/846 848/848/848
f 874/874/874 872/872/872 846/846/846
f 841/841/841 844/844/844 870/870/870
f 868/868/868 841/841/841 870/870/870
f 866/866/866 839/839/839 868/868/868
f 864/864/864 837/837/837 866/866/866
f 861/861/861 835/835/835 864/864/864
f 860/860/860 833/833/833 861/861/861
f 855/855/855 821/821/821 823/823/823
f 853/853/853 819/819/819 821/821/821
f 851/851/851 817/817/817 819/819/819
f 849/849/849 815/815/815 817/817/817
f 847/847/847 813/813/813 815/815/815
f 845/845/845 843/843/843 813/813/813
f 808/808/808 842/842/842 840/840/840
f 811/811/811 1365/1365/1365 810/810/810
f 838/838/838 808/808/808 840/840/840
f 836/836/836 806/806/806 838/838/838
f 834/834/834 804/804/804 836/836/836
f 832/832/832 802/802/802 834/834/834
f 830/830/830 800/800/800 832/832/832
f 827/827/827 798/798/798 830/830/830
f 826/826/826 795/795/795 827/827/827
f 796/796/796 824/824/824 792/792/792
f 824/824/824 790/790/790 792/792/792
f 822/822/822 788/788/788 790/790/790
f 820/820/820 786/786/786 788/788/788
f 818/818/818 784/784/784 786/786/786
f 816/816/816 782/782/782 784/784/784
f 814/814/814 780/780/780 782/782/782
f 812/812/812 810/810/810 780/780/780
f 807/807/807 1365/1365/1365 808/808/808
f 809/809/809 775/775/775 1364/1364/1364
f 775/775/775 809/809/809 807/807/807
f 778/778/778 1364/1364/1364 777/777/777
f 805/805/805 775/775/775 807/807/807
f 803/803/803 773/773/773 805/805/805
f 801/801/801 771/771/771 803/803/803
f 799/799/799 769/769/769 801/801/801
f 797/797/797 767/767/767 799/799/799
f 794/794/794 765/765/765 797/797/797
f 793/793/793 762/762/762 794/794/794
f 763/763/763 791/791/791 759/759/759
f 791/791/791 757/757/757 759/759/759
f 789/789/789 755/755/755 757/757/757
f 787/787/787 753/753/753 755/755/755
f 785/785/785 751/751/751 753/753/753
f 783/783/783 749/749/749 751/751/751
f 781/781/781 747/747/747 749/749/749
f 779/779/779 777/777/777 747/747/747
f 742/742/742 776/776/776 774/774/774
f 774/774/774 1364/1364/1364 775/775/775
f 745/745/745 1363/1363/1363 744/744/744
f 772/772/772 742/742/742 774/774/774
f 770/770/770 740/740/740 772/772/772
f 768/768/768 738/738/738 770/770/770
f 766/766/766 736/736/736 768/768/768
f 764/764/764 734/734/734 766/766/766
f 761/761/761 732/732/732 764/764/764
f 760/760/760 729/729/729 761/761/761
f 730/730/730 758/758/758 726/726/726
f 758/758/758 724/724/724 726/726/726
f 756/756/756 722/722/722 724/724/724
f 754/754/754 720/720/720 722/722/722
f 752/752/752 718/718/718 720/720/720
f 750/750/750 716/716/716 718/718/718
f 748/748/748 714/714/714 716/716/716
f 746/746/746 744/744/744 714/714/714
f 741/741/741 1363/1363/1363 742/742/742
f 1362/1362/1362 712/712/712 743/743/743
f 712/712/712 1362/1362/1362 1339/1339/1339
f 739/739/739 1361/1361/1361 741/741/741
f 1361/1361/1361 739/739/739 1360/1360/1360
f 1359/1359/1359 737/737/737 1358/1358/1358
f 1360/1360/1360 737/737/737 1359/1359/1359
f 735/735/735 1358/1358/1358 737/737/737
f 733/733/733 1357/1357/1357 735/735/735
f 1355/1355/1355 731/731/731 1354/1354/1354
f 1356/1356/1356 731/731/731 1355/1355/1355
f 1353/1353/1353 728/728/728 1352/1352/1352
f 1354/1354/1354 728/728/728 1353/1353/1353
f 727/727/727 1352/1352/1352 728/728/728
f 1351/1351/1351 725/725/725 1350/1350/1350
f 725/725/725 1348/1348/1348 1349/1349/1349
f 1348/1348/1348 725/725/725 723/723/723
f 723/723/723 1346/1346/1346 1347/1347/1347
f 1346/1346/1346 723/723/723 721/721/721
f 721/721/721 1345/1345/1345 1346/1346/1346
f 719/719/719 1344/1344/1344 1345/1345/1345
f 717/717/717 1342/1342/1342 1343/1343/1343
f 1342/1342/1342 717/717/717 715/715/715
f 715/715/715 1340/1340/1340 1341/1341/1341
f 1340/1340/1340 715/715/715 713/713/713
f 713/713/713 1339/1339/1339 1340/1340/1340
f 1304/1304/1304 1305/1305/1305 1338/1338/1338
f 1337/1337/1337 1304/1304/1304 1338/1338/1338
f 1336/1336/1336 1304/1304/1304 1337/1337/1337
f 1334/1334/1334 1302/1302/1302 1336/1336/1336
f 1335/1335/1335 1302/1302/1302 1334/1334/1334
f 1303/1303/1303 1333/1333/1333 1301/1301/1301
f 1333/1333/1333 1330/1330/1330 1301/1301/1301
f 1330/1330/1330 1333/1333/1333 1332/1332/1332
f 1331/1331/1331 1330/1330/1330 1332/1332/1332
f 1329/1329/1329 1330/1330/1330 1331/1331/1331
f 1327/1327/1327 1326/1326/1326 1329/1329/1329
f 1328/1328/1328 1326/1326/1326 1327/1327/1327
f 1325/1325/1325 1324/1324/1324 1323/1323/1323
f 1323/1323/1323 1321/1321/1321 1320/1320/1320
f 1320/1320/1320 1322/1322/1322 1317/1317/1317
f 1322/1322/1322 1320/1320/1320 1321/1321/1321
f 1316/1316/1316 1318/1318/1318 1319/1319/1319
f 1318/1318/1318 1316/1316/1316 1317/1317/1317
f 1315/1315/1315 1314/1314/1314 1313/1313/1313
f 1310/1310/1310 1313/1313/1313 1311/1311/1311
f 1307/1307/1307 1311/1311/1311 1312/1312/1312
f 1311/1311/1311 1307/1307/1307 1310/1310/1310
f 1306/1306/1306 1308/1308/1308 1309/1309/1309
f 1308/1308/1308 1306/1306/1306 1307/1307/1307
f 1306/1306/1306 1287/1287/1287 1286/1286/1286
f 1306/1306/1306 1305/1305/1305 1287/1287/1287
f 1285/1285/1285 1287/1287/1287 1304/1304/1304
f 1302/1302/1302 1285/1285/1285 1304/1304/1304
f 1303/1303/1303 1283/1283/1283 1302/1302/1302
f 1284/1284/1284 1301/1301/1301 1282/1282/1282
f 1282/1282/1282 1300/1300/1300 1281/1281/1281
f 1281/1281/1281 1299/1299/1299 1280/1280/1280
f 1280/1280/1280 1298/1298/1298 1279/1279/1279
f 1279/1279/1279 1297/1297/1297 1278/1278/1278
f 1297/1297/1297 1295/1295/1295 1278/1278/1278
f 1295/1295/1295 1297/1297/1297 1296/1296/1296
f 1296/1296/1296 1293/1293/1293 1295/1295/1295
f 1294/1294/1294 1291/1291/1291 1293/1293/1293
f 1291/1291/1291 1272/1272/1272 1292/1292/1292
f 1291/1291/1291 1290/1290/1290 1272/1272/1272
f 1271/1271/1271 1290/1290/1290 1289/1289/1289
f 1270/1270/1270 1289/1289/1289 1288/1288/1288
f 1268/1268/1268 1288/1288/1288 1286/1286/1286
f 1269/1269/1269 1286/1286/1286 1287/1287/1287
f 1267/1267/1267 1269/1269/1269 1285/1285/1285
f 1283/1283/1283 1267/1267/1267 1285/1285/1285
f 1284/1284/1284 1265/1265/1265 1283/1283/1283
f 1266/1266/1266 1282/1282/1282 1264/1264/1264
f 1264/1264/1264 1281/1281/1281 1263/1263/1263
f 1263/1263/1263 1280/1280/1280 1262/1262/1262
f 1262/1262/1262 1279/1279/1279 1260/1260/1260
f 1260/1260/1260 1278/1278/1278 1261/1261/1261
f 1278/1278/1278 1276/1276/1276 1261/1261/1261
f 1276/1276/1276 1278/1278/1278 1277/1277/1277
f 1277/1277/1277 1274/1274/1274 1276/1276/1276
f 1275/1275/1275 1273/1273/1273 1274/1274/1274
f 1273/1273/1273 1253/1253/1253 1252/1252/1252
f 1273/1273/1273 1272/1272/1272 1253/1253/1253
f 1250/1250/1250 1272/1272/1272 1271/1271/1271
f 1249/1249/1249 1271/1271/1271 1270/1270/1270
f 1247/1247/1247 1270/1270/1270 1268/1268/1268
f 1248/1248/1248 1268/1268/1268 1269/1269/1269
f 1246/1246/1246 1248/1248/1248 1267/1267/1267
f 1265/1265/1265 1246/1246/1246 1267/1267/1267
f 1266/1266/1266 1244/1244/1244 1265/1265/1265
f 1245/1245/1245 1264/1264/1264 1243/1243/1243
f 1243/1243/1243 1263/1263/1263 1242/1242/1242
f 1242/1242/1242 1262/1262/1262 1241/1241/1241
f 1241/1241/1241 1260/1260/1260 1239/1239/1239
f 1260/1260/1260 1259/1259/1259 1239/1239/1239
f 1259/1259/1259 1260/1260/1260 1261/1261/1261
f 1259/1259/1259 1258/1258/1258 1257/1257/1257
f 1258/1258/1258 1255/1255/1255 1257/1257/1257
f 1256/1256/1256 1254/1254/1254 1255/1255/1255
f 1251/1251/1251 1252/1252/1252 1253/1253/1253
f 1251/1251/1251 1229/1229/1229 1232/1232/1232
f 1251/1251/1251 1250/1250/1250 1229/1229/1229
f 1228/1228/1228 1250/1250/1250 1249/1249/1249
f 1226/1226/1226 1249/1249/1249 1247/1247/1247
f 1227/1227/1227 1247/1247/1247 1248/1248/1248
f 1225/1225/1225 1227/1227/1227 1246/1246/1246
f 1244/1244/1244 1225/1225/1225 1246/1246/1246
f 1245/1245/1245 1223/1223/1223 1244/1244/1244
f 1224/1224/1224 1243/1243/1243 1222/1222/1222
f 1222/1222/1222 1242/1242/1242 1221/1221/1221
f 1221/1221/1221 1241/1241/1241 1219/1219/1219
f 1219/1219/1219 1239/1239/1239 1220/1220/1220
f 1239/1239/1239 1238/1238/1238 1220/1220/1220
f 1238/1238/1238 1239/1239/1239 1240/1240/1240
f 1238/1238/1238 1237/1237/1237 1236/1236/1236
f 1237/1237/1237 1234/1234/1234 1236/1236/1236
f 1235/1235/1235 1233/1233/1233 1234/1234/1234
f 1230/1230/1230 1231/1231/1231 1232/1232/1232
f 1230/1230/1230 1208/1208/1208 1207/1207/1207
f 1230/1230/1230 1229/1229/1229 1208/1208/1208
f 1205/1205/1205 1229/1229/1229 1228/1228/1228
f 1203/1203/1203 1228/1228/1228 1226/1226/1226
f 1204/1204/1204 1226/1226/1226 1227/1227/1227
f 1202/1202/1202 1204/1204/1204 1225/1225/1225
f 1223/1223/1223 1202/1202/1202 1225/1225/1225
f 1224/1224/1224 1200/1200/1200 1223/1223/1223
f 1201/1201/1201 1222/1222/1222 1199/1199/1199
f 1199/1199/1199 1221/1221/1221 1198/1198/1198
f 1198/1198/1198 1219/1219/1219 1196/1196/1196
f 1219/1219/1219 1218/1218/1218 1196/1196/1196
f 1218/1218/1218 1219/1219/1219 1220/1220/1220
f 1218/1218/1218 1217/1217/1217 1216/1216/1216
f 1216/1216/1216 1215/1215/1215 1214/1214/1214
f 1215/1215/1215 1212/1212/1212 1214/1214/1214
f 1213/1213/1213 1211/1211/1211 1212/1212/1212
f 1210/1210/1210 1209/1209/1209 1207/1207/1207
f 1206/1206/1206 1207/1207/1207 1208/1208/1208
f 1206/1206/1206 1183/1183/1183 1182/1182/1182
f 1206/1206/1206 1205/1205/1205 1183/1183/1183
f 1179/1179/1179 1205/1205/1205 1203/1203/1203
f 1180/1180/1180 1203/1203/1203 1204/1204/1204
f 1178/1178/1178 1180/1180/1180 1202/1202/1202
f 1200/1200/1200 1178/1178/1178 1202/1202/1202
f 1201/1201/1201 1176/1176/1176 1200/1200/1200
f 1177/1177/1177 1199/1199/1199 1175/1175/1175
f 1175/1175/1175 1198/1198/1198 1174/1174/1174
f 1174/1174/1174 1196/1196/1196 1172/1172/1172
f 1196/1196/1196 1195/1195/1195 1172/1172/1172
f 1195/1195/1195 1196/1196/1196 1197/1197/1197
f 1195/1195/1195 1194/1194/1194 1193/1193/1193
f 1193/1193/1193 1192/1192/1192 1191/1191/1191
f 1192/1192/1192 1189/1189/1189 1191/1191/1191
f 1190/1190/1190 1188/1188/1188 1189/1189/1189
f 1187/1187/1187 1186/1186/1186 1184/1184/1184
f 1185/1185/1185 1184/1184/1184 1182/1182/1182
f 1181/1181/1181 1182/1182/1182 1183/1183/1183
f 1181/1181/1181 1157/1157/1157 1156/1156/1156
f 1181/1181/1181 1179/1179/1179 1157/1157/1157
f 1154/1154/1154 1179/1179/1179 1180/1180/1180
f 1153/1153/1153 1154/1154/1154 1178/1178/1178
f 1176/1176/1176 1153/1153/1153 1178/1178/1178
f 1177/1177/1177 1151/1151/1151 1176/1176/1176
f 1152/1152/1152 1175/1175/1175 1150/1150/1150
f 1150/1150/1150 1174/1174/1174 1149/1149/1149
f 1149/1149/1149 1172/1172/1172 1148/1148/1148
f 1172/1172/1172 1171/1171/1171 1148/1148/1148
f 1171/1171/1171 1172/1172/1172 1173/1173/1173
f 1171/1171/1171 1170/1170/1170 1169/1169/1169
f 1169/1169/1169 1168/1168/1168 1167/1167/1167
f 1168/1168/1168 1165/1165/1165 1167/1167/1167
f 1166/1166/1166 1164/1164/1164 1165/1165/1165
f 1163/1163/1163 1162/1162/1162 1160/1160/1160
f 1161/1161/1161 1160/1160/1160 1158/1158/1158
f 1159/1159/1159 1158/1158/1158 1156/1156/1156
f 1155/1155/1155 1156/1156/1156 1157/1157/1157
f 1155/1155/1155 1135/1135/1135 1134/1134/1134
f 1155/1155/1155 1154/1154/1154 1135/1135/1135
f 1133/1133/1133 1135/1135/1135 1153/1153/1153
f 1151/1151/1151 1133/1133/1133 1153/1153/1153
f 1152/1152/1152 1131/1131/1131 1151/1151/1151
f 1132/1132/1132 1150/1150/1150 1130/1130/1130
f 1130/1130/1130 1149/1149/1149 1129/1129/1129
f 1129/1129/1129 1148/1148/1148 1128/1128/1128
f 1128/1128/1128 1147/1147/1147 1127/1127/1127
f 1127/1127/1127 1146/1146/1146 1126/1126/1126
f 1126/1126/1126 1145/1145/1145 1125/1125/1125
f 1143/1143/1143 1145/1145/1145 1144/1144/1144
f 1143/1143/1143 1125/1125/1125 1145/1145/1145
f 1144/1144/1144 1142/1142/1142 1143/1143/1143
f 1141/1141/1141 1140/1140/1140 1138/1138/1138
f 1137/1137/1137 1138/1138/1138 1139/1139/1139
f 1137/1137/1137 1114/1114/1114 1116/1116/1116
f 1137/1137/1137 1136/1136/1136 1114/1114/1114
f 1115/1115/1115 1136/1136/1136 1134/1134/1134
f 1112/1112/1112 1134/1134/1134 1135/1135/1135
f 1110/1110/1110 1112/1112/1112 1133/1133/1133
f 1131/1131/1131 1110/1110/1110 1133/1133/1133
f 1132/1132/1132 1111/1111/1111 1131/1131/1131
f 1108/1108/1108 1130/1130/1130 1106/1106/1106
f 1106/1106/1106 1129/1129/1129 1105/1105/1105
f 1105/1105/1105 1128/1128/1128 1104/1104/1104
f 1104/1104/1104 1127/1127/1127 1103/1103/1103
f 1103/1103/1103 1126/1126/1126 1102/1102/1102
f 1102/1102/1102 1125/1125/1125 1101/1101/1101
f 1123/1123/1123 1125/1125/1125 1124/1124/1124
f 1123/1123/1123 1101/1101/1101 1125/1125/1125
f 1124/1124/1124 1122/1122/1122 1123/1123/1123
f 1121/1121/1121 1120/1120/1120 1118/1118/1118
f 1119/1119/1119 1118/1118/1118 1116/1116/1116
f 1117/1117/1117 1116/1116/1116 1114/1114/1114
f 1113/1113/1113 1114/1114/1114 1115/1115/1115
f 1113/1113/1113 1088/1088/1088 1087/1087/1087
f 1113/1113/1113 1112/1112/1112 1088/1088/1088
f 1109/1109/1109 1088/1088/1088 1110/1110/1110
f 1111/1111/1111 1109/1109/1109 1110/1110/1110
f 1084/1084/1084 1107/1107/1107 1108/1108/1108
f 1107/1107/1107 1084/1084/1084 1083/1083/1083
f 1084/1084/1084 1106/1106/1106 1080/1080/1080
f 1080/1080/1080 1105/1105/1105 1078/1078/1078
f 1078/1078/1078 1104/1104/1104 1077/1077/1077
f 1077/1077/1077 1103/1103/1103 1073/1073/1073
f 1073/1073/1073 1102/1102/1102 1072/1072/1072
f 1072/1072/1072 1101/1101/1101 1071/1071/1071
f 1099/1099/1099 1101/1101/1101 1100/1100/1100
f 1099/1099/1099 1071/1071/1071 1101/1101/1101
f 1100/1100/1100 1098/1098/1098 1099/1099/1099
f 1097/1097/1097 1096/1096/1096 1094/1094/1094
f 1095/1095/1095 1094/1094/1094 1092/1092/1092
f 1093/1093/1093 1092/1092/1092 1090/1090/1090
f 1091/1091/1091 1090/1090/1090 1087/1087/1087
f 1089/1089/1089 1087/1087/1087 1088/1088/1088
f 1085/1085/1085 1057/1057/1057 1086/1086/1086
f 1083/1083/1083 1085/1085/1085 1086/1086/1086
f 1084/1084/1084 1082/1082/1082 1083/1083/1083
f 1081/1081/1081 1080/1080/1080 1079/1079/1079
f 1079/1079/1079 1078/1078/1078 1076/1076/1076
f 1050/1050/1050 1076/1076/1076 1077/1077/1077
f 1050/1050/1050 1077/1077/1077 1074/1074/1074
f 1076/1076/1076 1050/1050/1050 1075/1075/1075
f 1074/1074/1074 1073/1073/1073 1049/1049/1049
f 1049/1049/1049 1072/1072/1072 1048/1048/1048
f 1072/1072/1072 1070/1070/1070 1048/1048/1048
f 1070/1070/1070 1072/1072/1072 1071/1071/1071
f 1071/1071/1071 1068/1068/1068 1070/1070/1070
f 1069/1069/1069 1067/1067/1067 1068/1068/1068
f 1066/1066/1066 1065/1065/1065 1063/1063/1063
f 1064/1064/1064 1063/1063/1063 1061/1061/1061
f 1062/1062/1062 1061/1061/1061 1059/1059/1059
f 1060/1060/1060 1059/1059/1059 1056/1056/1056
f 1058/1058/1058 1056/1056/1056 1057/1057/1057
f 1039/1039/1039 1041/1041/1041 1055/1055/1055
f 1053/1053/1053 1039/1039/1039 1055/1055/1055
f 1054/1054/1054 1038/1038/1038 1053/1053/1053
f 1037/1037/1037 1052/1052/1052 1036/1036/1036
f 1036/1036/1036 1051/1051/1051 1035/1035/1035
f 1034/1034/1034 1050/1050/1050 1032/1032/1032
f 1033/1033/1033 1049/1049/1049 1031/1031/1031
f 1031/1031/1031 1048/1048/1048 1030/1030/1030
f 1030/1030/1030 1047/1047/1047 1029/1029/1029
f 1047/1047/1047 1028/1028/1028 1029/1029/1029
f 1046/1046/1046 1027/1027/1027 1028/1028/1028
f 1026/1026/1026 1045/1045/1045 1044/1044/1044
f 1025/1025/1025 1044/1044/1044 1043/1043/1043
f 1024/1024/1024 1043/1043/1043 1042/1042/1042
f 1022/1022/1022 1042/1042/1042 1040/1040/1040
f 1023/1023/1023 1040/1040/1040 1041/1041/1041
f 1021/1021/1021 1023/1023/1023 1039/1039/1039
f 1038/1038/1038 1021/1021/1021 1039/1039/1039
f 1037/1037/1037 1019/1019/1019 1038/1038/1038
f 1036/1036/1036 1016/1016/1016 1037/1037/1037
f 1035/1035/1035 1017/1017/1017 1036/1036/1036
f 1034/1034/1034 1017/1017/1017 1035/1035/1035
f 1032/1032/1032 1013/1013/1013 1034/1034/1034
f 1033/1033/1033 1013/1013/1013 1032/1032/1032
f 1011/1011/1011 1031/1031/1031 1009/1009/1009
f 1009/1009/1009 1030/1030/1030 1007/1007/1007
f 1007/1007/1007 1029/1029/1029 1005/1005/1005
f 1029/1029/1029 1003/1003/1003 1005/1005/1005
f 1028/1028/1028 1001/1001/1001 1003/1003/1003
f 1027/1027/1027 997/997/997 1001/1001/1001
f 995/995/995 1026/1026/1026 1025/1025/1025
f 993/993/993 1025/1025/1025 1024/1024/1024
f 990/990/990 1024/1024/1024 1022/1022/1022
f 991/991/991 1022/1022/1022 1023/1023/1023
f 1020/1020/1020 991/991/991 1021/1021/1021
f 1019/1019/1019 1020/1020/1020 1021/1021/1021
f 1016/1016/1016 1018/1018/1018 1019/1019/1019
f 1017/1017/1017 1015/1015/1015 1016/1016/1016
f 1014/1014/1014 1013/1013/1013 1012/1012/1012
f 1012/1012/1012 1011/1011/1011 1010/1010/1010
f 1010/1010/1010 1009/1009/1009 1008/1008/1008
f 1008/1008/1008 1007/1007/1007 1006/1006/1006
f 1006/1006/1006 1005/1005/1005 1004/1004/1004
f 1005/1005/1005 1002/1002/1002 1004/1004/1004
f 1003/1003/1003 1000/1000/1000 1002/1002/1002
f 1001/1001/1001 999/999/999 1000/1000/1000
f 998/998/998 997/997/997 995/995/995
f 996/996/996 995/995/995 993/993/993
f 994/994/994 993/993/993 990/990/990
f 992/992/992 990/990/990 991/991/991
f 988/988/988 974/974/974 989/989/989
f 968/968/968 988/988/988 987/987/987
f 988/988/988 968/968/968 970/970/970
f 986/986/986 968/968/968 987/987/987
f 985/985/985 966/966/966 986/986/986
f 984/984/984 964/964/964 985/985/985
f 983/983/983 962/962/962 984/984/984
f 981/981/981 960/960/960 983/983/983
f 982/982/982 957/957/957 981/981/981
f 958/958/958 980/980/980 954/954/954
f 980/980/980 952/952/952 954/954/954
f 979/979/979 951/951/951 952/952/952
f 978/978/978 950/950/950 951/951/951
f 977/977/977 949/949/949 950/950/950
f 976/976/976 948/948/948 949/949/949
f 975/975/975 945/945/945 948/948/948
f 1255/1255/1255 1231/1231/1231 1235/1235/1235
f 1232/1232/1232 1254/1254/1254 1251/1251/1251
f 1217/1217/1217 1236/1236/1236 1215/1215/1215
f 1236/1236/1236 1213/1213/1213 1215/1215/1215
f 1234/1234/1234 1209/1209/1209 1213/1213/1213
f 1207/1207/1207 1233/1233/1233 1230/1230/1230
f 1197/1197/1197 1216/1216/1216 1194/1194/1194
f 1194/1194/1194 1214/1214/1214 1192/1192/1192
f 1214/1214/1214 1190/1190/1190 1192/1192/1192
f 1212/1212/1212 1186/1186/1186 1190/1190/1190
f 1184/1184/1184 1211/1211/1211 1210/1210/1210
f 1182/1182/1182 1210/1210/1210 1206/1206/1206
f 1173/1173/1173 1193/1193/1193 1170/1170/1170
f 1193/1193/1193 1173/1173/1173 1195/1195/1195
f 1210/1210/1210 1182/1182/1182 1184/1184/1184
f 1211/1211/1211 1184/1184/1184 1186/1186/1186
f 1186/1186/1186 1212/1212/1212 1211/1211/1211
f 1190/1190/1190 1214/1214/1214 1212/1212/1212
f 1214/1214/1214 1194/1194/1194 1216/1216/1216
f 1216/1216/1216 1197/1197/1197 1218/1218/1218
f 1233/1233/1233 1207/1207/1207 1209/1209/1209
f 1209/1209/1209 1234/1234/1234 1233/1233/1233
f 1213/1213/1213 1236/1236/1236 1234/1234/1234
f 1236/1236/1236 1217/1217/1217 1238/1238/1238
f 1254/1254/1254 1232/1232/1232 1231/1231/1231
f 1231/1231/1231 1255/1255/1255 1254/1254/1254
f 1235/1235/1235 1257/1257/1257 1255/1255/1255
f 1032/1032/1032 1074/1074/1074 1033/1033/1033
f 1252/1252/1252 1274/1274/1274 1273/1273/1273
f 1256/1256/1256 1276/1276/1276 1274/1274/1274
f 1292/1292/1292 1293/1293/1293 1291/1291/1291
f 1275/1275/1275 1295/1295/1295 1293/1293/1293
f 1307/1307/1307 1286/1286/1286 1288/1288/1288
f 1310/1310/1310 1288/1288/1288 1289/1289/1289
f 1315/1315/1315 1289/1289/1289 1290/1290/1290
f 1316/1316/1316 1290/1290/1290 1368/1368/1368
f 1368/1368/1368 1317/1317/1317 1316/1316/1316
f 1294/1294/1294 1320/1320/1320 1317/1317/1317
f 1320/1320/1320 1297/1297/1297 1323/1323/1323
f 1323/1323/1323 1298/1298/1298 1325/1325/1325
f 1325/1325/1325 1299/1299/1299 1326/1326/1326
f 1326/1326/1326 1300/1300/1300 1330/1330/1330
f 1300/1300/1300 1326/1326/1326 1299/1299/1299
f 1299/1299/1299 1325/1325/1325 1298/1298/1298
f 1298/1298/1298 1323/1323/1323 1297/1297/1297
f 992/992/992 989/989/989 974/974/974
f 1074/1074/1074 1032/1032/1032 1050/1050/1050
f 1075/1075/1075 1035/1035/1035 1051/1051/1051
f 1060/1060/1060 1041/1041/1041 1040/1040/1040
f 1062/1062/1062 1040/1040/1040 1042/1042/1042
f 1064/1064/1064 1042/1042/1042 1043/1043/1043
f 1066/1066/1066 1043/1043/1043 1044/1044/1044
f 1067/1067/1067 1044/1044/1044 1045/1045/1045
f 1045/1045/1045 1068/1068/1068 1067/1067/1067
f 1046/1046/1046 1070/1070/1070 1068/1068/1068
f 1076/1076/1076 1052/1052/1052 1079/1079/1079
f 1079/1079/1079 1054/1054/1054 1081/1081/1081
f 1053/1053/1053 1081/1081/1081 1054/1054/1054
f 900/900/900 924/924/924 922/922/922
f 1366/1366/1366 926/926/926 924/924/924
f 905/905/905 928/928/928 926/926/926
f 907/907/907 930/930/930 928/928/928
f 909/909/909 932/932/932 930/930/930
f 921/921/921 920/920/920 902/902/902
f 935/935/935 953/953/953 934/934/934
f 936/936/936 955/955/955 935/935/935
f 937/937/937 956/956/956 936/936/936
f 938/938/938 959/959/959 937/937/937
f 939/939/939 961/961/961 938/938/938
f 940/940/940 963/963/963 939/939/939
f 941/941/941 965/965/965 940/940/940
f 1367/1367/1367 967/967/967 941/941/941
f 944/944/944 946/946/946 971/971/971
f 944/944/944 969/969/969 1367/1367/1367
f 973/973/973 970/970/970 947/947/947
f 994/994/994 974/974/974 972/972/972
f 996/996/996 972/972/972 975/975/975
f 975/975/975 998/998/998 996/996/996
f 976/976/976 999/999/999 998/998/998
f 977/977/977 1000/1000/1000 999/999/999
f 978/978/978 1002/1002/1002 1000/1000/1000
f 979/979/979 1004/1004/1004 1002/1002/1002
f 1004/1004/1004 982/982/982 1006/1006/1006
f 1006/1006/1006 981/981/981 1008/1008/1008
f 1008/1008/1008 983/983/983 1010/1010/1010
f 984/984/984 1010/1010/1010 983/983/983
f 985/985/985 1012/1012/1012 984/984/984
f 986/986/986 1014/1014/1014 985/985/985
f 730/730/730 728/728/728 729/729/729
f 987/987/987 1015/1015/1015 986/986/986
f 1055/1055/1055 1082/1082/1082 1053/1053/1053
f 1058/1058/1058 1055/1055/1055 1041/1041/1041
f 1091/1091/1091 1057/1057/1057 1056/1056/1056
f 1093/1093/1093 1056/1056/1056 1059/1059/1059
f 1095/1095/1095 1059/1059/1059 1061/1061/1061
f 1097/1097/1097 1061/1061/1061 1063/1063/1063
f 1098/1098/1098 1063/1063/1063 1065/1065/1065
f 1065/1065/1065 1099/1099/1099 1098/1098/1098
f 1086/1086/1086 1107/1107/1107 1083/1083/1083
f 1089/1089/1089 1086/1086/1086 1057/1057/1057
f 1117/1117/1117 1087/1087/1087 1090/1090/1090
f 1119/1119/1119 1090/1090/1090 1092/1092/1092
f 1121/1121/1121 1092/1092/1092 1094/1094/1094
f 1122/1122/1122 1094/1094/1094 1096/1096/1096
f 1096/1096/1096 1123/1123/1123 1122/1122/1122
f 1141/1141/1141 1116/1116/1116 1118/1118/1118
f 1142/1142/1142 1118/1118/1118 1120/1120/1120
f 1120/1120/1120 1143/1143/1143 1142/1142/1142
f 1159/1159/1159 1134/1134/1134 1136/1136/1136
f 1161/1161/1161 1136/1136/1136 1139/1139/1139
f 1163/1163/1163 1139/1139/1139 1138/1138/1138
f 1164/1164/1164 1138/1138/1138 1140/1140/1140
f 1140/1140/1140 1165/1165/1165 1164/1164/1164
f 1144/1144/1144 1167/1167/1167 1165/1165/1165
f 1167/1167/1167 1146/1146/1146 1169/1169/1169
f 1169/1169/1169 1147/1147/1147 1171/1171/1171
f 1185/1185/1185 1156/1156/1156 1158/1158/1158
f 1187/1187/1187 1158/1158/1158 1160/1160/1160
f 1188/1188/1188 1160/1160/1160 1162/1162/1162
f 1162/1162/1162 1189/1189/1189 1188/1188/1188
f 718/718/718 715/715/715 717/717/717
f 1166/1166/1166 1191/1191/1191 1189/1189/1189
f 1297/1297/1297 1320/1320/1320 1296/1296/1296
f 1320/1320/1320 1294/1294/1294 1296/1296/1296
f 1317/1317/1317 1368/1368/1368 1294/1294/1294
f 1290/1290/1290 1316/1316/1316 1315/1315/1315
f 1289/1289/1289 1315/1315/1315 1310/1310/1310
f 1288/1288/1288 1310/1310/1310 1307/1307/1307
f 1286/1286/1286 1307/1307/1307 1306/1306/1306
f 1295/1295/1295 1275/1275/1275 1277/1277/1277
f 1293/1293/1293 1292/1292/1292 1275/1275/1275
f 1276/1276/1276 1256/1256/1256 1258/1258/1258
f 1274/1274/1274 1252/1252/1252 1256/1256/1256
f 739/739/739 738/738/738 737/737/737
f 1240/1240/1240 1257/1257/1257 1237/1237/1237
f 1170/1170/1170 1191/1191/1191 1168/1168/1168
f 1191/1191/1191 1166/1166/1166 1168/1168/1168
f 1189/1189/1189 1162/1162/1162 1166/1166/1166
f 1160/1160/1160 1188/1188/1188 1187/1187/1187
f 1158/1158/1158 1187/1187/1187 1185/1185/1185
f 1156/1156/1156 1185/1185/1185 1181/1181/1181
f 1147/1147/1147 1169/1169/1169 1146/1146/1146
f 1146/1146/1146 1167/1167/1167 1145/1145/1145
f 1167/1167/1167 1144/1144/1144 1145/1145/1145
f 1165/1165/1165 1140/1140/1140 1144/1144/1144
f 1138/1138/1138 1164/1164/1164 1163/1163/1163
f 1139/1139/1139 1163/1163/1163 1161/1161/1161
f 1136/1136/1136 1161/1161/1161 1159/1159/1159
f 1134/1134/1134 1159/1159/1159 1155/1155/1155
f 1143/1143/1143 1120/1120/1120 1124/1124/1124
f 1118/1118/1118 1142/1142/1142 1141/1141/1141
f 1116/1116/1116 1141/1141/1141 1137/1137/1137
f 1123/1123/1123 1096/1096/1096 1100/1100/1100
f 1094/1094/1094 1122/1122/1122 1121/1121/1121
f 1092/1092/1092 1121/1121/1121 1119/1119/1119
f 1090/1090/1090 1119/1119/1119 1117/1117/1117
f 1087/1087/1087 1117/1117/1117 1113/1113/1113
f 1086/1086/1086 1089/1089/1089 1109/1109/1109
f 1107/1107/1107 1086/1086/1086 1109/1109/1109
f 1099/1099/1099 1065/1065/1065 1069/1069/1069
f 1063/1063/1063 1098/1098/1098 1097/1097/1097
f 1061/1061/1061 1097/1097/1097 1095/1095/1095
f 1059/1059/1059 1095/1095/1095 1093/1093/1093
f 1056/1056/1056 1093/1093/1093 1091/1091/1091
f 1057/1057/1057 1091/1091/1091 1089/1089/1089
f 1082/1082/1082 1055/1055/1055 1085/1085/1085
f 1055/1055/1055 1058/1058/1058 1085/1085/1085
f 1081/1081/1081 1053/1053/1053 1082/1082/1082
f 1054/1054/1054 1079/1079/1079 1052/1052/1052
f 1051/1051/1051 1076/1076/1076 1075/1075/1075
f 1052/1052/1052 1076/1076/1076 1051/1051/1051
f 1070/1070/1070 1046/1046/1046 1047/1047/1047
f 1068/1068/1068 1045/1045/1045 1046/1046/1046
f 1044/1044/1044 1067/1067/1067 1066/1066/1066
f 1043/1043/1043 1066/1066/1066 1064/1064/1064
f 1042/1042/1042 1064/1064/1064 1062/1062/1062
f 1040/1040/1040 1062/1062/1062 1060/1060/1060
f 1041/1041/1041 1060/1060/1060 1058/1058/1058
f 752/752/752 755/755/755 753/753/753
f 1035/1035/1035 1075/1075/1075 1034/1034/1034
f 973/973/973 972/972/972 974/974/974
f 973/973/973 945/945/945 972/972/972
f 970/970/970 971/971/971 947/947/947
f 971/971/971 970/970/970 969/969/969
f 968/968/968 969/969/969 970/970/970
f 966/966/966 967/967/967 968/968/968
f 964/964/964 965/965/965 966/966/966
f 962/962/962 963/963/963 964/964/964
f 960/960/960 961/961/961 962/962/962
f 957/957/957 959/959/959 960/960/960
f 958/958/958 956/956/956 957/957/957
f 955/955/955 954/954/954 953/953/953
f 953/953/953 933/933/933 934/934/934
f 953/953/953 952/952/952 933/933/933
f 952/952/952 931/931/931 933/933/933
f 951/951/951 929/929/929 931/931/931
f 950/950/950 927/927/927 929/929/929
f 949/949/949 925/925/925 927/927/927
f 948/948/948 923/923/923 925/925/925
f 946/946/946 945/945/945 947/947/947
f 946/946/946 923/923/923 945/945/945
f 921/921/921 944/944/944 942/942/942
f 944/944/944 921/921/921 943/943/943
f 918/918/918 942/942/942 941/941/941
f 942/942/942 918/918/918 920/920/920
f 940/940/940 918/918/918 941/941/941
f 939/939/939 917/917/917 940/940/940
f 938/938/938 916/916/916 939/939/939
f 937/937/937 915/915/915 938/938/938
f 936/936/936 914/914/914 937/937/937
f 935/935/935 912/912/912 936/936/936
f 934/934/934 913/913/913 935/935/935
f 932/932/932 934/934/934 933/933/933
f 932/932/932 911/911/911 934/934/934
f 933/933/933 930/930/930 932/932/932
f 931/931/931 928/928/928 930/930/930
f 929/929/929 926/926/926 928/928/928
f 927/927/927 924/924/924 926/926/926
f 925/925/925 922/922/922 924/924/924
f 902/902/902 922/922/922 921/921/921
f 922/922/922 902/902/902 900/900/900
f 923/923/923 921/921/921 922/922/922
f 919/919/919 902/902/902 920/920/920
f 895/895/895 919/919/919 918/918/918
f 919/919/919 895/895/895 898/898/898
f 917/917/917 895/895/895 918/918/918
f 916/916/916 896/896/896 917/917/917
f 915/915/915 892/892/892 916/916/916
f 914/914/914 891/891/891 915/915/915
f 912/912/912 890/890/890 914/914/914
f 913/913/913 889/889/889 912/912/912
f 888/888/888 911/911/911 887/887/887
f 911/911/911 885/885/885 887/887/887
f 908/908/908 910/910/910 909/909/909
f 908/908/908 885/885/885 910/910/910
f 909/909/909 906/906/906 908/908/908
f 907/907/907 904/904/904 906/906/906
f 905/905/905 903/903/903 904/904/904
f 903/903/903 875/875/875 877/877/877
f 903/903/903 900/900/900 875/875/875
f 901/901/901 900/900/900 902/902/902
f 901/901/901 875/875/875 900/900/900
f 897/897/897 899/899/899 898/898/898
f 895/895/895 897/897/897 898/898/898
f 896/896/896 894/894/894 895/895/895
f 865/865/865 893/893/893 892/892/892
f 893/893/893 865/865/865 867/867/867
f 891/891/891 865/865/865 892/892/892
f 890/890/890 862/862/862 891/891/891
f 889/889/889 863/863/863 890/890/890
f 888/888/888 858/858/858 889/889/889
f 888/888/888 886/886/886 859/859/859
f 886/886/886 888/888/888 887/887/887
f 887/887/887 884/884/884 886/886/886
f 885/885/885 882/882/882 884/884/884
f 883/883/883 880/880/880 882/882/882
f 881/881/881 878/878/878 880/880/880
f 879/879/879 876/876/876 878/878/878
f 877/877/877 874/874/874 876/876/876
f 875/875/875 873/873/873 874/874/874
f 870/870/870 872/872/872 871/871/871
f 869/869/869 870/870/870 871/871/871
f 867/867/867 868/868/868 869/869/869
f 865/865/865 866/866/866 867/867/867
f 862/862/862 864/864/864 865/865/865
f 863/863/863 861/861/861 862/862/862
f 828/828/828 860/860/860 858/858/858
f 860/860/860 828/828/828 831/831/831
f 859/859/859 828/828/828 858/858/858
f 829/829/829 857/857/857 825/825/825
f 855/855/855 857/857/857 856/856/856
f 855/855/855 825/825/825 857/857/857
f 856/856/856 853/853/853 855/855/855
f 854/854/854 851/851/851 853/853/853
f 852/852/852 849/849/849 851/851/851
f 850/850/850 847/847/847 849/849/849
f 848/848/848 845/845/845 847/847/847
f 846/846/846 844/844/844 845/845/845
f 841/841/841 842/842/842 843/843/843
f 842/842/842 841/841/841 840/840/840
f 839/839/839 840/840/840 841/841/841
f 837/837/837 838/838/838 839/839/839
f 835/835/835 836/836/836 837/837/837
f 833/833/833 834/834/834 835/835/835
f 831/831/831 832/832/832 833/833/833
f 828/828/828 830/830/830 831/831/831
f 829/829/829 827/827/827 828/828/828
f 826/826/826 825/825/825 824/824/824
f 825/825/825 822/822/822 824/824/824
f 823/823/823 820/820/820 822/822/822
f 821/821/821 818/818/818 820/820/820
f 819/819/819 816/816/816 818/818/818
f 817/817/817 814/814/814 816/816/816
f 815/815/815 812/812/812 814/814/814
f 813/813/813 811/811/811 812/812/812
f 810/810/810 809/809/809 778/778/778
f 806/806/806 807/807/807 808/808/808
f 804/804/804 805/805/805 806/806/806
f 802/802/802 803/803/803 804/804/804
f 800/800/800 801/801/801 802/802/802
f 798/798/798 799/799/799 800/800/800
f 795/795/795 797/797/797 798/798/798
f 796/796/796 794/794/794 795/795/795
f 793/793/793 792/792/792 791/791/791
f 792/792/792 789/789/789 791/791/791
f 790/790/790 787/787/787 789/789/789
f 788/788/788 785/785/785 787/787/787
f 786/786/786 783/783/783 785/785/785
f 784/784/784 781/781/781 783/783/783
f 782/782/782 779/779/779 781/781/781
f 780/780/780 778/778/778 779/779/779
f 777/777/777 776/776/776 745/745/745
f 773/773/773 774/774/774 775/775/775
f 771/771/771 772/772/772 773/773/773
f 769/769/769 770/770/770 771/771/771
f 767/767/767 768/768/768 769/769/769
f 765/765/765 766/766/766 767/767/767
f 762/762/762 764/764/764 765/765/765
f 763/763/763 761/761/761 762/762/762
f 1257/1257/1257 1240/1240/1240 1259/1259/1259
f 1988/1988/1988 2012/2012/2012 1989/1989/1989
f 1988/1988/1988 2011/2011/2011 2012/2012/2012
f 1988/1988/1988 2010/2010/2010 2011/2011/2011
f 1988/1988/1988 2009/2009/2009 2010/2010/2010
f 1988/1988/1988 2008/2008/2008 2009/2009/2009
f 1988/1988/1988 2007/2007/2007 2008/2008/2008
f 1988/1988/1988 2006/2006/2006 2007/2007/2007
f 1988/1988/1988 2005/2005/2005 2006/2006/2006
f 1988/1988/1988 2004/2004/2004 2005/2005/2005
f 1988/1988/1988 2003/2003/2003 2004/2004/2004
f 1988/1988/1988 2002/2002/2002 2003/2003/2003
f 1988/1988/1988 2001/2001/2001 2002/2002/2002
f 1988/1988/1988 2000/2000/2000 2001/2001/2001
f 1988/1988/1988 1999/1999/1999 2000/2000/2000
f 1988/1988/1988 1998/1998/1998 1999/1999/1999
f 1988/1988/1988 1997/1997/1997 1998/1998/1998
f 1988/1988/1988 1996/1996/1996 1997/1997/1997
f 1988/1988/1988 1995/1995/1995 1996/1996/1996
f 1988/1988/1988 1994/1994/1994 1995/1995/1995
f 1988/1988/1988 1993/1993/1993 1994/1994/1994
f 1988/1988/1988 1992/1992/1992 1993/1993/1993
f 1988/1988/1988 1991/1991/1991 1992/1992/1992
f 1988/1988/1988 1990/1990/1990 1991/1991/1991
f 1990/1990/1990 1988/1988/1988 1989/1989/1989
f 1816/1816/1816 1841/1841/1841 1815/1815/1815
f 1815/1815/1815 1839/1839/1839 1813/1813/1813
f 1813/1813/1813 1840/1840/1840 1814/1814/1814
f 1795/1795/1795 1837/1837/1837 1811/1811/1811
f 1811/1811/1811 1838/1838/1838 1812/1812/1812
f 1836/1836/1836 1812/1812/1812 1838/1838/1838
f 1835/1835/1835 1810/1810/1810 1836/1836/1836
f 1808/1808/1808 1835/1835/1835 1834/1834/1834
f 1807/1807/1807 1834/1834/1834 1833/1833/1833
f 1806/1806/1806 1833/1833/1833 1832/1832/1832
f 1806/1806/1806 1830/1830/1830 1805/1805/1805
f 1828/1828/1828 1831/1831/1831 1829/1829/1829
f 1826/1826/1826 1829/1829/1829 1827/1827/1827
f 1824/1824/1824 1827/1827/1827 1825/1825/1825
f 1823/1823/1823 1825/1825/1825 1821/1821/1821
f 1821/1821/1821 1822/1822/1822 1823/1823/1823
f 1819/1819/1819 1818/1818/1818 1822/1822/1822
f 1817/1817/1817 1818/1818/1818 1820/1820/1820
f 1817/1817/1817 1797/1797/1797 1798/1798/1798
f 1797/1797/1797 1815/1815/1815 1796/1796/1796
f 1796/1796/1796 1813/1813/1813 1794/1794/1794
f 1794/1794/1794 1814/1814/1814 1795/1795/1795
f 1769/1769/1769 1811/1811/1811 1792/1792/1792
f 1792/1792/1792 1812/1812/1812 1793/1793/1793
f 1810/1810/1810 1793/1793/1793 1812/1812/1812
f 1790/1790/1790 1810/1810/1810 1809/1809/1809
f 1789/1789/1789 1809/1809/1809 1808/1808/1808
f 1788/1788/1788 1808/1808/1808 1807/1807/1807
f 1787/1787/1787 1807/1807/1807 1806/1806/1806
f 1786/1786/1786 1806/1806/1806 1805/1805/1805
f 1784/1784/1784 1805/1805/1805 1804/1804/1804
f 1782/1782/1782 1804/1804/1804 1803/1803/1803
f 1780/1780/1780 1803/1803/1803 1802/1802/1802
f 1776/1776/1776 1802/1802/1802 1801/1801/1801
f 1801/1801/1801 1774/1774/1774 1776/1776/1776
f 1800/1800/1800 1775/1775/1775 1774/1774/1774
f 1799/1799/1799 1772/1772/1772 1775/1775/1775
f 1798/1798/1798 1771/1771/1771 1772/1772/1772
f 1771/1771/1771 1796/1796/1796 1770/1770/1770
f 1770/1770/1770 1794/1794/1794 1768/1768/1768
f 1768/1768/1768 1795/1795/1795 1769/1769/1769
f 1750/1750/1750 1792/1792/1792 1766/1766/1766
f 1766/1766/1766 1793/1793/1793 1767/1767/1767
f 1791/1791/1791 1767/1767/1767 1793/1793/1793
f 1764/1764/1764 1791/1791/1791 1790/1790/1790
f 1763/1763/1763 1790/1790/1790 1789/1789/1789
f 1762/1762/1762 1789/1789/1789 1788/1788/1788
f 1761/1761/1761 1788/1788/1788 1787/1787/1787
f 1761/1761/1761 1785/1785/1785 1760/1760/1760
f 1783/1783/1783 1786/1786/1786 1784/1784/1784
f 1781/1781/1781 1784/1784/1784 1782/1782/1782
f 1779/1779/1779 1782/1782/1782 1780/1780/1780
f 1778/1778/1778 1780/1780/1780 1776/1776/1776
f 1776/1776/1776 1777/1777/1777 1778/1778/1778
f 1774/1774/1774 1773/1773/1773 1777/1777/1777
f 1772/1772/1772 1773/1773/1773 1775/1775/1775
f 1772/1772/1772 1752/1752/1752 1753/1753/1753
f 1752/1752/1752 1770/1770/1770 1751/1751/1751
f 1751/1751/1751 1768/1768/1768 1749/1749/1749
f 1749/1749/1749 1769/1769/1769 1750/1750/1750
f 1731/1731/1731 1766/1766/1766 1747/1747/1747
f 1747/1747/1747 1767/1767/1767 1748/1748/1748
f 1765/1765/1765 1748/1748/1748 1767/1767/1767
f 1745/1745/1745 1765/1765/1765 1764/1764/1764
f 1744/1744/1744 1764/1764/1764 1763/1763/1763
f 1743/1743/1743 1763/1763/1763 1762/1762/1762
f 1742/1742/1742 1762/1762/1762 1761/1761/1761
f 1741/1741/1741 1761/1761/1761 1760/1760/1760
f 1740/1740/1740 1760/1760/1760 1759/1759/1759
f 1739/1739/1739 1759/1759/1759 1758/1758/1758
f 1738/1738/1738 1758/1758/1758 1757/1757/1757
f 1737/1737/1737 1757/1757/1757 1756/1756/1756
f 1756/1756/1756 1736/1736/1736 1737/1737/1737
f 1755/1755/1755 1735/1735/1735 1736/1736/1736
f 1754/1754/1754 1734/1734/1734 1735/1735/1735
f 1753/1753/1753 1733/1733/1733 1734/1734/1734
f 1733/1733/1733 1751/1751/1751 1732/1732/1732
f 1732/1732/1732 1749/1749/1749 1730/1730/1730
f 1730/1730/1730 1750/1750/1750 1731/1731/1731
f 1704/1704/1704 1747/1747/1747 1729/1729/1729
f 1729/1729/1729 1748/1748/1748 1728/1728/1728
f 1746/1746/1746 1728/1728/1728 1748/1748/1748
f 1726/1726/1726 1746/1746/1746 1745/1745/1745
f 1725/1725/1725 1745/1745/1745 1744/1744/1744
f 1723/1723/1723 1744/1744/1744 1743/1743/1743
f 1722/1722/1722 1743/1743/1743 1742/1742/1742
f 1720/1720/1720 1742/1742/1742 1741/1741/1741
f 1718/1718/1718 1741/1741/1741 1740/1740/1740
f 1716/1716/1716 1740/1740/1740 1739/1739/1739
f 1714/1714/1714 1739/1739/1739 1738/1738/1738
f 1710/1710/1710 1738/1738/1738 1737/1737/1737
f 1737/1737/1737 1711/1711/1711 1710/1710/1710
f 1736/1736/1736 1708/1708/1708 1711/1711/1711
f 1735/1735/1735 1707/1707/1707 1708/1708/1708
f 1734/1734/1734 1706/1706/1706 1707/1707/1707
f 1706/1706/1706 1732/1732/1732 1705/1705/1705
f 1705/1705/1705 1730/1730/1730 1703/1703/1703
f 1703/1703/1703 1731/1731/1731 1704/1704/1704
f 1671/1671/1671 1729/1729/1729 1701/1701/1701
f 1701/1701/1701 1728/1728/1728 1700/1700/1700
f 1698/1698/1698 1728/1728/1728 1727/1727/1727
f 1696/1696/1696 1727/1727/1727 1726/1726/1726
f 1724/1724/1724 1726/1726/1726 1725/1725/1725
f 1693/1693/1693 1725/1725/1725 1723/1723/1723
f 1693/1693/1693 1721/1721/1721 1692/1692/1692
f 1719/1719/1719 1722/1722/1722 1720/1720/1720
f 1717/1717/1717 1720/1720/1720 1718/1718/1718
f 1715/1715/1715 1718/1718/1718 1716/1716/1716
f 1713/1713/1713 1716/1716/1716 1714/1714/1714
f 1712/1712/1712 1714/1714/1714 1710/1710/1710
f 1710/1710/1710 1709/1709/1709 1712/1712/1712
f 1708/1708/1708 1709/1709/1709 1711/1711/1711
f 1708/1708/1708 1675/1675/1675 1677/1677/1677
f 1707/1707/1707 1673/1673/1673 1675/1675/1675
f 1706/1706/1706 1672/1672/1672 1673/1673/1673
f 1672/1672/1672 1703/1703/1703 1670/1670/1670
f 1670/1670/1670 1704/1704/1704 1671/1671/1671
f 1702/1702/1702 1701/1701/1701 1984/1984/1984
f 1701/1701/1701 1699/1699/1699 1984/1984/1984
f 1697/1697/1697 1700/1700/1700 1698/1698/1698
f 1695/1695/1695 1698/1698/1698 1696/1696/1696
f 1694/1694/1694 1696/1696/1696 1724/1724/1724
f 1693/1693/1693 1694/1694/1694 1724/1724/1724
f 1661/1661/1661 1693/1693/1693 1692/1692/1692
f 1662/1662/1662 1692/1692/1692 1983/1983/1983
f 1688/1688/1688 1691/1691/1691 1689/1689/1689
f 1686/1686/1686 1689/1689/1689 1687/1687/1687
f 1684/1684/1684 1687/1687/1687 1685/1685/1685
f 1683/1683/1683 1685/1685/1685 1681/1681/1681
f 1681/1681/1681 1682/1682/1682 1683/1683/1683
f 1679/1679/1679 1680/1680/1680 1682/1682/1682
f 1677/1677/1677 1678/1678/1678 1680/1680/1680
f 1675/1675/1675 1676/1676/1676 1678/1678/1678
f 1673/1673/1673 1674/1674/1674 1676/1676/1676
f 1672/1672/1672 1669/1669/1669 1674/1674/1674
f 1669/1669/1669 1671/1671/1671 1702/1702/1702
f 1628/1628/1628 1667/1667/1667 1645/1645/1645
f 1645/1645/1645 1668/1668/1668 1644/1644/1644
f 1666/1666/1666 1644/1644/1644 1668/1668/1668
f 1665/1665/1665 1643/1643/1643 1666/1666/1666
f 1664/1664/1664 1642/1642/1642 1665/1665/1665
f 1640/1640/1640 1664/1664/1664 1663/1663/1663
f 1639/1639/1639 1663/1663/1663 1661/1661/1661
f 1638/1638/1638 1662/1662/1662 1660/1660/1660
f 1637/1637/1637 1660/1660/1660 1659/1659/1659
f 1636/1636/1636 1659/1659/1659 1658/1658/1658
f 1635/1635/1635 1658/1658/1658 1657/1657/1657
f 1657/1657/1657 1634/1634/1634 1635/1635/1635
f 1656/1656/1656 1633/1633/1633 1634/1634/1634
f 1633/1633/1633 1655/1655/1655 1632/1632/1632
f 1653/1653/1653 1650/1650/1650 1655/1655/1655
f 1650/1650/1650 1652/1652/1652 1649/1649/1649
f 1648/1648/1648 1649/1649/1649 1652/1652/1652
f 1629/1629/1629 1646/1646/1646 1627/1627/1627
f 1627/1627/1627 1647/1647/1647 1628/1628/1628
f 1609/1609/1609 1645/1645/1645 1626/1626/1626
f 1644/1644/1644 1626/1626/1626 1645/1645/1645
f 1643/1643/1643 1625/1625/1625 1644/1644/1644
f 1642/1642/1642 1624/1624/1624 1643/1643/1643
f 1641/1641/1641 1623/1623/1623 1642/1642/1642
f 1621/1621/1621 1641/1641/1641 1640/1640/1640
f 1620/1620/1620 1640/1640/1640 1639/1639/1639
f 1619/1619/1619 1639/1639/1639 1638/1638/1638
f 1618/1618/1618 1638/1638/1638 1637/1637/1637
f 1617/1617/1617 1637/1637/1637 1636/1636/1636
f 1636/1636/1636 1616/1616/1616 1617/1617/1617
f 1635/1635/1635 1615/1615/1615 1616/1616/1616
f 1634/1634/1634 1614/1614/1614 1615/1615/1615
f 1633/1633/1633 1613/1613/1613 1614/1614/1614
f 1632/1632/1632 1612/1612/1612 1613/1613/1613
f 1612/1612/1612 1630/1630/1630 1611/1611/1611
f 1611/1611/1611 1629/1629/1629 1610/1610/1610
f 1610/1610/1610 1627/1627/1627 1608/1608/1608
f 1608/1608/1608 1628/1628/1628 1609/1609/1609
f 1626/1626/1626 1578/1578/1578 1609/1609/1609
f 1625/1625/1625 1607/1607/1607 1626/1626/1626
f 1624/1624/1624 1606/1606/1606 1625/1625/1625
f 1623/1623/1623 1604/1604/1604 1624/1624/1624
f 1622/1622/1622 1605/1605/1605 1623/1623/1623
f 1600/1600/1600 1622/1622/1622 1621/1621/1621
f 1598/1598/1598 1621/1621/1621 1620/1620/1620
f 1596/1596/1596 1620/1620/1620 1619/1619/1619
f 1592/1592/1592 1619/1619/1619 1618/1618/1618
f 1590/1590/1590 1618/1618/1618 1617/1617/1617
f 1617/1617/1617 1588/1588/1588 1590/1590/1590
f 1616/1616/1616 1586/1586/1586 1588/1588/1588
f 1615/1615/1615 1584/1584/1584 1586/1586/1586
f 1614/1614/1614 1585/1585/1585 1584/1584/1584
f 1613/1613/1613 1582/1582/1582 1585/1585/1585
f 1582/1582/1582 1611/1611/1611 1581/1581/1581
f 1581/1581/1581 1610/1610/1610 1579/1579/1579
f 1579/1579/1579 1608/1608/1608 1580/1580/1580
f 1580/1580/1580 1609/1609/1609 1578/1578/1578
f 1607/1607/1607 1559/1559/1559 1578/1578/1578
f 1606/1606/1606 1577/1577/1577 1607/1607/1607
f 1604/1604/1604 1576/1576/1576 1606/1606/1606
f 1575/1575/1575 1603/1603/1603 1574/1574/1574
f 1602/1602/1602 1603/1603/1603 1605/1605/1605
f 1599/1599/1599 1602/1602/1602 1600/1600/1600
f 1597/1597/1597 1600/1600/1600 1598/1598/1598
f 1595/1595/1595 1598/1598/1598 1596/1596/1596
f 1594/1594/1594 1596/1596/1596 1592/1592/1592
f 1592/1592/1592 1593/1593/1593 1594/1594/1594
f 1590/1590/1590 1591/1591/1591 1593/1593/1593
f 1588/1588/1588 1589/1589/1589 1591/1591/1591
f 1586/1586/1586 1587/1587/1587 1589/1589/1589
f 1584/1584/1584 1583/1583/1583 1587/1587/1587
f 1582/1582/1582 1583/1583/1583 1585/1585/1585
f 1563/1563/1563 1581/1581/1581 1562/1562/1562
f 1562/1562/1562 1579/1579/1579 1560/1560/1560
f 1560/1560/1560 1580/1580/1580 1561/1561/1561
f 1578/1578/1578 1561/1561/1561 1580/1580/1580
f 1577/1577/1577 1541/1541/1541 1559/1559/1559
f 1576/1576/1576 1558/1558/1558 1577/1577/1577
f 1575/1575/1575 1557/1557/1557 1576/1576/1576
f 1574/1574/1574 1556/1556/1556 1575/1575/1575
f 1573/1573/1573 1555/1555/1555 1574/1574/1574
f 1553/1553/1553 1573/1573/1573 1572/1572/1572
f 1552/1552/1552 1572/1572/1572 1571/1571/1571
f 1551/1551/1551 1571/1571/1571 1570/1570/1570
f 1550/1550/1550 1570/1570/1570 1569/1569/1569
f 1569/1569/1569 1549/1549/1549 1550/1550/1550
f 1568/1568/1568 1548/1548/1548 1549/1549/1549
f 1567/1567/1567 1547/1547/1547 1548/1548/1548
f 1566/1566/1566 1546/1546/1546 1547/1547/1547
f 1565/1565/1565 1545/1545/1545 1546/1546/1546
f 1564/1564/1564 1544/1544/1544 1545/1545/1545
f 1544/1544/1544 1562/1562/1562 1543/1543/1543
f 1543/1543/1543 1560/1560/1560 1542/1542/1542
f 1542/1542/1542 1561/1561/1561 1540/1540/1540
f 1559/1559/1559 1540/1540/1540 1561/1561/1561
f 1558/1558/1558 1522/1522/1522 1541/1541/1541
f 1557/1557/1557 1539/1539/1539 1558/1558/1558
f 1556/1556/1556 1538/1538/1538 1557/1557/1557
f 1555/1555/1555 1537/1537/1537 1556/1556/1556
f 1554/1554/1554 1536/1536/1536 1555/1555/1555
f 1534/1534/1534 1554/1554/1554 1553/1553/1553
f 1533/1533/1533 1553/1553/1553 1552/1552/1552
f 1532/1532/1532 1552/1552/1552 1551/1551/1551
f 1531/1531/1531 1551/1551/1551 1550/1550/1550
f 1550/1550/1550 1530/1530/1530 1531/1531/1531
f 1549/1549/1549 1529/1529/1529 1530/1530/1530
f 1548/1548/1548 1528/1528/1528 1529/1529/1529
f 1547/1547/1547 1527/1527/1527 1528/1528/1528
f 1546/1546/1546 1526/1526/1526 1527/1527/1527
f 1545/1545/1545 1525/1525/1525 1526/1526/1526
f 1525/1525/1525 1543/1543/1543 1524/1524/1524
f 1524/1524/1524 1542/1542/1542 1523/1523/1523
f 1523/1523/1523 1540/1540/1540 1521/1521/1521
f 1521/1521/1521 1541/1541/1541 1522/1522/1522
f 1539/1539/1539 1503/1503/1503 1522/1522/1522
f 1538/1538/1538 1520/1520/1520 1539/1539/1539
f 1537/1537/1537 1518/1518/1518 1538/1538/1538
f 1536/1536/1536 1519/1519/1519 1537/1537/1537
f 1535/1535/1535 1517/1517/1517 1536/1536/1536
f 1515/1515/1515 1535/1535/1535 1534/1534/1534
f 1514/1514/1514 1534/1534/1534 1533/1533/1533
f 1513/1513/1513 1533/1533/1533 1532/1532/1532
f 1512/1512/1512 1532/1532/1532 1531/1531/1531
f 1511/1511/1511 1531/1531/1531 1530/1530/1530
f 1530/1530/1530 1510/1510/1510 1511/1511/1511
f 1529/1529/1529 1509/1509/1509 1510/1510/1510
f 1528/1528/1528 1508/1508/1508 1509/1509/1509
f 1527/1527/1527 1507/1507/1507 1508/1508/1508
f 1507/1507/1507 1525/1525/1525 1506/1506/1506
f 1506/1506/1506 1524/1524/1524 1505/1505/1505
f 1505/1505/1505 1523/1523/1523 1504/1504/1504
f 1504/1504/1504 1521/1521/1521 1502/1502/1502
f 1502/1502/1502 1522/1522/1522 1503/1503/1503
f 1472/1472/1472 1520/1520/1520 1500/1500/1500
f 1500/1500/1500 1518/1518/1518 1498/1498/1498
f 1498/1498/1498 1519/1519/1519 1496/1496/1496
f 1517/1517/1517 1496/1496/1496 1519/1519/1519
f 1516/1516/1516 1494/1494/1494 1517/1517/1517
f 1489/1489/1489 1516/1516/1516 1515/1515/1515
f 1487/1487/1487 1515/1515/1515 1514/1514/1514
f 1488/1488/1488 1514/1514/1514 1513/1513/1513
f 1485/1485/1485 1513/1513/1513 1512/1512/1512
f 1484/1484/1484 1512/1512/1512 1511/1511/1511
f 1483/1483/1483 1511/1511/1511 1510/1510/1510
f 1482/1482/1482 1510/1510/1510 1509/1509/1509
f 1481/1481/1481 1509/1509/1509 1508/1508/1508
f 1508/1508/1508 1479/1479/1479 1481/1481/1481
f 1479/1479/1479 1506/1506/1506 1480/1480/1480
f 1480/1480/1480 1505/1505/1505 1476/1476/1476
f 1476/1476/1476 1504/1504/1504 1474/1474/1474
f 1474/1474/1474 1502/1502/1502 1471/1471/1471
f 1471/1471/1471 1503/1503/1503 1472/1472/1472
f 1501/1501/1501 1500/1500/1500 1499/1499/1499
f 1499/1499/1499 1498/1498/1498 1497/1497/1497
f 1497/1497/1497 1496/1496/1496 1495/1495/1495
f 1495/1495/1495 1494/1494/1494 1493/1493/1493
f 1493/1493/1493 1491/1491/1491 1982/1982/1982
f 1491/1491/1491 1492/1492/1492 1982/1982/1982
f 1489/1489/1489 1490/1490/1490 1492/1492/1492
f 1487/1487/1487 1486/1486/1486 1490/1490/1490
f 1485/1485/1485 1486/1486/1486 1488/1488/1488
f 1460/1460/1460 1485/1485/1485 1484/1484/1484
f 1459/1459/1459 1484/1484/1484 1483/1483/1483
f 1458/1458/1458 1483/1483/1483 1482/1482/1482
f 1457/1457/1457 1482/1482/1482 1481/1481/1481
f 1478/1478/1478 1481/1481/1481 1479/1479/1479
f 1478/1478/1478 1477/1477/1477 1455/1455/1455
f 1476/1476/1476 1477/1477/1477 1480/1480/1480
f 1474/1474/1474 1475/1475/1475 1476/1476/1476
f 1473/1473/1473 1471/1471/1471 1470/1470/1470
f 1470/1470/1470 1472/1472/1472 1501/1501/1501
f 1433/1433/1433 1469/1469/1469 1450/1450/1450
f 1450/1450/1450 1468/1468/1468 1449/1449/1449
f 1449/1449/1449 1467/1467/1467 1448/1448/1448
f 1448/1448/1448 1466/1466/1466 1447/1447/1447
f 1447/1447/1447 1465/1465/1465 1446/1446/1446
f 1465/1465/1465 1445/1445/1445 1446/1446/1446
f 1464/1464/1464 1444/1444/1444 1445/1445/1445
f 1463/1463/1463 1443/1443/1443 1444/1444/1444
f 1442/1442/1442 1462/1462/1462 1461/1461/1461
f 1441/1441/1441 1461/1461/1461 1460/1460/1460
f 1440/1440/1440 1460/1460/1460 1459/1459/1459
f 1439/1439/1439 1459/1459/1459 1458/1458/1458
f 1438/1438/1438 1458/1458/1458 1457/1457/1457
f 1456/1456/1456 1457/1457/1457 1478/1478/1478
f 1455/1455/1455 1456/1456/1456 1478/1478/1478
f 1454/1454/1454 1436/1436/1436 1455/1455/1455
f 1453/1453/1453 1435/1435/1435 1454/1454/1454
f 1434/1434/1434 1451/1451/1451 1432/1432/1432
f 1432/1432/1432 1452/1452/1452 1433/1433/1433
f 1397/1397/1397 1450/1450/1450 1430/1430/1430
f 1430/1430/1430 1449/1449/1449 1428/1428/1428
f 1428/1428/1428 1448/1448/1448 1426/1426/1426
f 1426/1426/1426 1447/1447/1447 1424/1424/1424
f 1424/1424/1424 1446/1446/1446 1421/1421/1421
f 1446/1446/1446 1419/1419/1419 1421/1421/1421
f 1445/1445/1445 1420/1420/1420 1419/1419/1419
f 1444/1444/1444 1416/1416/1416 1420/1420/1420
f 1414/1414/1414 1443/1443/1443 1442/1442/1442
f 1412/1412/1412 1442/1442/1442 1441/1441/1441
f 1410/1410/1410 1441/1441/1441 1440/1440/1440
f 1408/1408/1408 1440/1440/1440 1439/1439/1439
f 1406/1406/1406 1439/1439/1439 1438/1438/1438
f 1437/1437/1437 1438/1438/1438 1456/1456/1456
f 1436/1436/1436 1437/1437/1437 1456/1456/1456
f 1435/1435/1435 1403/1403/1403 1436/1436/1436
f 1434/1434/1434 1401/1401/1401 1435/1435/1435
f 1432/1432/1432 1399/1399/1399 1434/1434/1434
f 1396/1396/1396 1433/1433/1433 1397/1397/1397
f 1431/1431/1431 1430/1430/1430 1429/1429/1429
f 1429/1429/1429 1428/1428/1428 1427/1427/1427
f 1427/1427/1427 1426/1426/1426 1425/1425/1425
f 1425/1425/1425 1424/1424/1424 1423/1423/1423
f 1423/1423/1423 1421/1421/1421 1975/1975/1975
f 1421/1421/1421 1422/1422/1422 1975/1975/1975
f 1419/1419/1419 1417/1417/1417 1422/1422/1422
f 1416/1416/1416 1417/1417/1417 1420/1420/1420
f 1413/1413/1413 1416/1416/1416 1414/1414/1414
f 1413/1413/1413 1411/1411/1411 1973/1973/1973
f 1409/1409/1409 1412/1412/1412 1410/1410/1410
f 1407/1407/1407 1410/1410/1410 1408/1408/1408
f 1405/1405/1405 1408/1408/1408 1406/1406/1406
f 1404/1404/1404 1406/1406/1406 1437/1437/1437
f 1403/1403/1403 1404/1404/1404 1437/1437/1437
f 1401/1401/1401 1402/1402/1402 1403/1403/1403
f 1399/1399/1399 1400/1400/1400 1401/1401/1401
f 1396/1396/1396 1398/1398/1398 1399/1399/1399
f 1395/1395/1395 1397/1397/1397 1431/1431/1431
f 1397/1397/1397 1395/1395/1395 1396/1396/1396
f 1398/1398/1398 1396/1396/1396 1395/1395/1395
f 1400/1400/1400 1399/1399/1399 1398/1398/1398
f 1402/1402/1402 1401/1401/1401 1400/1400/1400
f 1404/1404/1404 1403/1403/1403 1402/1402/1402
f 1406/1406/1406 1404/1404/1404 1405/1405/1405
f 1408/1408/1408 1405/1405/1405 1407/1407/1407
f 1410/1410/1410 1407/1407/1407 1409/1409/1409
f 1412/1412/1412 1409/1409/1409 1411/1411/1411
f 1411/1411/1411 1413/1413/1413 1414/1414/1414
f 1411/1411/1411 1414/1414/1414 1412/1412/1412
f 1416/1416/1416 1413/1413/1413 1415/1415/1415
f 1417/1417/1417 1416/1416/1416 1415/1415/1415
f 1417/1417/1417 1415/1415/1415 1418/1418/1418
f 1417/1417/1417 1419/1419/1419 1420/1420/1420
f 1422/1422/1422 1421/1421/1421 1419/1419/1419
f 1421/1421/1421 1423/1423/1423 1424/1424/1424
f 1424/1424/1424 1425/1425/1425 1426/1426/1426
f 1426/1426/1426 1427/1427/1427 1428/1428/1428
f 1428/1428/1428 1429/1429/1429 1430/1430/1430
f 1430/1430/1430 1431/1431/1431 1397/1397/1397
f 1433/1433/1433 1396/1396/1396 1432/1432/1432
f 1399/1399/1399 1432/1432/1432 1396/1396/1396
f 1401/1401/1401 1434/1434/1434 1399/1399/1399
f 1817/1817/1817 1842/1842/1842 1816/1816/1816
f 1844/1844/1844 1817/1817/1817 1820/1820/1820
f 1844/1844/1844 1845/1845/1845 1847/1847/1847
f 1846/1846/1846 1845/1845/1845 1848/1848/1848
f 1848/1848/1848 1850/1850/1850 1846/1846/1846
f 1849/1849/1849 1852/1852/1852 1850/1850/1850
f 1851/1851/1851 1854/1854/1854 1852/1852/1852
f 1831/1831/1831 1853/1853/1853 1829/1829/1829
f 1831/1831/1831 1856/1856/1856 1855/1855/1855
f 1832/1832/1832 1857/1857/1857 1856/1856/1856
f 1833/1833/1833 1858/1858/1858 1857/1857/1857
f 1834/1834/1834 1859/1859/1859 1858/1858/1858
f 1859/1859/1859 1836/1836/1836 1860/1860/1860
f 1860/1860/1860 1838/1838/1838 1862/1862/1862
f 1837/1837/1837 1862/1862/1862 1838/1838/1838
f 1814/1814/1814 1861/1861/1861 1837/1837/1837
f 1839/1839/1839 1864/1864/1864 1840/1840/1840
f 1841/1841/1841 1863/1863/1863 1839/1839/1839
f 1842/1842/1842 1865/1865/1865 1841/1841/1841
f 1843/1843/1843 1866/1866/1866 1842/1842/1842
f 1868/1868/1868 1843/1843/1843 1844/1844/1844
f 1869/1869/1869 1844/1844/1844 1847/1847/1847
f 1870/1870/1870 1847/1847/1847 1846/1846/1846
f 1846/1846/1846 1871/1871/1871 1870/1870/1870
f 1850/1850/1850 1872/1872/1872 1871/1871/1871
f 1852/1852/1852 1873/1873/1873 1872/1872/1872
f 1854/1854/1854 1874/1874/1874 1873/1873/1873
f 1855/1855/1855 1875/1875/1875 1874/1874/1874
f 1856/1856/1856 1876/1876/1876 1875/1875/1875
f 1857/1857/1857 1877/1877/1877 1876/1876/1876
f 1858/1858/1858 1878/1878/1878 1877/1877/1877
f 1878/1878/1878 1860/1860/1860 1879/1879/1879
f 1879/1879/1879 1862/1862/1862 1881/1881/1881
f 1861/1861/1861 1881/1881/1881 1862/1862/1862
f 1840/1840/1840 1880/1880/1880 1861/1861/1861
f 1863/1863/1863 1883/1883/1883 1864/1864/1864
f 1865/1865/1865 1882/1882/1882 1863/1863/1863
f 1866/1866/1866 1884/1884/1884 1865/1865/1865
f 1867/1867/1867 1885/1885/1885 1866/1866/1866
f 1887/1887/1887 1867/1867/1867 1868/1868/1868
f 1888/1888/1888 1868/1868/1868 1869/1869/1869
f 1889/1889/1889 1869/1869/1869 1870/1870/1870
f 1870/1870/1870 1890/1890/1890 1889/1889/1889
f 1871/1871/1871 1891/1891/1891 1890/1890/1890
f 1872/1872/1872 1892/1892/1892 1891/1891/1891
f 1873/1873/1873 1893/1893/1893 1892/1892/1892
f 1874/1874/1874 1894/1894/1894 1893/1893/1893
f 1875/1875/1875 1895/1895/1895 1894/1894/1894
f 1876/1876/1876 1896/1896/1896 1895/1895/1895
f 1877/1877/1877 1897/1897/1897 1896/1896/1896
f 1897/1897/1897 1879/1879/1879 1898/1898/1898
f 1898/1898/1898 1881/1881/1881 1900/1900/1900
f 1880/1880/1880 1900/1900/1900 1881/1881/1881
f 1864/1864/1864 1899/1899/1899 1880/1880/1880
f 1882/1882/1882 1902/1902/1902 1883/1883/1883
f 1884/1884/1884 1901/1901/1901 1882/1882/1882
f 1885/1885/1885 1903/1903/1903 1884/1884/1884
f 1886/1886/1886 1904/1904/1904 1885/1885/1885
f 1906/1906/1906 1886/1886/1886 1887/1887/1887
f 1907/1907/1907 1887/1887/1887 1888/1888/1888
f 1908/1908/1908 1888/1888/1888 1889/1889/1889
f 1889/1889/1889 1909/1909/1909 1908/1908/1908
f 1890/1890/1890 1910/1910/1910 1909/1909/1909
f 1891/1891/1891 1911/1911/1911 1910/1910/1910
f 1892/1892/1892 1912/1912/1912 1911/1911/1911
f 1893/1893/1893 1913/1913/1913 1912/1912/1912
f 1894/1894/1894 1914/1914/1914 1913/1913/1913
f 1895/1895/1895 1915/1915/1915 1914/1914/1914
f 1915/1915/1915 1897/1897/1897 1916/1916/1916
f 1916/1916/1916 1898/1898/1898 1917/1917/1917
f 1917/1917/1917 1900/1900/1900 1919/1919/1919
f 1899/1899/1899 1919/1919/1919 1900/1900/1900
f 1883/1883/1883 1918/1918/1918 1899/1899/1899
f 1901/1901/1901 1921/1921/1921 1902/1902/1902
f 1903/1903/1903 1920/1920/1920 1901/1901/1901
f 1904/1904/1904 1922/1922/1922 1903/1903/1903
f 1905/1905/1905 1923/1923/1923 1904/1904/1904
f 1925/1925/1925 1905/1905/1905 1906/1906/1906
f 1926/1926/1926 1906/1906/1906 1907/1907/1907
f 1927/1927/1927 1907/1907/1907 1908/1908/1908
f 1908/1908/1908 1928/1928/1928 1927/1927/1927
f 1909/1909/1909 1929/1929/1929 1928/1928/1928
f 1910/1910/1910 1930/1930/1930 1929/1929/1929
f 1911/1911/1911 1931/1931/1931 1930/1930/1930
f 1912/1912/1912 1932/1932/1932 1931/1931/1931
f 1913/1913/1913 1933/1933/1933 1932/1932/1932
f 1914/1914/1914 1934/1934/1934 1933/1933/1933
f 1934/1934/1934 1916/1916/1916 1935/1935/1935
f 1935/1935/1935 1917/1917/1917 1936/1936/1936
f 1936/1936/1936 1919/1919/1919 1938/1938/1938
f 1918/1918/1918 1938/1938/1938 1919/1919/1919
f 1902/1902/1902 1937/1937/1937 1918/1918/1918
f 1920/1920/1920 1940/1940/1940 1921/1921/1921
f 1922/1922/1922 1939/1939/1939 1920/1920/1920
f 1923/1923/1923 1942/1942/1942 1922/1922/1922
f 1924/1924/1924 1943/1943/1943 1923/1923/1923
f 1925/1925/1925 1944/1944/1944 1924/1924/1924
f 1947/1947/1947 1925/1925/1925 1926/1926/1926
f 1948/1948/1948 1926/1926/1926 1927/1927/1927
f 1927/1927/1927 1950/1950/1950 1948/1948/1948
f 1928/1928/1928 1951/1951/1951 1949/1949/1949
f 1929/1929/1929 1952/1952/1952 1951/1951/1951
f 1930/1930/1930 1953/1953/1953 1952/1952/1952
f 1931/1931/1931 1954/1954/1954 1953/1953/1953
f 1932/1932/1932 1956/1956/1956 1954/1954/1954
f 1933/1933/1933 1957/1957/1957 1955/1955/1955
f 1957/1957/1957 1935/1935/1935 1987/1987/1987
f 1935/1935/1935 1958/1958/1958 1987/1987/1987
f 1938/1938/1938 1959/1959/1959 1936/1936/1936
f 1937/1937/1937 1960/1960/1960 1938/1938/1938
f 1921/1921/1921 1961/1961/1961 1937/1937/1937
f 1962/1962/1962 1431/1431/1431 1981/1981/1981
f 1395/1395/1395 1964/1964/1964 1398/1398/1398
f 1965/1965/1965 1398/1398/1398 1964/1964/1964
f 1400/1400/1400 1966/1966/1966 1402/1402/1402
f 1404/1404/1404 1967/1967/1967 1968/1968/1968
f 1968/1968/1968 1405/1405/1405 1404/1404/1404
f 1969/1969/1969 1407/1407/1407 1405/1405/1405
f 1409/1409/1409 1971/1971/1971 1972/1972/1972
f 1972/1972/1972 1411/1411/1411 1409/1409/1409
f 1422/1422/1422 1974/1974/1974 1976/1976/1976
f 1975/1975/1975 1976/1976/1976 1986/1986/1986
f 1977/1977/1977 1975/1975/1975 1986/1986/1986
f 1425/1425/1425 1978/1978/1978 1985/1985/1985
f 1979/1979/1979 1425/1425/1425 1985/1985/1985
f 1980/1980/1980 1427/1427/1427 1979/1979/1979
f 1981/1981/1981 1429/1429/1429 1980/1980/1980
f 1451/1451/1451 1501/1501/1501 1452/1452/1452
f 1453/1453/1453 1470/1470/1470 1451/1451/1451
f 1473/1473/1473 1454/1454/1454 1475/1475/1475
f 1475/1475/1475 1455/1455/1455 1477/1477/1477
f 1490/1490/1490 1462/1462/1462 1463/1463/1463
f 1492/1492/1492 1463/1463/1463 1464/1464/1464
f 1982/1982/1982 1464/1464/1464 1465/1465/1465
f 1466/1466/1466 1982/1982/1982 1465/1465/1465
f 1467/1467/1467 1493/1493/1493 1466/1466/1466
f 1468/1468/1468 1495/1495/1495 1467/1467/1467
f 1469/1469/1469 1497/1497/1497 1468/1468/1468
f 1452/1452/1452 1499/1499/1499 1469/1469/1469
f 1587/1587/1587 1564/1564/1564 1565/1565/1565
f 1589/1589/1589 1565/1565/1565 1566/1566/1566
f 1591/1591/1591 1566/1566/1566 1567/1567/1567
f 1593/1593/1593 1567/1567/1567 1568/1568/1568
f 1594/1594/1594 1568/1568/1568 1569/1569/1569
f 1569/1569/1569 1595/1595/1595 1594/1594/1594
f 1570/1570/1570 1597/1597/1597 1595/1595/1595
f 1571/1571/1571 1599/1599/1599 1597/1597/1597
f 1572/1572/1572 1601/1601/1601 1599/1599/1599
f 1601/1601/1601 1574/1574/1574 1603/1603/1603
f 1631/1631/1631 1649/1649/1649 1630/1630/1630
f 1632/1632/1632 1650/1650/1650 1631/1631/1631
f 1646/1646/1646 1702/1702/1702 1647/1647/1647
f 1648/1648/1648 1669/1669/1669 1646/1646/1646
f 1652/1652/1652 1674/1674/1674 1648/1648/1648
f 1678/1678/1678 1652/1652/1652 1651/1651/1651
f 1680/1680/1680 1651/1651/1651 1653/1653/1653
f 1682/1682/1682 1653/1653/1653 1654/1654/1654
f 1683/1683/1683 1654/1654/1654 1656/1656/1656
f 1656/1656/1656 1684/1684/1684 1683/1683/1683
f 1657/1657/1657 1686/1686/1686 1684/1684/1684
f 1658/1658/1658 1688/1688/1688 1686/1686/1686
f 1659/1659/1659 1690/1690/1690 1688/1688/1688
f 1662/1662/1662 1690/1690/1690 1660/1660/1660
f 1664/1664/1664 1695/1695/1695 1694/1694/1694
f 1665/1665/1665 1697/1697/1697 1695/1695/1695
f 1697/1697/1697 1668/1668/1668 1699/1699/1699
f 1667/1667/1667 1699/1699/1699 1668/1668/1668
f 1647/1647/1647 1984/1984/1984 1667/1667/1667
f 1712/1712/1712 1679/1679/1679 1681/1681/1681
f 1681/1681/1681 1713/1713/1713 1712/1712/1712
f 1685/1685/1685 1715/1715/1715 1713/1713/1713
f 1687/1687/1687 1717/1717/1717 1715/1715/1715
f 1689/1689/1689 1719/1719/1719 1717/1717/1717
f 1721/1721/1721 1983/1983/1983 1692/1692/1692
f 1777/1777/1777 1754/1754/1754 1755/1755/1755
f 1778/1778/1778 1755/1755/1755 1756/1756/1756
f 1756/1756/1756 1779/1779/1779 1778/1778/1778
f 1757/1757/1757 1781/1781/1781 1779/1779/1779
f 1758/1758/1758 1783/1783/1783 1781/1781/1781
f 1759/1759/1759 1785/1785/1785 1783/1783/1783
f 1822/1822/1822 1799/1799/1799 1800/1800/1800
f 1823/1823/1823 1800/1800/1800 1801/1801/1801
f 1801/1801/1801 1824/1824/1824 1823/1823/1823
f 1802/1802/1802 1826/1826/1826 1824/1824/1824
f 1803/1803/1803 1828/1828/1828 1826/1826/1826
f 1804/1804/1804 1830/1830/1830 1828/1828/1828
f 1848/1848/1848 1819/1819/1819 1821/1821/1821
f 1821/1821/1821 1849/1849/1849 1848/1848/1848
f 1825/1825/1825 1851/1851/1851 1849/1849/1849
f 1827/1827/1827 1853/1853/1853 1851/1851/1851
f 1853/1853/1853 1827/1827/1827 1829/1829/1829
f 1851/1851/1851 1825/1825/1825 1827/1827/1827
f 1849/1849/1849 1821/1821/1821 1825/1825/1825
f 1819/1819/1819 1848/1848/1848 1845/1845/1845
f 1830/1830/1830 1804/1804/1804 1805/1805/1805
f 1828/1828/1828 1803/1803/1803 1804/1804/1804
f 1826/1826/1826 1802/1802/1802 1803/1803/1803
f 1824/1824/1824 1801/1801/1801 1802/1802/1802
f 1800/1800/1800 1823/1823/1823 1822/1822/1822
f 1799/1799/1799 1822/1822/1822 1818/1818/1818
f 1785/1785/1785 1759/1759/1759 1760/1760/1760
f 1783/1783/1783 1758/1758/1758 1759/1759/1759
f 1781/1781/1781 1757/1757/1757 1758/1758/1758
f 1779/1779/1779 1756/1756/1756 1757/1757/1757
f 1755/1755/1755 1778/1778/1778 1777/1777/1777
f 1754/1754/1754 1777/1777/1777 1773/1773/1773
f 1721/1721/1721 1691/1691/1691 1983/1983/1983
f 1691/1691/1691 1721/1721/1721 1719/1719/1719
f 1719/1719/1719 1689/1689/1689 1691/1691/1691
f 1717/1717/1717 1687/1687/1687 1689/1689/1689
f 1715/1715/1715 1685/1685/1685 1687/1687/1687
f 1713/1713/1713 1681/1681/1681 1685/1685/1685
f 1679/1679/1679 1712/1712/1712 1709/1709/1709
f 1984/1984/1984 1647/1647/1647 1702/1702/1702
f 1699/1699/1699 1667/1667/1667 1984/1984/1984
f 1668/1668/1668 1697/1697/1697 1666/1666/1666
f 1697/1697/1697 1665/1665/1665 1666/1666/1666
f 1695/1695/1695 1664/1664/1664 1665/1665/1665
f 1690/1690/1690 1983/1983/1983 1691/1691/1691
f 1690/1690/1690 1662/1662/1662 1983/1983/1983
f 1690/1690/1690 1659/1659/1659 1660/1660/1660
f 1688/1688/1688 1658/1658/1658 1659/1659/1659
f 1686/1686/1686 1657/1657/1657 1658/1658/1658
f 1684/1684/1684 1656/1656/1656 1657/1657/1657
f 1654/1654/1654 1683/1683/1683 1682/1682/1682
f 1653/1653/1653 1682/1682/1682 1680/1680/1680
f 1651/1651/1651 1680/1680/1680 1678/1678/1678
f 1652/1652/1652 1678/1678/1678 1676/1676/1676
f 1674/1674/1674 1652/1652/1652 1676/1676/1676
f 1669/1669/1669 1648/1648/1648 1674/1674/1674
f 1702/1702/1702 1646/1646/1646 1669/1669/1669
f 1650/1650/1650 1632/1632/1632 1655/1655/1655
f 1649/1649/1649 1631/1631/1631 1650/1650/1650
f 1574/1574/1574 1601/1601/1601 1573/1573/1573
f 1601/1601/1601 1572/1572/1572 1573/1573/1573
f 1599/1599/1599 1571/1571/1571 1572/1572/1572
f 1597/1597/1597 1570/1570/1570 1571/1571/1571
f 1595/1595/1595 1569/1569/1569 1570/1570/1570
f 1568/1568/1568 1594/1594/1594 1593/1593/1593
f 1567/1567/1567 1593/1593/1593 1591/1591/1591
f 1566/1566/1566 1591/1591/1591 1589/1589/1589
f 1565/1565/1565 1589/1589/1589 1587/1587/1587
f 1564/1564/1564 1587/1587/1587 1583/1583/1583
f 1499/1499/1499 1452/1452/1452 1501/1501/1501
f 1497/1497/1497 1469/1469/1469 1499/1499/1499
f 1495/1495/1495 1468/1468/1468 1497/1497/1497
f 1493/1493/1493 1467/1467/1467 1495/1495/1495
f 1982/1982/1982 1466/1466/1466 1493/1493/1493
f 1464/1464/1464 1982/1982/1982 1492/1492/1492
f 1463/1463/1463 1492/1492/1492 1490/1490/1490
f 1462/1462/1462 1490/1490/1490 1486/1486/1486
f 1455/1455/1455 1475/1475/1475 1454/1454/1454
f 1454/1454/1454 1473/1473/1473 1453/1453/1453
f 1470/1470/1470 1453/1453/1453 1473/1473/1473
f 1501/1501/1501 1451/1451/1451 1470/1470/1470
f 1429/1429/1429 1981/1981/1981 1431/1431/1431
f 1427/1427/1427 1980/1980/1980 1429/1429/1429
f 1425/1425/1425 1979/1979/1979 1427/1427/1427
f 1978/1978/1978 1423/1423/1423 1977/1977/1977
f 1978/1978/1978 1425/1425/1425 1423/1423/1423
f 1975/1975/1975 1977/1977/1977 1423/1423/1423
f 1976/1976/1976 1975/1975/1975 1422/1422/1422
f 1417/1417/1417 1974/1974/1974 1422/1422/1422
f 1974/1974/1974 1417/1417/1417 1418/1418/1418
f 1411/1411/1411 1972/1972/1972 1973/1973/1973
f 1409/1409/1409 1970/1970/1970 1971/1971/1971
f 1970/1970/1970 1409/1409/1409 1407/1407/1407
f 1407/1407/1407 1969/1969/1969 1970/1970/1970
f 1405/1405/1405 1968/1968/1968 1969/1969/1969
f 1967/1967/1967 1402/1402/1402 1966/1966/1966
f 1967/1967/1967 1404/1404/1404 1402/1402/1402
f 1966/1966/1966 1400/1400/1400 1965/1965/1965
f 1398/1398/1398 1965/1965/1965 1400/1400/1400
f 1963/1963/1963 1395/1395/1395 1962/1962/1962
f 1964/1964/1964 1395/1395/1395 1963/1963/1963
f 1431/1431/1431 1962/1962/1962 1395/1395/1395
f 1961/1961/1961 1921/1921/1921 1940/1940/1940
f 1960/1960/1960 1937/1937/1937 1961/1961/1961
f 1959/1959/1959 1938/1938/1938 1960/1960/1960
f 1958/1958/1958 1936/1936/1936 1959/1959/1959
f 1958/1958/1958 1935/1935/1935 1936/1936/1936
f 1935/1935/1935 1957/1957/1957 1934/1934/1934
f 1957/1957/1957 1933/1933/1933 1934/1934/1934
f 1932/1932/1932 1955/1955/1955 1956/1956/1956
f 1955/1955/1955 1932/1932/1932 1933/1933/1933
f 1954/1954/1954 1931/1931/1931 1932/1932/1932
f 1953/1953/1953 1930/1930/1930 1931/1931/1931
f 1952/1952/1952 1929/1929/1929 1930/1930/1930
f 1951/1951/1951 1928/1928/1928 1929/1929/1929
f 1927/1927/1927 1949/1949/1949 1950/1950/1950
f 1949/1949/1949 1927/1927/1927 1928/1928/1928
f 1926/1926/1926 1948/1948/1948 1947/1947/1947
f 1925/1925/1925 1947/1947/1947 1946/1946/1946
f 1945/1945/1945 1925/1925/1925 1946/1946/1946
f 1944/1944/1944 1925/1925/1925 1945/1945/1945
f 1943/1943/1943 1924/1924/1924 1944/1944/1944
f 1942/1942/1942 1923/1923/1923 1943/1943/1943
f 1941/1941/1941 1922/1922/1922 1942/1942/1942
f 1939/1939/1939 1922/1922/1922 1941/1941/1941
f 1940/1940/1940 1920/1920/1920 1939/1939/1939
f 1937/1937/1937 1902/1902/1902 1921/1921/1921
f 1938/1938/1938 1918/1918/1918 1937/1937/1937
f 1919/1919/1919 1936/1936/1936 1917/1917/1917
f 1917/1917/1917 1935/1935/1935 1916/1916/1916
f 1916/1916/1916 1934/1934/1934 1915/1915/1915
f 1934/1934/1934 1914/1914/1914 1915/1915/1915
f 1933/1933/1933 1913/1913/1913 1914/1914/1914
f 1932/1932/1932 1912/1912/1912 1913/1913/1913
f 1931/1931/1931 1911/1911/1911 1912/1912/1912
f 1930/1930/1930 1910/1910/1910 1911/1911/1911
f 1929/1929/1929 1909/1909/1909 1910/1910/1910
f 1928/1928/1928 1908/1908/1908 1909/1909/1909
f 1907/1907/1907 1927/1927/1927 1926/1926/1926
f 1906/1906/1906 1926/1926/1926 1925/1925/1925
f 1905/1905/1905 1925/1925/1925 1924/1924/1924
f 1923/1923/1923 1905/1905/1905 1924/1924/1924
f 1922/1922/1922 1904/1904/1904 1923/1923/1923
f 1920/1920/1920 1903/1903/1903 1922/1922/1922
f 1921/1921/1921 1901/1901/1901 1920/1920/1920
f 1918/1918/1918 1883/1883/1883 1902/1902/1902
f 1919/1919/1919 1899/1899/1899 1918/1918/1918
f 1900/1900/1900 1917/1917/1917 1898/1898/1898
f 1898/1898/1898 1916/1916/1916 1897/1897/1897
f 1897/1897/1897 1915/1915/1915 1896/1896/1896
f 1915/1915/1915 1895/1895/1895 1896/1896/1896
f 1914/1914/1914 1894/1894/1894 1895/1895/1895
f 1913/1913/1913 1893/1893/1893 1894/1894/1894
f 1912/1912/1912 1892/1892/1892 1893/1893/1893
f 1911/1911/1911 1891/1891/1891 1892/1892/1892
f 1910/1910/1910 1890/1890/1890 1891/1891/1891
f 1909/1909/1909 1889/1889/1889 1890/1890/1890
f 1888/1888/1888 1908/1908/1908 1907/1907/1907
f 1887/1887/1887 1907/1907/1907 1906/1906/1906
f 1886/1886/1886 1906/1906/1906 1905/1905/1905
f 1904/1904/1904 1886/1886/1886 1905/1905/1905
f 1903/1903/1903 1885/1885/1885 1904/1904/1904
f 1901/1901/1901 1884/1884/1884 1903/1903/1903
f 1902/1902/1902 1882/1882/1882 1901/1901/1901
f 1899/1899/1899 1864/1864/1864 1883/1883/1883
f 1900/1900/1900 1880/1880/1880 1899/1899/1899
f 1881/1881/1881 1898/1898/1898 1879/1879/1879
f 1879/1879/1879 1897/1897/1897 1878/1878/1878
f 1897/1897/1897 1877/1877/1877 1878/1878/1878
f 1896/1896/1896 1876/1876/1876 1877/1877/1877
f 1895/1895/1895 1875/1875/1875 1876/1876/1876
f 1894/1894/1894 1874/1874/1874 1875/1875/1875
f 1893/1893/1893 1873/1873/1873 1874/1874/1874
f 1892/1892/1892 1872/1872/1872 1873/1873/1873
f 1891/1891/1891 1871/1871/1871 1872/1872/1872
f 1890/1890/1890 1870/1870/1870 1871/1871/1871
f 1869/1869/1869 1889/1889/1889 1888/1888/1888
f 1868/1868/1868 1888/1888/1888 1887/1887/1887
f 1867/1867/1867 1887/1887/1887 1886/1886/1886
f 1885/1885/1885 1867/1867/1867 1886/1886/1886
f 1884/1884/1884 1866/1866/1866 1885/1885/1885
f 1882/1882/1882 1865/1865/1865 1884/1884/1884
f 1883/1883/1883 1863/1863/1863 1882/1882/1882
f 1880/1880/1880 1840/1840/1840 1864/1864/1864
f 1881/1881/1881 1861/1861/1861 1880/1880/1880
f 1862/1862/1862 1879/1879/1879 1860/1860/1860
f 1860/1860/1860 1878/1878/1878 1859/1859/1859
f 1878/1878/1878 1858/1858/1858 1859/1859/1859
f 1877/1877/1877 1857/1857/1857 1858/1858/1858
f 1876/1876/1876 1856/1856/1856 1857/1857/1857
f 1875/1875/1875 1855/1855/1855 1856/1856/1856
f 1874/1874/1874 1854/1854/1854 1855/1855/1855
f 1873/1873/1873 1852/1852/1852 1854/1854/1854
f 1872/1872/1872 1850/1850/1850 1852/1852/1852
f 1871/1871/1871 1846/1846/1846 1850/1850/1850
f 1847/1847/1847 1870/1870/1870 1869/1869/1869
f 1844/1844/1844 1869/1869/1869 1868/1868/1868
f 1843/1843/1843 1868/1868/1868 1867/1867/1867
f 1866/1866/1866 1843/1843/1843 1867/1867/1867
f 1865/1865/1865 1842/1842/1842 1866/1866/1866
f 1863/1863/1863 1841/1841/1841 1865/1865/1865
f 1864/1864/1864 1839/1839/1839 1863/1863/1863
f 1861/1861/1861 1814/1814/1814 1840/1840/1840
f 1862/1862/1862 1837/1837/1837 1861/1861/1861
f 1838/1838/1838 1860/1860/1860 1836/1836/1836
f 1836/1836/1836 1859/1859/1859 1835/1835/1835
f 1859/1859/1859 1834/1834/1834 1835/1835/1835
f 1858/1858/1858 1833/1833/1833 1834/1834/1834
f 1857/1857/1857 1832/1832/1832 1833/1833/1833
f 1856/1856/1856 1831/1831/1831 1832/1832/1832
f 1853/1853/1853 1855/1855/1855 1854/1854/1854
f 1853/1853/1853 1831/1831/1831 1855/1855/1855
f 1854/1854/1854 1851/1851/1851 1853/1853/1853
f 1852/1852/1852 1849/1849/1849 1851/1851/1851
f 1850/1850/1850 1848/1848/1848 1849/1849/1849
f 1845/1845/1845 1846/1846/1846 1847/1847/1847
f 1845/1845/1845 1820/1820/1820 1819/1819/1819
f 1845/1845/1845 1844/1844/1844 1820/1820/1820
f 1817/1817/1817 1844/1844/1844 1843/1843/1843
f 1842/1842/1842 1817/1817/1817 1843/1843/1843
f 1841/1841/1841 1816/1816/1816 1842/1842/1842
f 1839/1839/1839 1815/1815/1815 1841/1841/1841
f 1840/1840/1840 1813/1813/1813 1839/1839/1839
f 1837/1837/1837 1795/1795/1795 1814/1814/1814
f 1838/1838/1838 1811/1811/1811 1837/1837/1837
f 1812/1812/1812 1836/1836/1836 1810/1810/1810
f 1810/1810/1810 1835/1835/1835 1809/1809/1809
f 1835/1835/1835 1808/1808/1808 1809/1809/1809
f 1834/1834/1834 1807/1807/1807 1808/1808/1808
f 1833/1833/1833 1806/1806/1806 1807/1807/1807
f 1830/1830/1830 1832/1832/1832 1831/1831/1831
f 1830/1830/1830 1806/1806/1806 1832/1832/1832
f 1831/1831/1831 1828/1828/1828 1830/1830/1830
f 1829/1829/1829 1826/1826/1826 1828/1828/1828
f 1827/1827/1827 1824/1824/1824 1826/1826/1826
f 1825/1825/1825 1823/1823/1823 1824/1824/1824
f 1822/1822/1822 1821/1821/1821 1819/1819/1819
f 1818/1818/1818 1819/1819/1819 1820/1820/1820
f 1818/1818/1818 1798/1798/1798 1799/1799/1799
f 1818/1818/1818 1817/1817/1817 1798/1798/1798
f 1797/1797/1797 1817/1817/1817 1816/1816/1816
f 1815/1815/1815 1797/1797/1797 1816/1816/1816
f 1813/1813/1813 1796/1796/1796 1815/1815/1815
f 1814/1814/1814 1794/1794/1794 1813/1813/1813
f 1811/1811/1811 1769/1769/1769 1795/1795/1795
f 1812/1812/1812 1792/1792/1792 1811/1811/1811
f 1793/1793/1793 1810/1810/1810 1791/1791/1791
f 1810/1810/1810 1790/1790/1790 1791/1791/1791
f 1809/1809/1809 1789/1789/1789 1790/1790/1790
f 1808/1808/1808 1788/1788/1788 1789/1789/1789
f 1807/1807/1807 1787/1787/1787 1788/1788/1788
f 1806/1806/1806 1786/1786/1786 1787/1787/1787
f 1805/1805/1805 1784/1784/1784 1786/1786/1786
f 1804/1804/1804 1782/1782/1782 1784/1784/1784
f 1803/1803/1803 1780/1780/1780 1782/1782/1782
f 1802/1802/1802 1776/1776/1776 1780/1780/1780
f 1774/1774/1774 1801/1801/1801 1800/1800/1800
f 1775/1775/1775 1800/1800/1800 1799/1799/1799
f 1772/1772/1772 1799/1799/1799 1798/1798/1798
f 1771/1771/1771 1798/1798/1798 1797/1797/1797
f 1796/1796/1796 1771/1771/1771 1797/1797/1797
f 1794/1794/1794 1770/1770/1770 1796/1796/1796
f 1795/1795/1795 1768/1768/1768 1794/1794/1794
f 1792/1792/1792 1750/1750/1750 1769/1769/1769
f 1793/1793/1793 1766/1766/1766 1792/1792/1792
f 1767/1767/1767 1791/1791/1791 1765/1765/1765
f 1791/1791/1791 1764/1764/1764 1765/1765/1765
f 1790/1790/1790 1763/1763/1763 1764/1764/1764
f 1789/1789/1789 1762/1762/1762 1763/1763/1763
f 1788/1788/1788 1761/1761/1761 1762/1762/1762
f 1785/1785/1785 1787/1787/1787 1786/1786/1786
f 1785/1785/1785 1761/1761/1761 1787/1787/1787
f 1786/1786/1786 1783/1783/1783 1785/1785/1785
f 1784/1784/1784 1781/1781/1781 1783/1783/1783
f 1782/1782/1782 1779/1779/1779 1781/1781/1781
f 1780/1780/1780 1778/1778/1778 1779/1779/1779
f 1777/1777/1777 1776/1776/1776 1774/1774/1774
f 1773/1773/1773 1774/1774/1774 1775/1775/1775
f 1773/1773/1773 1753/1753/1753 1754/1754/1754
f 1773/1773/1773 1772/1772/1772 1753/1753/1753
f 1752/1752/1752 1772/1772/1772 1771/1771/1771
f 1770/1770/1770 1752/1752/1752 1771/1771/1771
f 1768/1768/1768 1751/1751/1751 1770/1770/1770
f 1769/1769/1769 1749/1749/1749 1768/1768/1768
f 1766/1766/1766 1731/1731/1731 1750/1750/1750
f 1767/1767/1767 1747/1747/1747 1766/1766/1766
f 1748/1748/1748 1765/1765/1765 1746/1746/1746
f 1765/1765/1765 1745/1745/1745 1746/1746/1746
f 1764/1764/1764 1744/1744/1744 1745/1745/1745
f 1763/1763/1763 1743/1743/1743 1744/1744/1744
f 1762/1762/1762 1742/1742/1742 1743/1743/1743
f 1761/1761/1761 1741/1741/1741 1742/1742/1742
f 1760/1760/1760 1740/1740/1740 1741/1741/1741
f 1759/1759/1759 1739/1739/1739 1740/1740/1740
f 1758/1758/1758 1738/1738/1738 1739/1739/1739
f 1757/1757/1757 1737/1737/1737 1738/1738/1738
f 1736/1736/1736 1756/1756/1756 1755/1755/1755
f 1735/1735/1735 1755/1755/1755 1754/1754/1754
f 1734/1734/1734 1754/1754/1754 1753/1753/1753
f 1733/1733/1733 1753/1753/1753 1752/1752/1752
f 1751/1751/1751 1733/1733/1733 1752/1752/1752
f 1749/1749/1749 1732/1732/1732 1751/1751/1751
f 1750/1750/1750 1730/1730/1730 1749/1749/1749
f 1747/1747/1747 1704/1704/1704 1731/1731/1731
f 1748/1748/1748 1729/1729/1729 1747/1747/1747
f 1728/1728/1728 1746/1746/1746 1727/1727/1727
f 1746/1746/1746 1726/1726/1726 1727/1727/1727
f 1745/1745/1745 1725/1725/1725 1726/1726/1726
f 1744/1744/1744 1723/1723/1723 1725/1725/1725
f 1743/1743/1743 1722/1722/1722 1723/1723/1723
f 1742/1742/1742 1720/1720/1720 1722/1722/1722
f 1741/1741/1741 1718/1718/1718 1720/1720/1720
f 1740/1740/1740 1716/1716/1716 1718/1718/1718
f 1739/1739/1739 1714/1714/1714 1716/1716/1716
f 1738/1738/1738 1710/1710/1710 1714/1714/1714
f 1711/1711/1711 1737/1737/1737 1736/1736/1736
f 1708/1708/1708 1736/1736/1736 1735/1735/1735
f 1707/1707/1707 1735/1735/1735 1734/1734/1734
f 1706/1706/1706 1734/1734/1734 1733/1733/1733
f 1732/1732/1732 1706/1706/1706 1733/1733/1733
f 1730/1730/1730 1705/1705/1705 1732/1732/1732
f 1731/1731/1731 1703/1703/1703 1730/1730/1730
f 1729/1729/1729 1671/1671/1671 1704/1704/1704
f 1728/1728/1728 1701/1701/1701 1729/1729/1729
f 1728/1728/1728 1698/1698/1698 1700/1700/1700
f 1727/1727/1727 1696/1696/1696 1698/1698/1698
f 1726/1726/1726 1724/1724/1724 1696/1696/1696
f 1725/1725/1725 1693/1693/1693 1724/1724/1724
f 1721/1721/1721 1723/1723/1723 1722/1722/1722
f 1721/1721/1721 1693/1693/1693 1723/1723/1723
f 1722/1722/1722 1719/1719/1719 1721/1721/1721
f 1720/1720/1720 1717/1717/1717 1719/1719/1719
f 1718/1718/1718 1715/1715/1715 1717/1717/1717
f 1716/1716/1716 1713/1713/1713 1715/1715/1715
f 1714/1714/1714 1712/1712/1712 1713/1713/1713
f 1709/1709/1709 1710/1710/1710 1711/1711/1711
f 1709/1709/1709 1677/1677/1677 1679/1679/1679
f 1709/1709/1709 1708/1708/1708 1677/1677/1677
f 1675/1675/1675 1708/1708/1708 1707/1707/1707
f 1673/1673/1673 1707/1707/1707 1706/1706/1706
f 1672/1672/1672 1706/1706/1706 1705/1705/1705
f 1703/1703/1703 1672/1672/1672 1705/1705/1705
f 1704/1704/1704 1670/1670/1670 1703/1703/1703
f 1701/1701/1701 1702/1702/1702 1671/1671/1671
f 1699/1699/1699 1701/1701/1701 1700/1700/1700
f 1700/1700/1700 1697/1697/1697 1699/1699/1699
f 1698/1698/1698 1695/1695/1695 1697/1697/1697
f 1696/1696/1696 1694/1694/1694 1695/1695/1695
f 1694/1694/1694 1663/1663/1663 1664/1664/1664
f 1694/1694/1694 1693/1693/1693 1663/1663/1663
f 1693/1693/1693 1661/1661/1661 1663/1663/1663
f 1692/1692/1692 1662/1662/1662 1661/1661/1661
f 1691/1691/1691 1688/1688/1688 1690/1690/1690
f 1689/1689/1689 1686/1686/1686 1688/1688/1688
f 1687/1687/1687 1684/1684/1684 1686/1686/1686
f 1685/1685/1685 1683/1683/1683 1684/1684/1684
f 1682/1682/1682 1681/1681/1681 1679/1679/1679
f 1680/1680/1680 1679/1679/1679 1677/1677/1677
f 1678/1678/1678 1677/1677/1677 1675/1675/1675
f 1676/1676/1676 1675/1675/1675 1673/1673/1673
f 1674/1674/1674 1673/1673/1673 1672/1672/1672
f 1669/1669/1669 1672/1672/1672 1670/1670/1670
f 1671/1671/1671 1669/1669/1669 1670/1670/1670
f 1667/1667/1667 1628/1628/1628 1647/1647/1647
f 1668/1668/1668 1645/1645/1645 1667/1667/1667
f 1644/1644/1644 1666/1666/1666 1643/1643/1643
f 1643/1643/1643 1665/1665/1665 1642/1642/1642
f 1642/1642/1642 1664/1664/1664 1641/1641/1641
f 1664/1664/1664 1640/1640/1640 1641/1641/1641
f 1663/1663/1663 1639/1639/1639 1640/1640/1640
f 1638/1638/1638 1661/1661/1661 1662/1662/1662
f 1661/1661/1661 1638/1638/1638 1639/1639/1639
f 1660/1660/1660 1637/1637/1637 1638/1638/1638
f 1659/1659/1659 1636/1636/1636 1637/1637/1637
f 1658/1658/1658 1635/1635/1635 1636/1636/1636
f 1634/1634/1634 1657/1657/1657 1656/1656/1656
f 1633/1633/1633 1656/1656/1656 1654/1654/1654
f 1655/1655/1655 1654/1654/1654 1653/1653/1653
f 1655/1655/1655 1633/1633/1633 1654/1654/1654
f 1650/1650/1650 1653/1653/1653 1651/1651/1651
f 1652/1652/1652 1650/1650/1650 1651/1651/1651
f 1629/1629/1629 1649/1649/1649 1648/1648/1648
f 1649/1649/1649 1629/1629/1629 1630/1630/1630
f 1646/1646/1646 1629/1629/1629 1648/1648/1648
f 1647/1647/1647 1627/1627/1627 1646/1646/1646
f 1645/1645/1645 1609/1609/1609 1628/1628/1628
f 1626/1626/1626 1644/1644/1644 1625/1625/1625
f 1625/1625/1625 1643/1643/1643 1624/1624/1624
f 1624/1624/1624 1642/1642/1642 1623/1623/1623
f 1623/1623/1623 1641/1641/1641 1622/1622/1622
f 1641/1641/1641 1621/1621/1621 1622/1622/1622
f 1640/1640/1640 1620/1620/1620 1621/1621/1621
f 1639/1639/1639 1619/1619/1619 1620/1620/1620
f 1638/1638/1638 1618/1618/1618 1619/1619/1619
f 1637/1637/1637 1617/1617/1617 1618/1618/1618
f 1616/1616/1616 1636/1636/1636 1635/1635/1635
f 1615/1615/1615 1635/1635/1635 1634/1634/1634
f 1614/1614/1614 1634/1634/1634 1633/1633/1633
f 1613/1613/1613 1633/1633/1633 1632/1632/1632
f 1612/1612/1612 1632/1632/1632 1631/1631/1631
f 1630/1630/1630 1612/1612/1612 1631/1631/1631
f 1629/1629/1629 1611/1611/1611 1630/1630/1630
f 1627/1627/1627 1610/1610/1610 1629/1629/1629
f 1628/1628/1628 1608/1608/1608 1627/1627/1627
f 1578/1578/1578 1626/1626/1626 1607/1607/1607
f 1607/1607/1607 1625/1625/1625 1606/1606/1606
f 1606/1606/1606 1624/1624/1624 1604/1604/1604
f 1604/1604/1604 1623/1623/1623 1605/1605/1605
f 1605/1605/1605 1622/1622/1622 1602/1602/1602
f 1622/1622/1622 1600/1600/1600 1602/1602/1602
f 1621/1621/1621 1598/1598/1598 1600/1600/1600
f 1620/1620/1620 1596/1596/1596 1598/1598/1598
f 1619/1619/1619 1592/1592/1592 1596/1596/1596
f 1618/1618/1618 1590/1590/1590 1592/1592/1592
f 1588/1588/1588 1617/1617/1617 1616/1616/1616
f 1586/1586/1586 1616/1616/1616 1615/1615/1615
f 1584/1584/1584 1615/1615/1615 1614/1614/1614
f 1585/1585/1585 1614/1614/1614 1613/1613/1613
f 1582/1582/1582 1613/1613/1613 1612/1612/1612
f 1611/1611/1611 1582/1582/1582 1612/1612/1612
f 1610/1610/1610 1581/1581/1581 1611/1611/1611
f 1608/1608/1608 1579/1579/1579 1610/1610/1610
f 1609/1609/1609 1580/1580/1580 1608/1608/1608
f 1559/1559/1559 1607/1607/1607 1577/1577/1577
f 1577/1577/1577 1606/1606/1606 1576/1576/1576
f 1576/1576/1576 1604/1604/1604 1575/1575/1575
f 1604/1604/1604 1603/1603/1603 1575/1575/1575
f 1603/1603/1603 1604/1604/1604 1605/1605/1605
f 1603/1603/1603 1602/1602/1602 1601/1601/1601
f 1602/1602/1602 1599/1599/1599 1601/1601/1601
f 1600/1600/1600 1597/1597/1597 1599/1599/1599
f 1598/1598/1598 1595/1595/1595 1597/1597/1597
f 1596/1596/1596 1594/1594/1594 1595/1595/1595
f 1593/1593/1593 1592/1592/1592 1590/1590/1590
f 1591/1591/1591 1590/1590/1590 1588/1588/1588
f 1589/1589/1589 1588/1588/1588 1586/1586/1586
f 1587/1587/1587 1586/1586/1586 1584/1584/1584
f 1583/1583/1583 1584/1584/1584 1585/1585/1585
f 1583/1583/1583 1563/1563/1563 1564/1564/1564
f 1583/1583/1583 1582/1582/1582 1563/1563/1563
f 1581/1581/1581 1563/1563/1563 1582/1582/1582
f 1579/1579/1579 1562/1562/1562 1581/1581/1581
f 1580/1580/1580 1560/1560/1560 1579/1579/1579
f 1561/1561/1561 1578/1578/1578 1559/1559/1559
f 1541/1541/1541 1577/1577/1577 1558/1558/1558
f 1558/1558/1558 1576/1576/1576 1557/1557/1557
f 1557/1557/1557 1575/1575/1575 1556/1556/1556
f 1556/1556/1556 1574/1574/1574 1555/1555/1555
f 1555/1555/1555 1573/1573/1573 1554/1554/1554
f 1573/1573/1573 1553/1553/1553 1554/1554/1554
f 1572/1572/1572 1552/1552/1552 1553/1553/1553
f 1571/1571/1571 1551/1551/1551 1552/1552/1552
f 1570/1570/1570 1550/1550/1550 1551/1551/1551
f 1549/1549/1549 1569/1569/1569 1568/1568/1568
f 1548/1548/1548 1568/1568/1568 1567/1567/1567
f 1547/1547/1547 1567/1567/1567 1566/1566/1566
f 1546/1546/1546 1566/1566/1566 1565/1565/1565
f 1545/1545/1545 1565/1565/1565 1564/1564/1564
f 1544/1544/1544 1564/1564/1564 1563/1563/1563
f 1562/1562/1562 1544/1544/1544 1563/1563/1563
f 1560/1560/1560 1543/1543/1543 1562/1562/1562
f 1561/1561/1561 1542/1542/1542 1560/1560/1560
f 1540/1540/1540 1559/1559/1559 1541/1541/1541
f 1522/1522/1522 1558/1558/1558 1539/1539/1539
f 1539/1539/1539 1557/1557/1557 1538/1538/1538
f 1538/1538/1538 1556/1556/1556 1537/1537/1537
f 1537/1537/1537 1555/1555/1555 1536/1536/1536
f 1536/1536/1536 1554/1554/1554 1535/1535/1535
f 1554/1554/1554 1534/1534/1534 1535/1535/1535
f 1553/1553/1553 1533/1533/1533 1534/1534/1534
f 1552/1552/1552 1532/1532/1532 1533/1533/1533
f 1551/1551/1551 1531/1531/1531 1532/1532/1532
f 1530/1530/1530 1550/1550/1550 1549/1549/1549
f 1529/1529/1529 1549/1549/1549 1548/1548/1548
f 1528/1528/1528 1548/1548/1548 1547/1547/1547
f 1527/1527/1527 1547/1547/1547 1546/1546/1546
f 1526/1526/1526 1546/1546/1546 1545/1545/1545
f 1525/1525/1525 1545/1545/1545 1544/1544/1544
f 1543/1543/1543 1525/1525/1525 1544/1544/1544
f 1542/1542/1542 1524/1524/1524 1543/1543/1543
f 1540/1540/1540 1523/1523/1523 1542/1542/1542
f 1541/1541/1541 1521/1521/1521 1540/1540/1540
f 1503/1503/1503 1539/1539/1539 1520/1520/1520
f 1520/1520/1520 1538/1538/1538 1518/1518/1518
f 1518/1518/1518 1537/1537/1537 1519/1519/1519
f 1519/1519/1519 1536/1536/1536 1517/1517/1517
f 1517/1517/1517 1535/1535/1535 1516/1516/1516
f 1535/1535/1535 1515/1515/1515 1516/1516/1516
f 1534/1534/1534 1514/1514/1514 1515/1515/1515
f 1533/1533/1533 1513/1513/1513 1514/1514/1514
f 1532/1532/1532 1512/1512/1512 1513/1513/1513
f 1531/1531/1531 1511/1511/1511 1512/1512/1512
f 1510/1510/1510 1530/1530/1530 1529/1529/1529
f 1509/1509/1509 1529/1529/1529 1528/1528/1528
f 1508/1508/1508 1528/1528/1528 1527/1527/1527
f 1507/1507/1507 1527/1527/1527 1526/1526/1526
f 1525/1525/1525 1507/1507/1507 1526/1526/1526
f 1524/1524/1524 1506/1506/1506 1525/1525/1525
f 1523/1523/1523 1505/1505/1505 1524/1524/1524
f 1521/1521/1521 1504/1504/1504 1523/1523/1523
f 1522/1522/1522 1502/1502/1502 1521/1521/1521
f 1520/1520/1520 1472/1472/1472 1503/1503/1503
f 1518/1518/1518 1500/1500/1500 1520/1520/1520
f 1519/1519/1519 1498/1498/1498 1518/1518/1518
f 1496/1496/1496 1517/1517/1517 1494/1494/1494
f 1494/1494/1494 1516/1516/1516 1491/1491/1491
f 1516/1516/1516 1489/1489/1489 1491/1491/1491
f 1515/1515/1515 1487/1487/1487 1489/1489/1489
f 1514/1514/1514 1488/1488/1488 1487/1487/1487
f 1513/1513/1513 1485/1485/1485 1488/1488/1488
f 1512/1512/1512 1484/1484/1484 1485/1485/1485
f 1511/1511/1511 1483/1483/1483 1484/1484/1484
f 1510/1510/1510 1482/1482/1482 1483/1483/1483
f 1509/1509/1509 1481/1481/1481 1482/1482/1482
f 1479/1479/1479 1508/1508/1508 1507/1507/1507
f 1506/1506/1506 1479/1479/1479 1507/1507/1507
f 1505/1505/1505 1480/1480/1480 1506/1506/1506
f 1504/1504/1504 1476/1476/1476 1505/1505/1505
f 1502/1502/1502 1474/1474/1474 1504/1504/1504
f 1503/1503/1503 1471/1471/1471 1502/1502/1502
f 1500/1500/1500 1501/1501/1501 1472/1472/1472
f 1498/1498/1498 1499/1499/1499 1500/1500/1500
f 1496/1496/1496 1497/1497/1497 1498/1498/1498
f 1494/1494/1494 1495/1495/1495 1496/1496/1496
f 1491/1491/1491 1493/1493/1493 1494/1494/1494
f 1492/1492/1492 1491/1491/1491 1489/1489/1489
f 1490/1490/1490 1489/1489/1489 1487/1487/1487
f 1486/1486/1486 1487/1487/1487 1488/1488/1488
f 1486/1486/1486 1461/1461/1461 1462/1462/1462
f 1486/1486/1486 1485/1485/1485 1461/1461/1461
f 1485/1485/1485 1460/1460/1460 1461/1461/1461
f 1484/1484/1484 1459/1459/1459 1460/1460/1460
f 1483/1483/1483 1458/1458/1458 1459/1459/1459
f 1482/1482/1482 1457/1457/1457 1458/1458/1458
f 1481/1481/1481 1478/1478/1478 1457/1457/1457
f 1477/1477/1477 1479/1479/1479 1480/1480/1480
f 1477/1477/1477 1478/1478/1478 1479/1479/1479
f 1477/1477/1477 1476/1476/1476 1475/1475/1475
f 1475/1475/1475 1474/1474/1474 1473/1473/1473
f 1471/1471/1471 1473/1473/1473 1474/1474/1474
f 1472/1472/1472 1470/1470/1470 1471/1471/1471
f 1469/1469/1469 1433/1433/1433 1452/1452/1452
f 1468/1468/1468 1450/1450/1450 1469/1469/1469
f 1467/1467/1467 1449/1449/1449 1468/1468/1468
f 1466/1466/1466 1448/1448/1448 1467/1467/1467
f 1465/1465/1465 1447/1447/1447 1466/1466/1466
f 1445/1445/1445 1465/1465/1465 1464/1464/1464
f 1444/1444/1444 1464/1464/1464 1463/1463/1463
f 1443/1443/1443 1463/1463/1463 1462/1462/1462
f 1462/1462/1462 1442/1442/1442 1443/1443/1443
f 1461/1461/1461 1441/1441/1441 1442/1442/1442
f 1460/1460/1460 1440/1440/1440 1441/1441/1441
f 1459/1459/1459 1439/1439/1439 1440/1440/1440
f 1458/1458/1458 1438/1438/1438 1439/1439/1439
f 1457/1457/1457 1456/1456/1456 1438/1438/1438
f 1456/1456/1456 1455/1455/1455 1436/1436/1436
f 1436/1436/1436 1454/1454/1454 1435/1435/1435
f 1435/1435/1435 1453/1453/1453 1434/1434/1434
f 1451/1451/1451 1434/1434/1434 1453/1453/1453
f 1452/1452/1452 1432/1432/1432 1451/1451/1451
f 1450/1450/1450 1397/1397/1397 1433/1433/1433
f 1449/1449/1449 1430/1430/1430 1450/1450/1450
f 1448/1448/1448 1428/1428/1428 1449/1449/1449
f 1447/1447/1447 1426/1426/1426 1448/1448/1448
f 1446/1446/1446 1424/1424/1424 1447/1447/1447
f 1419/1419/1419 1446/1446/1446 1445/1445/1445
f 1420/1420/1420 1445/1445/1445 1444/1444/1444
f 1416/1416/1416 1444/1444/1444 1443/1443/1443
f 1443/1443/1443 1414/1414/1414 1416/1416/1416
f 1442/1442/1442 1412/1412/1412 1414/1414/1414
f 1441/1441/1441 1410/1410/1410 1412/1412/1412
f 1440/1440/1440 1408/1408/1408 1410/1410/1410
f 1439/1439/1439 1406/1406/1406 1408/1408/1408
f 1438/1438/1438 1437/1437/1437 1406/1406/1406
f 1437/1437/1437 1436/1436/1436 1403/1403/1403
f 1403/1403/1403 1435/1435/1435 1401/1401/1401
f 2797/2797/2797 2795/2795/2795 2796/2796/2796
f 2799/2799/2799 2798/2798/2798 2795/2795/2795
f 2801/2801/2801 2800/2800/2800 2798/2798/2798
f 2803/2803/2803 2802/2802/2802 2800/2800/2800
f 2805/2805/2805 2804/2804/2804 2802/2802/2802
f 2807/2807/2807 2806/2806/2806 2804/2804/2804
f 2809/2809/2809 2808/2808/2808 2806/2806/2806
f 2811/2811/2811 2810/2810/2810 2808/2808/2808
f 2813/2813/2813 2812/2812/2812 2810/2810/2810
f 2815/2815/2815 2814/2814/2814 2812/2812/2812
f 2817/2817/2817 2816/2816/2816 2814/2814/2814
f 2819/2819/2819 2818/2818/2818 2816/2816/2816
f 2821/2821/2821 2820/2820/2820 2818/2818/2818
f 2823/2823/2823 2822/2822/2822 2820/2820/2820
f 2825/2825/2825 2824/2824/2824 2822/2822/2822
f 2827/2827/2827 2826/2826/2826 2824/2824/2824
f 2829/2829/2829 2828/2828/2828 2826/2826/2826
f 2830/2830/2830 2796/2796/2796 2828/2828/2828
f 2796/2796/2796 2830/2830/2830 2797/2797/2797
f 2828/2828/2828 2829/2829/2829 2830/2830/2830
f 2826/2826/2826 2827/2827/2827 2829/2829/2829
f 2824/2824/2824 2825/2825/2825 2827/2827/2827
f 2822/2822/2822 2823/2823/2823 2825/2825/2825
f 2820/2820/2820 2821/2821/2821 2823/2823/2823
f 2818/2818/2818 2819/2819/2819 2821/2821/2821
f 2816/2816/2816 2817/2817/2817 2819/2819/2819
f 2814/2814/2814 2815/2815/2815 2817/2817/2817
f 2812/2812/2812 2813/2813/2813 2815/2815/2815
f 2810/2810/2810 2811/2811/2811 2813/2813/2813
f 2808/2808/2808 2809/2809/2809 2811/2811/2811
f 2806/2806/2806 2807/2807/2807 2809/2809/2809
f 2804/2804/2804 2805/2805/2805 2807/2807/2807
f 2802/2802/2802 2803/2803/2803 2805/2805/2805
f 2800/2800/2800 2801/2801/2801 2803/2803/2803
f 2798/2798/2798 2799/2799/2799 2801/2801/2801
f 2795/2795/2795 2797/2797/2797 2799/2799/2799
