{
    "T_magnetic": [],
    "T_motor": [
        -0.0,
        -0.0,
        -0.0,
        525775.1039999999,
        538704.0000000003,
        538704.0000000003,
        538704.0000000003,
        538650.7283826203,
        538594.8384965106,
        538538.9181554752,
        538482.9994686273,
        538427.0879355998,
        538371.183947879,
        538315.2874636789,
        538259.3986079386,
        538203.5172542176,
        538147.6424537809,
        538091.7765027181,
        538035.9181982409,
        537980.0668571368,
        537924.2232300224,
        537868.3865458085,
        537812.5578846745,
        537756.7372606077,
        537700.9230365886,
        537645.1176469132,
        537589.3185487092,
        537533.5275922556,
        537477.7437738396,
        537421.968019529,
        537366.1998574516,
        537310.4382728037,
        537254.6842527038,
        537198.9382924524,
        537143.2001997187,
        537087.469441359,
        537031.7453587122,
        11200.925517698066,
        -1783.6775879354645
    ],
    "VmotorVAR": [
        0.0,
        0.0,
        -23.423999999999996,
        -24.000000000000014,
        -24.000000000000014,
        -24.000000000000014,
        -23.997626676584705,
        -23.995136705716416,
        -23.992645378039523,
        -23.99015412405895,
        -23.987663188790865,
        -23.985172589676512,
        -23.982682324854263,
        -23.980192399890342,
        -23.977702809151637,
        -23.975213510370708,
        -23.97272460584149,
        -23.970236041978122,
        -23.967747788342542,
        -23.965259878375758,
        -23.9627722777247,
        -23.96028503451281,
        -23.957798149363256,
        -23.955311549344586,
        -23.952825342908007,
        -23.950339416765086,
        -23.947853853348285,
        -23.94536860794081,
        -23.94288372180028,
        -23.940399173904105,
        -23.937914919041418,
        -23.935431001189688,
        -23.932947442415234,
        -23.93046423414945,
        -23.92798135264007,
        -23.92549876854282,
        -0.4990165516215836,
        0.07946527612650202
    ],
    "alpha": [
        -0.0,
        -6.354935869572784e-23,
        -1.9218947635295859e-22,
        -3.2484002488498693e-22,
        -4.621522125454871e-22,
        -2.708371103828186e-05,
        -0.00010899999996633583,
        -0.0002464131649581031,
        -0.0004393214907615566,
        -0.0006877205180517615,
        -0.0009916029086435082,
        -0.0013509611881374179,
        -0.0017657878808815418,
        -0.0022360755119087,
        -0.0027618166072399235,
        -0.0033430036939024375,
        -0.003979629299933913,
        -0.0046716859543823605,
        -0.005419166187250711,
        -0.006222062529566194,
        -0.007080367513436624,
        -0.007994073671953211,
        -0.00896317353919401,
        -0.009987659650222828,
        -0.011067524541105121,
        -0.012202760748964323,
        -0.013393360811898207,
        -0.014639317269019927,
        -0.015940622660452392,
        -0.017297269527292557,
        -0.018709250411655002,
        -0.020176557856667904,
        -0.021699184406496395,
        -0.023277122606265955,
        -0.024910365002060952,
        -0.02659890414100098,
        -0.028342732571256427,
        -0.030141842842011074,
        -0.03199622750340067
    ],
    "dalpha": [
        -1.2709871739145567e-19,
        -1.301815179230058e-19,
        -1.3511957914105085e-19,
        -1.3950479617994948e-19,
        -0.05416742207656372,
        -0.10966515577954421,
        -0.16516117420399035,
        -0.22065547740291663,
        -0.2761425771774931,
        -0.3316222040060003,
        -0.3870943549818193,
        -0.4425590305064285,
        -0.49801623154788766,
        -0.5534659591145591,
        -0.6089082142104687,
        -0.6643429978524832,
        -0.7197703110444117,
        -0.7751901546922896,
        -0.8306025299386769,
        -0.8860074378021816,
        -0.9414048792309933,
        -0.9967948552506036,
        -1.052177366807032,
        -1.107552414957553,
        -1.1629200007608491,
        -1.2182801251069184,
        -1.2736327891365218,
        -1.328977993728408,
        -1.3843157399519224,
        -1.43964602877297,
        -1.4949688612528338,
        -1.5502842384041493,
        -1.6055921611349717,
        -1.6608926304550253,
        -1.7161856474250308,
        -1.7714712130858612,
        -1.8267493284234309,
        -1.882019994355766
    ],
    "n1": [
        0.0,
        0.0,
        12.0,
        12.0,
        12.0,
        12.0,
        12.0,
        12.0,
        12.0,
        12.0,
        12.0,
        12.0,
        12.0,
        12.0,
        12.0,
        12.0,
        12.0,
        12.0,
        12.0,
        12.0,
        12.0,
        12.0,
        12.0,
        12.0,
        12.0,
        12.0,
        12.0,
        12.0,
        12.0,
        12.0,
        12.0,
        12.0,
        12.0,
        12.0,
        12.0,
        12.0,
        0.0,
        0.0
    ],
    "n3": [
        0.0,
        0.0,
        11.711999999999996,
        12.000000000000005,
        12.000000000000005,
        12.000000000000005,
        11.99881333829235,
        11.997568352858206,
        11.99632268901976,
        11.995077062029473,
        11.99383159439543,
        11.992586294838254,
        11.99134116242713,
        11.990096199945171,
        11.988851404575817,
        11.987606755185352,
        11.986362302920742,
        11.98511802098906,
        11.98387389417127,
        11.982629939187877,
        11.981386138862348,
        11.980142517256404,
        11.978899074681626,
        11.977655774672293,
        11.976412671454002,
        11.975169708382541,
        11.97392692667414,
        11.972684303970404,
        11.971441860900137,
        11.97019958695205,
        11.968957459520707,
        11.967715500594842,
        11.966473721207615,
        11.965232117074724,
        11.963990676320035,
        11.962749384271408,
        0.24950827581079177,
        -0.03973263806325101
    ],
    "t_electronics": [
        0.001,
        0.002,
        0.003,
        0.004,
        0.005,
        0.006,
        0.007,
        0.008,
        0.009000000000000001,
        0.010000000000000002,
        0.011000000000000003,
        0.012000000000000004,
        0.013000000000000005,
        0.014000000000000005,
        0.015000000000000006,
        0.016000000000000007,
        0.017000000000000008,
        0.01800000000000001,
        0.01900000000000001,
        0.02000000000000001,
        0.02100000000000001,
        0.022000000000000013,
        0.023000000000000013,
        0.024000000000000014,
        0.025000000000000015,
        0.026000000000000016,
        0.027000000000000017,
        0.028000000000000018,
        0.02900000000000002,
        0.03000000000000002,
        0.03100000000000002,
        0.03200000000000002,
        0.03300000000000002,
        0.03400000000000002,
        0.035000000000000024,
        0.036000000000000025,
        0.037000000000000026,
        0.03800000000000003
    ],