{
    "T_magnetic": [],
    "T_motor": [
        -0.0,
        -0.0,
        -0.0,
        525775.1039999997,
        538704.0000000006,
        538704.0000000006,
        538704.0000000006,
        538650.7283827073,
        538594.8384966642,
        538538.9181552129,
        538482.9994686659,
        538427.0879354603,
        538371.1839481357,
        538315.2874637884,
        538259.3986079302,
        538203.5172528176,
        538147.6424551476,
        538091.7765012967,
        538035.9181995277,
        537980.0668569868,
        537924.2232289652,
        537868.3865447332,
        537812.5578856323,
        537756.7372594062,
        537700.923035385,
        537645.1176453723,
        537589.3185512695,
        537533.5275924361,
        537477.74377534,
        537421.9680166189,
        537366.1998587559,
        537310.4382698147,
        537254.6842542025
    ],
    "VmotorVAR": [
        0.0,
        0.0,
        -23.423999999999985,
        -24.000000000000025,
        -24.000000000000025,
        -24.000000000000025,
        -23.99762667658858,
        -23.995136705723255,
        -23.992645378027834,
        -23.99015412406067,
        -23.987663188784648,
        -23.985172589687945,
        -23.982682324859148,
        -23.980192399889965,
        -23.977702809089266,
        -23.975213510431594,
        -23.972724605778158,
        -23.970236042035445,
        -23.967747788335867,
        -23.965259878328663,
        -23.962772277676788,
        -23.960285034555476,
        -23.95779814930973,
        -23.955311549290965,
        -23.95282534283936,
        -23.95033941687915,
        -23.94785385335632,
        -23.945368608007666,
        -23.942883721670626,
        -23.94039917396222,
        -23.937914918908255,
        -23.93543100125646
    ],
    "alpha": [
        -0.0,
        -6.354935869587957e-23,
        -1.9218947635326208e-22,
        -3.248400248852904e-22,
        -4.6215221254579055e-22,
        -2.708371103828185e-05,
        -0.00010899999996633581,
        -0.0002464131649581031,
        -0.00043932149076155667,
        -0.000687720518051766,
        -0.0009916029086435296,
        -0.0013509611881374508,
        -0.0017657878808815747,
        -0.0022360755119087273,
        -0.0027618166072399517,
        -0.0033430036939024856,
        -0.003979629299933987,
        -0.0046716859543823866,
        -0.005419166187250688,
        -0.006222062529566119,
        -0.007080367513436489,
        -0.007994073671953076,
        -0.00896317353919381,
        -0.009987659650222455,
        -0.01106752454110457,
        -0.012202760748963579,
        -0.013393360811897147,
        -0.01463931726901841,
        -0.01594062266045047,
        -0.01729726952729037,
        -0.018709250411652643,
        -0.020176557856665295,
        -0.021699184406493457
    ],
    "dalpha": [
        -1.2709871739175915e-19,
        -1.3018151792300582e-19,
        -1.3511957914105083e-19,
        -1.3950479617994948e-19,
        -0.0541674220765637,
        -0.10966515577954421,
        -0.1651611742039904,
        -0.22065547740291666,
        -0.2761425771775021,
        -0.33162220400602516,
        -0.3870943549818171,
        -0.44255903050643036,
        -0.4980162315478752,
        -0.5534659591145732,
        -0.6089082142104942,
        -0.6643429978525078,
        -0.719770311044292,
        -0.7751901546923107,
        -0.8306025299385514,
        -0.8860074378021886,
        -0.9414048792309847,
        -0.9967948552504861,
        -1.0521773668068037,
        -1.1075524149574234,
        -1.1629200007605958,
        -1.218280125106541,
        -1.273632789135985,
        -1.3289779937281354,
        -1.3843157399516683,
        -1.4396460287728707,
        -1.4949688612524348,
        -1.5502842384038846
    ],
    "n1": [
        0.0,
        0.0,
        12.0,
        12.0,
        12.0,
        12.0,
        12.0,
        12.0,
        12.0,
        12.0,
        12.0,
        12.0,
        12.0,
        12.0,
        12.0,
        12.0,
        12.0,
        12.0,
        12.0,
        12.0,
        12.0,
        12.0,
        12.0,
        12.0,
        12.0,
        12.0,
        12.0,
        12.0,
        12.0,
        12.0,
        12.0,
        12.0
    ],
    "n3": [
        0.0,
        0.0,
        11.711999999999993,
        12.000000000000012,
        12.000000000000012,
        12.000000000000012,
        11.998813338294292,
        11.997568352861629,
        11.996322689013919,
        11.995077062030335,
        11.993831594392324,
        11.992586294843974,
        11.991341162429576,
        11.990096199944983,
        11.988851404544633,
        11.987606755215799,
        11.986362302889079,
        11.985118021017724,
        11.983873894167933,
        11.982629939164331,
        11.981386138838394,
        11.98014251727774,
        11.978899074654867,
        11.977655774645482,
        11.97641267141968,
        11.975169708439577,
        11.973926926678162,
        11.972684304003835,
        11.971441860835313,
        11.97019958698111,
        11.968957459454128,
        11.96771550062823
    ],
    "t_electronics": [
        0.001,
        0.002,
        0.003,
        0.004,
        0.005,
        0.006,
        0.007,
        0.008,
        0.009000000000000001,
        0.010000000000000002,
        0.011000000000000003,
        0.012000000000000004,
        0.013000000000000005,
        0.014000000000000005,
        0.015000000000000006,
        0.016000000000000007,
        0.017000000000000008,
        0.01800000000000001,
        0.01900000000000001,
        0.02000000000000001,
        0.02100000000000001,
        0.022000000000000013,
        0.023000000000000013,
        0.024000000000000014,
        0.025000000000000015,
        0.026000000000000016,
        0.027000000000000017,
        0.028000000000000018,
        0.02900000000000002,
        0.03000000000000002,
        0.03100000000000002,
        0.03200000000000002
    ],
    "t_mechanics": [
        0.0,
        0.001,
        0.002,
        0.003,
        0.004,
        0.005,
        0.006,
        0.007,
        0.008,
        0.009000000000000001,
        0.010000000000000002,
        0.011000000000000003,
        0.012000000000000004,
        0.013000000000000005,
        0.014000000000000005,
        0.015000000000000006,
        0.016000000000000007,
        0.017000000000000008,
        0.01800000000000001,
        0.01900000000000001,
        0.02000000000000001,
        0.02100000000000001,
        0.022000000000000013,
        0.023000000000000013,
        0.024000000000000014,
        0.025000000000000015,
        0.026000000000000016,
        0.027000000000000017,
        0.028000000000000018,
        0.02900000000000002,
        0.03000000000000002,
        0.03100000000000002,
        0.03200000000000002
    ]
}